32768
405
8004
5024
6326
7157
5717
8327
3368
2531
5498
8686
6665
2534
5360
2135
6979
7098
5576
5802
9433
4750
9902
1679
2835
5530
1698
8763
4588
6299
1467
2222
3679
2206
5205
9380
5939
180
9832
5927
1825
2191
285
8995
1674
543
6196
958
6311
1134
3055
1466
2
4634
1502
2313
7968
6803
6487
927
3265
6967
8761
6750
6478
2181
7586
4999
5727
4081
9958
2238
1117
1505
1334
7702
1093
1235
6190
1338
1062
5937
648
5801
3433
9890
8974
2562
5680
2733
2301
1329
2803
1036
5049
3712
627
3942
9735
862
7857
7452
6350
9924
9773
5580
2638
1190
996
5154
7849
6185
297
8918
4463
2857
5058
789
274
2975
9555
4143
2192
6891
1859
3355
3218
596
8581
4328
7519
8165
729
522
3969
7303
2346
3125
7314
1445
266
122
2328
7756
6482
8885
4377
6552
2033
8292
9727
1952
9807
3527
7723
269
9105
1496
6224
248
9044
7755
9722
3325
8747
8088
3710
1351
8471
4861
308
9524
1895
5805
7378
5847
6035
645
7948
3465
3636
4155
8900
475
3533
4227
4325
9255
4966
545
2659
8543
6009
5863
5727
6555
9853
7157
2764
2907
4275
5279
1774
5243
5244
6710
7795
7401
2685
5629
4876
5557
3322
2054
1573
81
4938
8739
8379
6583
5998
6914
845
1301
5189
5041
6732
1980
913
5024
1108
8721
7143
7798
2902
2092
4401
6840
5978
4468
4071
3476
3060
4402
5939
5264
9930
4939
4708
9940
1776
1904
6634
1650
6655
3468
5965
5515
635
134
7931
1910
1566
6289
4914
8608
6792
158
4349
3889
3821
3408
7828
9697
7215
1312
7727
6551
3143
9910
5898
1864
4080
5802
3314
770
3799
3287
8307
6923
5326
1682
665
2281
9358
2484
138
3276
6326
8043
5622
3336
8196
3762
9676
4900
8957
48
9099
1823
4753
5798
3199
4390
1155
6766
938
6458
3746
1803
3963
7800
3786
9999
3648
2059
9219
7710
3910
3453
8343
6806
4834
4002
8463
7396
8117
5998
2234
4083
3101
2409
2492
9369
2174
4906
9867
201
9613
4750
5045
3737
4968
4652
8731
8158
9533
3460
5401
2917
736
7844
1881
539
7089
6804
2514
2906
9286
6679
497
7221
1804
1047
5326
1561
7370
9637
5906
4103
5241
2538
8549
7997
8759
4816
6630
8712
4671
7539
251
9764
5631
8602
9161
7124
5917
8992
7084
9727
2618
3650
6516
7633
7620
198
3366
5560
2098
2722
2768
6884
8728
9699
3373
5679
4838
993
7920
6404
5723
7087
499
233
195
5270
1205
5148
2783
3607
7691
3432
5084
7173
6219
3407
7999
8465
9070
8351
163
9227
6036
7604
6948
6000
4855
4015
3754
2475
1814
323
9486
3518
3843
2718
7593
8454
4283
7918
9557
3000
8595
1579
6185
3606
7892
7113
4495
9976
604
593
549
571
7361
8318
1562
5398
8230
4627
1711
8807
1241
5057
9022
9202
3258
9855
5731
1688
4827
3850
3460
4009
6365
3491
519
5916
8000
1300
2476
691
9027
8217
5022
4976
6818
3169
4159
3236
3451
89
3022
807
6394
5003
7290
4804
5557
7111
878
6322
6678
1921
1215
2184
751
465
6967
7104
7045
4872
7850
3407
8772
4604
1416
6509
3536
4942
9256
2529
4530
8556
495
4884
1877
8497
8806
2664
4434
6452
1699
623
8411
6132
756
5009
9071
2181
5230
810
5391
3584
658
306
840
8204
2702
9699
2131
7155
672
8199
8718
6815
7630
8890
1803
6596
4559
2622
7296
693
1510
4017
1030
9540
9641
3000
7679
2530
229
479
9494
9808
9348
5659
411
3127
9684
82
4517
1388
8169
7375
1122
9472
4291
9650
1461
2373
896
7915
2131
4530
5800
4687
7063
2393
59
5507
4747
9328
926
3937
2137
846
7523
1787
8928
4046
8277
6181
4213
6150
5090
7483
4430
6298
4318
3148
715
40
4829
6755
9101
5906
2733
9798
8819
6413
339
6751
4639
4258
5707
9040
45
3994
7576
2221
7679
7982
6587
1935
3932
3532
9833
6752
676
4138
1289
8324
3565
7695
437
2703
5156
531
1815
1144
8341
8867
5467
1719
2220
8059
7102
1953
886
9453
3659
5232
1531
8325
4862
6689
4660
2760
6582
6500
4375
7409
8709
8704
2782
8099
3048
3517
3994
9848
7964
2975
7707
4292
7676
3383
7287
4780
6703
8732
3030
569
3140
9903
8248
6384
4898
4436
9329
614
676
9919
8196
1272
9496
4718
151
6959
7371
4868
9643
5557
9849
5035
7888
8473
6794
991
7146
6776
2747
8600
8794
9650
1665
8693
7392
6896
5501
7412
7069
5153
8213
899
9327
286
352
370
722
3987
2410
2245
2231
4431
6853
2491
5853
9510
4367
470
2060
4378
6591
671
3200
9615
6146
2168
2575
750
2002
1402
5809
9076
9707
7097
3980
5637
7645
9456
8298
1539
8640
132
7132
1825
9223
9063
9610
1822
5620
6845
2075
6102
9656
4745
1680
3176
5476
1946
2234
3007
3113
4012
7515
1883
8585
8898
3347
9081
156
464
2967
1533
8580
985
3490
3588
2920
6243
6893
5805
3108
2153
7482
7398
639
1092
8672
7917
5198
3286
4237
778
5162
4275
2779
7369
4770
7035
8956
7659
3969
7062
7440
248
2113
8540
6050
7297
785
4183
3288
2814
6056
5685
3656
3627
409
1221
7892
5412
7908
3672
3152
2371
7981
8872
9350
1796
5940
157
9595
7361
2546
7918
8361
5854
5747
6294
9685
7590
3667
4107
286
9268
9489
6905
47
8646
5292
7906
8477
6000
4335
7961
3132
6658
1912
2763
3580
3386
823
8265
3167
1859
3915
8898
5629
8198
8376
7037
2130
3388
9056
2020
9473
4877
8151
6234
1648
316
4308
195
6644
6048
9513
9414
4816
531
9896
3310
9476
1443
940
9194
9069
644
1060
3352
3739
8192
356
3319
2636
7410
5857
8948
2579
6876
8550
4219
2613
6080
7103
6400
671
221
8189
9746
6644
8341
3009
1373
2737
5754
4676
7930
5675
5849
7475
20
3920
2096
6447
8646
4574
4642
2073
9130
2364
4130
1328
6345
2182
1455
7066
3476
4
7732
8436
3730
3480
534
9533
837
9871
4723
886
6988
4442
4911
7288
9617
5817
7935
6114
461
1063
722
5429
357
1377
2611
9441
1782
9186
5220
7819
9003
1524
1903
7998
798
8364
7362
2908
1813
8843
4339
6687
246
5214
8118
9275
2473
9161
1616
7786
5151
7010
6643
7252
2196
7735
4980
1618
1945
6403
5610
1651
3756
448
2867
1832
6158
6816
5794
5603
1431
6896
44
9683
6209
9209
8924
4166
2310
4973
9299
6919
8832
5925
2477
4435
5169
8853
7892
3842
4617
7761
5237
9535
6654
680
4498
5151
7437
3915
4543
7617
8679
4992
3701
2798
1530
4604
1425
1116
2787
3342
5266
3176
4591
280
3154
7867
8649
5384
4214
4529
1050
6549
710
7186
1607
472
2570
979
5769
8387
6446
9889
4601
1699
2717
9717
4715
3538
7357
7009
5611
3521
9176
7647
5991
6716
1188
7390
3433
4357
933
1903
3332
4440
6505
654
3375
6867
8377
8474
3060
487
2947
9341
996
4663
235
9019
1271
4987
4052
1151
5805
9799
9026
8614
9251
9397
3171
391
8647
2236
964
4754
5470
3104
3045
4136
3274
4590
1879
1623
8311
4875
7128
4924
128
5298
8876
3235
2256
6361
8374
3325
6662
2852
1398
402
1349
448
7829
8433
4650
1520
5971
5876
9478
1617
4376
5156
526
9263
4758
1167
1021
2821
1350
5772
3083
8133
1942
3978
8752
6404
2588
6856
2821
6691
9928
9576
2164
2524
511
551
2628
5140
227
3393
6386
8160
1636
1142
5026
4641
6980
658
2489
5636
7513
7909
7255
8085
406
7017
7882
5194
1514
9502
5999
9674
5493
6186
8661
2565
7149
3383
2798
4714
5729
3752
8245
7671
6556
9521
9855
3152
7114
3966
6405
5302
8080
3487
7682
2338
4994
1786
5870
175
9694
6339
2838
3452
7514
9814
872
439
2529
9420
4267
5031
8201
4864
1231
7195
1427
9275
7788
1509
5559
7384
6206
7472
1337
1052
1733
1541
8742
2442
2849
7460
7698
141
5057
8524
1030
5379
5812
7887
1730
2257
6189
2298
3130
4401
3504
5944
4976
1258
9872
8036
8680
671
683
496
1861
4498
1830
7305
3595
5340
7512
1057
8868
8197
2517
1277
2454
9286
4895
1111
3819
2960
2806
1139
3353
6116
4658
8581
6998
7580
4496
3654
6119
8775
2701
9334
8076
8625
4302
2616
3080
9476
7440
9206
535
3506
3133
5431
9999
6893
593
2522
941
6130
8643
150
4808
6339
3759
3095
7833
1993
7622
1663
9710
1898
7790
9993
107
4561
2803
7087
9008
3002
5036
1355
34
1383
6118
5321
9274
2311
8793
5816
91
7302
44
5724
620
9788
3516
3721
9186
9200
5420
9223
9916
8954
7175
3913
8065
5230
9060
9147
3782
9290
9230
6933
9131
3817
4604
4169
7275
6629
4318
2411
5088
8988
8603
8181
6643
3743
9160
2212
322
5441
7330
6290
5941
9477
6265
7238
75
3763
3786
2849
1832
3162
7192
5542
8303
1819
701
170
1456
2896
7737
1823
535
707
4802
7150
5924
315
702
490
7009
3577
6136
2788
7088
3564
5761
1847
3802
3726
577
5156
8698
8726
1047
6843
7167
5380
4668
463
2459
2096
985
451
6871
7628
8375
5130
8656
7827
9080
3135
4617
272
9428
6191
7970
5650
5592
8650
9459
7055
2923
6911
9689
9160
7549
7247
3259
8657
2838
52
6402
6581
9895
2584
5665
2744
8524
2464
4218
4677
5690
633
5934
4083
6661
2802
5455
9844
9381
5348
9560
8603
4349
5420
2135
5212
2511
3460
4097
4670
3627
4070
2203
4917
4964
4321
5919
5670
6283
2322
4529
5766
2208
5470
7016
7309
736
3011
7568
3099
3768
9602
9158
7589
6767
8916
4351
4805
3863
6049
5045
372
6118
502
9747
7490
3207
5983
8099
6918
4952
9804
9190
1527
4890
6629
6624
7510
3652
5722
8899
6188
1174
6486
9681
2856
2754
2761
2125
4705
8810
391
6713
2509
3757
9217
5241
3475
8799
5384
5391
6177
4705
9343
6319
5605
4154
8071
1793
3564
1632
9346
2955
4196
211
4388
8702
8896
9480
8396
1057
3173
1847
4403
2150
9076
2987
947
9090
2549
4412
3286
5138
6106
8434
5333
8568
9427
3068
6602
9050
4016
8963
6985
6550
9653
685
6029
1593
3058
1943
6932
1873
5524
2576
7153
5212
1170
9754
8485
4009
9598
4566
1120
7583
1087
9351
6594
6920
3320
9543
4871
9119
7758
6493
6619
2342
4045
3589
5701
2543
5617
7779
4641
8919
4176
3823
3285
8382
7945
6049
1804
5333
1794
181
5441
891
300
5652
4416
7660
6626
9203
655
1754
9502
23
9336
7282
2659
2599
3912
6530
7578
4730
3615
6328
867
9342
6484
882
2302
7250
2893
9876
3573
1068
1471
7839
3257
7925
2786
4658
5612
9243
6785
8633
3697
244
5399
8033
5612
9326
8402
8356
5265
8635
5864
9797
3887
6222
3471
1010
8446
6931
1537
5058
7441
7017
9761
8567
1737
5196
9979
9419
2199
7666
8517
1951
6282
1469
3384
7346
158
3638
5496
4226
5817
1670
5153
7355
4327
8980
7446
7377
2405
3661
2489
7010
1540
6438
8434
1293
8011
1945
7233
6400
8831
2929
4259
7828
4142
9243
9508
3199
3886
3933
8401
180
2862
597
5965
4776
3431
438
1178
2319
2722
3998
4921
9568
8902
4836
6699
4835
3042
565
5034
2175
3314
7452
2659
9632
2679
2877
2913
1141
8567
6829
2794
2119
9563
72
581
3564
5997
4889
2788
1906
85
1491
3733
8442
5627
372
9393
8978
2119
9713
5221
3110
726
2549
2366
6645
1114
3290
6918
2425
1086
2212
9132
8813
8624
1004
6947
8835
9322
9788
1562
7683
21
7501
2527
8003
2270
9815
2683
7498
2344
9640
2244
1787
8860
1679
4787
2219
2740
4675
3414
4509
7200
8443
2895
4536
7324
2521
2711
7596
7780
1437
4393
6632
8557
5147
2450
7060
8419
4514
881
3474
8059
1786
2317
3158
1894
5816
7577
5604
4411
8051
4335
5330
20
8472
6493
6418
7
9105
9515
7779
7535
6736
8515
9174
745
8111
96
8266
5890
5398
7899
5496
954
7533
4925
4536
9368
6015
2255
1293
6446
4471
9697
7000
4313
6294
6173
5369
591
8506
4957
7241
9601
8027
6513
1488
5802
3201
3247
7891
5790
68
4609
6650
8323
6949
2550
8824
2061
3237
7314
5102
8769
6389
3964
9931
5927
8465
3240
9433
8460
6493
6703
5261
2618
6462
8694
1188
9718
4867
5775
263
2487
4035
7399
5260
6009
5894
2385
7404
926
5699
5008
7173
4066
2052
3213
827
6287
9191
4714
3774
2094
4000
1242
4567
9500
4409
6696
2805
7429
70
3866
4898
8797
8081
3693
3451
8035
4973
227
2051
9244
9738
2760
4526
22
3273
2763
3099
3613
6658
8223
7926
9098
2051
9507
867
9125
4681
5895
9925
7129
3218
838
1896
5807
2345
5202
4511
7437
9
4263
2646
6659
9518
5933
2173
1323
5264
9146
186
706
9545
5439
1252
7277
8387
3036
2977
8006
6546
2104
7810
9800
7853
4476
2669
6939
1306
9420
4532
8826
3970
287
3090
9118
2230
451
2566
9697
7182
1456
3717
7317
5390
9427
9549
5177
7228
7291
7464
2797
7659
6282
9193
801
6407
860
4911
4065
3875
6615
1856
4810
4611
5942
4386
8321
7397
4747
551
6972
8897
2629
5852
1964
214
7413
5671
831
4258
1025
1550
3281
4897
5036
9648
8869
2108
1416
4511
6090
422
1367
1985
8851
8577
4787
3499
5160
6017
1011
7607
6712
6626
7310
6210
4702
6525
8752
6027
6564
7387
1589
7471
7177
2416
4281
513
2865
4170
4725
2295
2830
6755
3322
5014
5264
921
378
8939
2146
9412
4029
6234
8403
4254
2353
9343
8112
7324
2164
3933
7757
7583
3596
411
8593
8072
6835
8813
3985
5256
9727
6822
1919
924
4215
8105
4765
7253
6208
5353
208
7640
8188
6809
2345
5235
728
9678
8323
8470
5010
4079
33
9977
8198
8495
2507
3886
7644
935
6443
8528
2035
5965
6985
3078
3783
4078
2067
5059
1870
1460
1845
9694
2816
3725
3167
7414
1395
5254
1045
3409
562
1206
6245
2563
4827
7159
5316
5041
3116
6982
4015
7543
6140
2483
9951
12
5052
5131
7715
9286
3528
9986
9394
7815
8460
417
8273
6351
326
5920
6490
4974
7337
4554
1116
5769
5704
9742
1377
8733
725
5086
5815
6297
1383
7562
3130
9798
214
8012
1801
8166
8077
7893
6922
4352
7250
7551
6643
3813
3494
8806
3401
95
2230
3442
7454
793
2479
2614
1437
5577
4942
4968
4502
66
4681
8986
2406
8273
4445
5246
7196
6873
191
8955
318
8916
1618
7250
6074
4626
1512
35
8101
494
9834
5750
8721
6995
6543
6826
5860
6518
4548
7518
3927
9964
9589
5563
6879
9720
6589
8776
2461
7442
3714
1649
6038
2259
5796
3155
4002
3180
5898
6153
8552
4785
3222
2305
9675
3773
8776
4195
1817
5777
904
7737
7222
434
328
8018
6052
1429
8666
940
8374
3562
59
3903
7921
5625
5791
7220
4945
8919
3070
61
2278
4195
9256
9610
6578
9294
6040
4577
2276
263
7843
1237
4216
2698
1693
8154
4315
6441
6942
9984
3387
4833
3242
1174
3895
940
1265
4267
8867
8943
2543
9281
8743
6901
4380
2042
8346
2782
6077
2396
150
4376
2296
559
9316
5676
3627
75
7881
1107
8610
5950
6115
9699
3548
4739
125
5740
6000
2684
2235
4940
2059
3044
6987
4947
935
5500
692
3419
8978
164
6060
514
5744
6912
4878
7686
5698
6416
42
7996
2797
4364
8188
5138
4616
1918
477
9240
8065
8705
8786
357
3415
2152
863
2888
7169
6820
2906
6633
839
1855
174
7024
707
5756
7621
5212
5817
5287
4352
1794
2252
8201
3914
4722
9534
8399
3657
1559
3996
1941
3617
2125
9696
9525
8448
4900
9634
6879
6117
1863
4279
6981
9569
9852
960
6255
2912
3198
51
7075
2643
4949
2719
5016
1395
5139
9314
1934
6768
3999
6765
690
4920
8541
7272
2131
3731
185
8573
8795
32
483
6569
9948
9241
4699
3910
7748
3049
9984
5723
7714
1787
6907
5642
3348
9552
6779
9912
4578
7543
5074
7500
7751
5765
603
5225
5361
2945
8639
6746
3237
1987
9138
8726
9135
3385
4580
6506
782
75
1415
1998
8234
8161
1340
4356
1892
5624
1479
9081
9868
5950
8767
5256
8243
7789
6220
1192
9475
133
2114
4998
4210
8567
7129
3031
9185
185
9875
6825
8236
7106
6386
6917
6876
4358
9853
4171
3143
6908
4156
7720
4412
8547
2549
8387
2408
5515
4820
9279
8677
8604
1304
5158
8843
6371
5987
2779
6440
2330
3614
2035
9045
6580
7446
4193
664
1938
8885
3538
2919
5037
5034
341
1330
8611
5977
7069
7869
9077
7013
8735
4772
5596
3447
4533
2043
4603
130
5428
5999
6580
5451
2316
1509
7582
2122
8144
663
1151
4576
8328
6817
5452
4503
6917
1126
3687
8289
4256
6776
8640
1724
5483
5196
9394
3260
3048
309
2686
1248
7829
1044
7684
9895
2107
3998
3850
3171
720
1579
8957
9241
6454
6179
8870
955
7300
9656
6882
8711
6573
2071
297
9592
771
4309
8865
7457
2296
5901
4114
5510
949
2483
3985
9849
3968
9246
3306
9524
4254
8859
9907
4993
1779
4747
9832
4619
2739
9826
167
9564
9449
5374
1526
5141
2788
8528
9991
6126
6523
722
2136
2600
5113
6715
5185
5536
5315
5446
6305
7500
7503
2800
3436
7146
7787
1457
604
8855
9737
7909
6155
9089
1346
6628
1490
5873
3478
3382
4345
5237
9756
4856
9318
331
7854
4168
8646
6037
8105
7583
4072
6644
9762
2629
9518
5637
4104
3855
710
2152
4666
11
9324
5687
7987
3347
8952
8603
7463
9775
2840
9823
425
7089
8230
9643
315
8413
9207
4453
6309
2048
6947
5759
3369
1576
9574
9784
7792
3194
8897
8688
6050
9316
6775
2054
6719
6536
4415
7133
3910
5553
3943
6138
234
8895
8902
1237
3271
2975
3606
2553
9882
4435
1506
3357
3907
4391
5646
3205
2489
3402
6087
1682
5754
1771
2072
8605
3946
562
4121
3048
1105
8968
7298
691
3349
8447
6782
9135
6059
6723
1770
7425
4239
6432
3420
3348
8735
4906
3426
6620
6358
8456
3541
7776
8859
712
4274
8712
7409
6699
8911
2069
6571
7073
5900
8471
1922
4018
4208
7163
7280
6606
3630
3328
5648
3224
6610
7606
7041
9631
8475
7413
2421
2280
4510
5297
1289
4356
1831
816
1602
6714
1460
7640
2055
9881
1248
9741
8307
5623
9922
2515
5381
2556
4082
377
8498
5587
8859
1419
3584
4835
3158
6172
5703
2623
6441
2339
5815
9941
9725
6215
5146
522
7461
2995
6941
1476
8779
9398
6071
7787
4290
8866
2700
9446
260
555
8345
7229
8866
4743
8582
579
4677
260
4955
6875
3608
9787
6972
9859
8678
5427
7291
3247
4960
9481
3281
4367
3328
2152
5265
7118
6234
1079
1435
680
1932
8837
8928
6056
2977
1125
8025
1570
4203
2668
4531
7225
6060
6180
7264
6781
409
5206
2970
4642
3408
9731
3031
6323
1564
2119
4675
4123
7802
879
37
5235
8484
5741
3570
636
1809
8057
1092
4163
5231
7165
8748
4567
2335
5366
5147
3984
4260
6521
7074
9192
8777
5296
5365
3532
82
2643
7160
2710
3988
2868
3038
94
3879
6740
3857
82
6949
2414
7934
7985
5617
8870
6883
8007
7266
4972
6065
8936
4067
1130
9236
2417
4429
183
5842
5917
4071
342
5774
3638
2005
614
17
1317
8346
7827
417
2846
6113
8711
7033
673
1498
2844
3478
3259
98
6861
94
7153
5864
6245
3947
745
6768
8837
271
7507
3261
4536
8024
8508
3685
6700
2543
7380
6587
4662
9726
8433
2376
2524
9089
511
8508
1077
2944
8950
9092
1701
1757
2486
6897
1734
4215
4648
1389
9561
384
8133
2035
9204
1811
6638
1621
3346
6153
7986
3008
7854
1598
3923
879
5075
8533
3576
9863
4083
7846
6479
5446
9094
7738
1074
4345
4475
7034
9070
6094
3134
1100
8908
5244
4910
5288
5771
6643
7649
863
1255
9651
1023
1442
1743
4849
1528
5510
7614
3353
1801
1605
8253
2354
7746
3930
9885
8247
3364
6011
143
480
3016
4300
6467
9898
5996
1652
3058
4794
9249
2364
6198
7945
8274
9653
5089
4302
9512
8052
7239
7588
9380
2208
511
2454
5302
747
4630
55
8018
5023
1980
4835
7225
1228
3827
9723
9870
2838
4214
1834
8472
2305
9075
8500
2810
2254
3480
6350
6967
2640
8322
7490
788
9064
7741
9891
3589
740
5235
7413
1610
9161
8532
447
2420
7395
9653
3160
8368
586
2711
9045
2331
7592
2187
155
6169
7518
7306
7276
3455
6742
1332
9537
9704
984
6398
7895
2100
5677
8677
2682
7638
5439
7047
1362
9441
6039
946
6191
5628
8358
8309
9940
912
2400
2085
3437
2376
8763
2230
3177
3722
3384
9829
3090
1035
8566
6654
5771
3446
1451
5826
8648
1700
8806
3085
5664
5328
908
3558
1035
8202
1772
7448
9445
8863
367
8745
31
8668
3537
7058
5312
6363
8633
6241
3782
5628
3418
9554
7092
5204
8199
91
2740
6428
983
743
9416
8403
5081
260
3375
3604
3257
7185
6378
9697
5291
5112
5392
5568
5555
3460
1597
7336
1569
3495
6207
8717
524
8944
7072
7476
9513
7725
9998
9680
1261
6961
7752
5398
761
6003
4822
8727
1752
5356
5197
7867
4620
7364
3013
579
6627
4877
542
2572
3970
1090
1479
7183
5131
9738
450
3039
9193
1818
5136
1239
6730
4866
8939
4301
440
9793
1141
9664
2802
5031
12
8340
3157
7469
2501
1685
6329
3301
8907
8817
6445
5148
362
1763
8198
7675
5098
9318
5112
8699
6350
5462
7360
9063
3999
3573
3870
3466
4263
8493
1176
9285
4709
6745
6546
2323
4694
2040
543
6789
505
7029
4578
5170
6619
718
7305
2099
8977
9619
5843
8686
141
2578
2422
9522
5229
5149
4412
296
5273
1691
1412
5963
9464
1728
9995
9729
6871
842
2581
5048
6465
2597
7876
441
7628
5362
6226
3892
5833
2274
1519
7880
5268
720
8049
2646
4302
1822
5137
1793
1710
483
3954
984
9902
824
1068
2947
4263
34
500
8336
2207
4547
4987
8300
8916
2814
485
3550
8382
3858
795
346
7107
3139
7960
4019
5841
9463
8530
6842
6945
1380
3916
8466
8072
6113
7336
5831
6924
3124
6194
5698
4764
8807
2756
8810
1479
9184
9850
3874
4054
597
7590
5167
8180
3194
7742
4760
2498
3554
6677
4883
7564
9834
4785
2771
9240
5869
6320
4661
8055
3684
9002
9249
8901
530
771
6655
6675
6513
3698
7943
3081
8751
6663
9883
1733
3499
7376
2720
5453
4813
6377
8805
4908
7397
4714
2957
7861
8707
1152
1974
6934
3698
7512
7453
6040
6062
7745
8078
3656
8145
8930
2897
8187
1645
9938
5900
1875
5995
4049
9999
1991
3374
1930
517
6233
1724
7148
875
3044
586
4923
5149
425
2929
6990
7168
114
7224
9695
3608
1206
5194
778
7977
5888
1638
9023
3018
6074
2822
1414
6489
6331
7169
7107
8215
29
71
8292
7937
5849
4242
4681
7064
9681
9220
4337
9944
8474
9191
5981
9465
1104
5033
7137
6916
2289
5247
8607
6341
5716
916
8105
824
4584
6043
7035
3348
933
7590
8793
3153
1663
1719
5297
697
1552
889
386
6759
3793
3733
5634
2763
3296
7402
2378
8629
603
8391
4504
8389
8638
8018
1714
3489
6181
3561
4915
6110
6990
9613
7953
2596
6687
5817
7170
4166
6930
5798
5938
4485
7804
7326
959
357
4358
3528
8236
2712
3767
4503
1761
2730
2507
1389
2652
6179
3423
6422
7866
8451
1154
8929
9435
8546
6890
9077
2587
7444
7205
8724
2271
4886
9526
148
1498
5488
1161
8293
573
4143
4197
4252
4136
371
2003
6952
7467
1439
412
7613
6590
7345
8229
8903
6305
4789
2359
5975
6996
3214
3585
2161
1491
4445
1592
2920
4180
4621
6555
4320
5578
129
8128
9711
5140
4376
9074
1678
9492
5391
4340
7976
1385
1731
4804
9665
30
5126
137
7611
7300
3940
7012
3104
2492
1543
2114
4038
7795
6675
8817
858
9812
387
2254
8532
7725
7796
7329
4908
252
6161
3311
4980
8273
3062
1913
5549
2335
2699
2909
8709
4136
4427
1098
3226
8537
5037
9057
7896
8425
5934
560
3860
5809
1769
4575
2296
2779
9643
1947
573
1227
2485
9003
1641
5416
5114
2019
7581
1276
2262
8870
4995
696
5229
8528
5898
7294
9029
5890
3078
3111
3489
8178
9752
9630
2795
2738
4007
2531
8590
7996
7714
637
7465
1151
9866
3612
7143
8421
1146
2824
1736
9080
3193
8985
7441
8886
5435
6099
9192
3672
5795
7895
431
3232
6066
9625
5507
7325
3957
1723
2042
3002
6129
8221
8945
6608
4337
6368
3595
8707
1718
1164
300
4704
7137
6803
2597
1150
9077
9896
6927
1291
8218
5273
6768
2596
708
2011
8703
5078
8902
6757
347
8180
6612
5245
642
7453
6174
4949
148
4291
8921
6664
6891
5711
9694
8978
8177
6035
9072
4938
1601
2246
3979
5277
175
1390
1666
4546
2443
8234
964
8750
360
5091
9370
8510
395
5761
8933
5161
4205
5768
154
334
5147
5678
393
5031
2835
4389
6251
1350
3935
5211
8506
7423
7673
7323
4447
9173
5039
7528
4690
1523
5530
9604
5832
3067
4193
4199
4958
5198
1216
5001
3059
3648
5573
3455
7878
9056
3092
5660
9893
5127
7590
7021
3645
1282
2851
542
1371
9642
5866
9165
5235
4997
3248
783
1931
9950
6563
1498
9398
1158
5380
8518
5376
4819
9662
2048
9741
379
9389
2292
898
2438
6355
7077
4831
6005
5060
2060
4041
4101
9744
6524
5185
5535
2357
4770
8329
5919
1162
7194
358
9541
2916
2518
2168
4691
1195
2811
9864
5475
9622
7263
3635
357
4402
1456
8608
916
3723
6367
4680
8330
6026
823
1629
8042
4854
9596
2915
8376
8723
4921
8675
3414
3790
5339
8912
7801
5525
89
1160
6191
6874
5332
2224
5808
3765
4443
3476
716
5271
1543
1316
2444
4151
4951
6116
4195
9829
6327
8780
9032
8141
4484
2531
4580
353
6997
1960
5804
640
5718
1539
9117
4387
9191
6670
6072
9335
7192
6477
9793
2162
3394
3653
9320
0
9829
389
7992
1572
5691
6462
5951
7175
126
7418
624
8079
4566
1617
6370
744
8757
2077
6283
8176
1035
5137
3962
8091
7247
1201
7745
2771
3239
7258
9474
5852
3680
1123
4713
1965
5421
5425
5970
9070
2064
571
167
3603
5568
9552
5685
4316
5857
1026
1762
4277
4350
3541
4324
1866
4177
8895
953
8160
6325
3084
2367
701
8922
7116
9720
2866
3684
9476
8067
5484
4715
8335
4565
965
366
8716
5776
5012
954
606
7291
1837
6319
8743
8803
3715
1715
4030
3247
2133
5717
6016
1127
4730
6918
4996
8088
2625
6023
3023
6776
3857
7856
3413
958
7243
6080
8452
1825
3542
8709
2620
7360
2225
600
5807
2379
349
8418
816
7654
8609
6494
7747
8129
7896
7091
7573
2492
8462
8306
9418
9485
3394
5441
3419
882
8444
8218
723
3308
9244
1159
4653
5544
2199
868
2934
5519
8319
1560
6194
2389
583
2717
2509
2379
6505
8950
3755
813
1306
8472
6494
5930
7375
7903
7670
8527
4650
6791
4833
4251
5705
2981
1924
9226
2381
5430
2847
3457
3306
5973
8961
2846
8136
7128
4607
3251
2509
2602
8391
6138
2432
4110
4640
962
7332
1524
4598
895
7684
5416
3016
9810
8263
8667
496
2486
2493
894
7115
362
4106
4862
1928
2952
279
2139
957
1380
6822
2264
9017
6254
1842
47
7215
1140
6810
9329
1529
5096
1254
9274
7029
4373
2832
1693
666
3598
6035
1388
7347
4957
3418
7054
5538
2196
6954
1715
7242
6715
4772
1703
5664
2608
6173
980
5049
4209
2292
9577
435
4349
3627
5070
7632
291
9302
3527
8475
9145
4333
7398
7450
1597
4994
9478
2636
2286
6417
3420
8713
9218
685
9465
4121
834
6224
1527
8332
1040
813
202
9696
795
5271
5983
9990
2670
4236
4414
7108
5911
2145
5381
369
6488
9643
5508
2541
8648
4463
1051
4108
2661
865
1052
206
9773
6658
3827
2529
9668
6602
4845
5438
9237
6060
3308
9026
9373
5184
5128
4234
3401
5034
8297
155
5739
3672
4673
9453
8333
7690
2273
5996
7619
2881
5022
1825
5528
2402
3911
5393
7171
8621
3980
1654
4943
468
3789
5446
6917
4976
9187
924
2138
6308
7980
1423
5323
2542
8293
2167
231
6150
4295
5363
7707
2431
1732
4287
9865
9554
750
8145
2583
5203
1171
9782
8566
8404
1724
3694
6946
1563
4517
3489
896
8049
6857
8224
3844
4981
1086
4073
3623
8219
6367
2530
2532
316
6969
7131
4387
4780
2850
8154
8338
5360
146
2732
505
3676
8180
7767
1078
3201
1359
9584
962
4113
2551
4145
7629
2407
2678
1503
1547
6629
6451
7839
9385
2897
8535
7774
295
806
8099
2544
6487
293
4004
6545
7018
4060
8565
9511
32
5983
8420
5132
1
4496
5997
9755
371
5086
9295
6090
6251
7989
4334
8835
5856
8530
6331
6206
353
4293
734
5365
3283
4057
1453
4877
3974
9762
1464
8872
4044
2475
1905
5844
3079
688
6953
157
1518
3612
2337
4542
3376
193
9695
7163
5459
7093
2313
4556
8557
5206
7123
5094
6747
1552
8244
9748
4472
7347
7366
3032
4908
414
4714
3274
2964
453
288
6232
6105
7517
8222
6334
7073
6671
564
4852
8177
9374
6676
6979
4887
1284
9292
1873
2098
5486
7412
6411
6457
792
5776
5063
1073
8537
4027
5418
5327
2137
1627
1824
3413
6231
1068
9269
725
4479
5003
4678
202
6478
6400
6800
2860
9500
4059
6665
6154
1241
3059
9731
5510
5862
1534
7279
753
8922
5836
7629
151
8924
4354
1326
5877
352
5198
8852
4849
3615
4349
4223
5221
8278
4961
8346
1634
9844
8988
3020
7108
4397
1351
7695
3060
6179
3976
2028
5309
7034
7520
370
9109
182
5403
2582
6069
3374
8872
9053
1797
4087
7176
3351
4200
8125
9084
5491
3735
6899
860
6213
9917
1410
4288
3265
9485
9991
6592
7383
2741
4110
4933
7424
284
619
6597
1857
103
2094
1579
875
4681
314
5795
557
8793
2026
9164
1570
4505
3995
2876
7397
8855
3006
7375
3314
188
7375
4961
1115
8169
2039
7097
9119
6879
9078
5747
5850
3502
2951
9452
3461
5658
5769
1322
6269
774
5298
7008
3011
2543
6248
2818
9842
5328
372
5300
8106
5889
314
4655
1781
332
6911
2821
4751
3984
6117
2693
7449
3546
8984
462
2144
397
9327
8316
3145
4779
4791
9515
7995
5740
1567
5008
2986
5594
2534
8190
4213
5136
9724
8808
5651
7724
7741
4877
6808
8545
2661
9068
6014
1882
4477
5394
9113
2581
9667
1286
9349
4679
9862
6601
1546
6014
5986
6595
7400
2609
3044
3409
1426
6438
5143
3034
5058
7733
8395
5112
2670
6534
6588
8515
2021
1819
8546
4034
9632
7464
5891
9511
9090
7987
4367
4303
3526
472
7362
338
9243
5436
764
6891
5586
8057
5722
6985
921
8981
8379
1788
6925
732
9464
1033
5674
79
2230
1472
174
6155
8155
9370
5082
4432
4368
7038
1619
8049
510
9545
5258
2162
8273
894
4382
3024
8956
220
7116
4279
3037
7358
6609
4677
5958
4670
8108
6056
2390
9188
2389
5298
6739
9487
1432
5367
9034
1207
4383
595
9703
8083
7902
3964
336
9451
794
5502
6979
3917
7649
546
3187
6406
5417
1674
6
7134
6657
5019
9175
651
2328
3831
1930
9259
3801
10
1414
8130
715
9653
9683
3475
6227
5006
6820
2921
2230
4961
5648
7455
8757
3228
1517
6760
2360
3299
3931
3212
448
618
4020
3690
5408
5918
911
9692
7663
1992
6216
7306
7902
8308
779
1499
5570
1875
7536
6994
3526
7661
7415
6829
4079
3974
689
9476
5777
5026
3421
8333
5769
1966
9500
1093
6421
1872
7016
5431
6014
4520
6909
266
8315
7284
9732
3022
1282
7223
136
9978
8719
1154
8234
1467
9442
1270
1082
2490
617
758
9272
3446
9120
9148
4896
2341
8649
1355
4259
2221
66
6277
298
8206
7923
5828
1479
6647
786
7559
5377
6633
4653
4722
2626
5470
7239
9647
8304
6340
5398
1514
9423
4657
2980
8383
7313
9578
6673
4967
419
6441
7282
3280
7994
5777
1176
5306
1236
2959
6238
1178
9463
34
8919
8522
5438
6534
7513
485
6855
1408
2910
8073
7423
8334
7022
2408
5909
9842
1223
949
5462
4864
7036
3979
2221
4267
234
4170
9212
4021
8494
2211
9487
4130
4765
1764
4706
6420
8797
6322
7212
2236
5476
6685
168
9121
673
9181
3967
6699
3099
3660
4680
702
9375
4918
4884
5551
9618
2613
4107
6847
2783
1815
2500
1349
2205
6010
4195
4499
7491
6462
5849
6807
530
8286
2336
9098
2975
8094
6886
5897
4483
5445
6053
7678
772
9003
3399
6660
2732
3996
9490
8794
2827
6740
6183
213
6079
4153
6328
2466
6900
9600
9337
9629
9220
3745
7780
9948
3476
5274
5802
4116
6594
1410
2194
7403
9243
6182
1350
1023
8002
5718
4485
8317
6452
4353
7516
1888
2450
9912
1209
6367
2358
6166
7651
7172
5144
3267
3998
9185
3502
197
3295
9467
5744
8349
7737
6413
1060
2875
4803
2599
5250
9463
3531
9566
3838
2800
9377
2426
7261
2839
5468
9312
7998
3256
1293
1548
7017
3658
9613
8382
3850
3259
2198
7873
8166
9466
2943
9616
2920
5947
483
2755
9929
2140
1682
217
201
5122
5901
6797
2442
2168
2804
647
821
5553
8257
8628
9296
5511
2920
8950
7951
4827
5775
2947
2359
3810
8952
4512
1657
7749
1277
3366
4283
6251
840
1816
223
4201
5426
4443
9674
2240
8888
2634
142
3556
8587
5206
6310
311
350
2067
1056
3477
1524
4017
5199
5765
4481
9443
6765
9514
8770
8122
2669
944
2940
2347
142
2303
2510
620
3905
3436
2929
9038
4345
2852
6415
9454
8786
3513
7635
475
6620
1649
94
9142
7249
6964
1328
6532
5758
1079
9963
249
4742
8383
405
4602
6412
3350
1070
9390
1867
2953
3670
3783
3453
5008
6231
9102
8423
6375
2705
1654
4468
6787
3100
2061
2230
9361
7753
8727
4366
21
1046
3762
9208
700
4852
2546
2407
3935
2056
9171
3822
1744
9604
4289
3789
5832
3851
3208
6959
752
6833
769
6559
4549
3186
2633
6843
1121
8007
2379
4185
8664
1015
791
8022
3930
8678
7378
878
6799
7169
2307
5297
5450
7007
9022
1390
99
3842
9157
2283
2808
898
9777
6901
663
7341
6762
729
1790
9395
3114
9630
6820
9555
5675
1016
8315
2838
6168
1416
930
7205
8745
8353
1332
4195
8762
5196
1921
2284
5067
3440
4313
5850
8986
4546
4945
5977
3560
9455
2479
4382
1637
8122
839
4575
9362
9994
7083
7256
5877
6342
732
8996
875
7222
9806
4791
4461
8378
3111
4914
9647
4356
8310
465
1218
8795
6703
8517
2887
3909
9191
8720
1394
6200
4935
1085
7764
9840
7977
1289
8014
3886
4042
5475
5843
9199
9684
7554
1495
1539
7048
2836
5317
9927
3002
3513
2270
5034
5846
679
4335
2764
4326
6063
1866
7043
6991
8310
3716
5364
9637
2337
9112
2496
7826
8718
399
8977
1285
9477
540
3325
5665
1709
2023
7744
2097
9214
9322
3744
1760
6743
6542
4883
3550
6295
663
9081
2786
3674
8349
9227
9707
861
1552
3633
4208
9351
1751
7959
6608
8454
2209
6743
7295
4599
6652
5675
7626
9485
6355
7755
7669
4237
9679
902
2868
7928
8118
6686
3168
3249
8645
2747
5750
7688
9497
1398
9156
6527
9080
808
3657
5864
6511
3564
737
1054
7097
3829
5613
6425
8448
6917
3077
7219
1878
6825
5979
9700
2038
5520
1914
9447
7082
9826
3311
5674
8227
9261
6141
1316
5501
8804
3528
1691
5041
6502
7977
4740
8368
8020
2002
1725
1205
4902
3598
5028
9035
3325
2118
9419
9493
4162
5964
1741
7146
6803
6225
6149
8807
608
9899
591
1533
9591
9774
6384
1356
149
2312
5672
1111
3738
8631
7800
7063
6413
6168
7263
6594
3930
9003
9580
5856
4162
9543
263
8973
8955
2329
7106
2515
3220
3794
1211
2288
165
3432
9766
3278
8523
4942
5609
7525
5442
414
7969
8870
6886
8031
2981
3346
1774
8060
1175
4629
3609
8749
9017
8750
5433
3150
4573
4005
8552
1547
1065
1108
8741
6540
7462
1786
175
1812
8285
962
1834
2661
4827
1313
9462
6166
2812
9026
719
9245
414
1817
2776
9534
6971
1125
2959
2127
4394
4083
7896
2962
9071
7917
6058
4740
6743
9627
4343
3805
9999
7601
5832
7249
4670
3365
1067
413
6565
8736
3878
9741
7976
4026
7152
575
6603
9364
6861
8714
3883
5089
2597
918
8537
7409
5168
6938
7005
2619
4432
5635
180
9416
3773
555
9391
829
2503
9284
6978
8975
1469
6764
3974
7695
4425
1845
1666
1196
6622
9005
237
5030
7968
2200
3840
7657
4947
1950
9956
7810
8800
7211
6826
8881
5466
4023
5902
8590
1898
3233
7553
2496
4679
1336
537
7246
7631
4123
518
5838
3658
5702
1295
7166
5092
9592
768
6958
1042
8728
7307
7393
2164
9724
257
5026
4967
2862
1214
3099
9325
4499
3471
3611
963
7264
37
5011
1975
756
1169
1116
7351
1039
5570
1898
7566
4652
2459
9406
895
9057
8819
6852
9306
2202
4923
6069
689
6440
7521
3020
9254
8324
6432
9687
2963
1674
7633
7605
8129
1224
9588
2992
3637
8681
3636
578
2021
5782
4690
354
1161
614
2536
1463
7161
8760
1040
8065
1121
1645
3505
9072
2461
9299
6665
3229
4218
5219
6182
934
4278
9786
8315
3359
6580
6174
5530
869
6304
7934
3581
8714
8302
8045
9806
3334
8268
9600
7743
6966
1376
4792
2800
2719
5068
9535
1480
8472
9324
6021
5379
9104
8772
4199
802
5514
1137
1521
8831
2299
380
4009
7550
3677
2848
2685
8799
1110
5409
3939
4820
6930
159
5379
6309
4018
9058
2796
6598
8038
1511
3578
2468
6045
8428
1471
614
2217
6735
8225
2341
795
6979
3372
9586
2280
3327
1779
9345
3784
6510
1602
5152
8080
2281
5524
5718
9888
5341
7271
4857
7401
134
6876
5146
7235
9891
5920
9258
3424
8628
9435
7457
5928
8188
2285
7210
9556
1966
2219
5351
7787
3249
7081
1478
9895
6713
8094
3375
3948
3898
5820
9084
1140
6581
8978
860
3213
5895
8475
9278
6307
4566
7115
9819
6439
1545
4719
9141
5725
290
7023
3681
495
3765
4237
8349
8975
9618
4444
6407
2805
3299
1321
5134
6284
4142
7528
632
9133
64
9519
2810
8808
9803
5360
3294
8944
911
148
1546
494
8996
4235
5799
6853
3923
6325
922
8941
4992
2029
9550
8242
8254
3191
8377
3197
2891
5303
2192
3899
1075
7344
2111
7601
6861
308
2963
6044
8714
1577
2105
8957
4603
8722
6473
7825
6281
8850
3270
4939
6593
3201
5308
4388
8414
8827
2999
5905
4429
2555
5700
7719
640
1140
2675
8576
2710
5882
6467
7242
4407
431
6493
8320
8780
3
4109
4551
8466
6648
949
1159
5920
7639
3692
42
5348
8170
4459
842
3419
849
7601
4017
4607
426
4130
5018
969
3458
3368
7772
427
6725
3767
6836
7164
5330
570
1007
6698
2108
3782
6426
2331
3887
9091
4763
560
9748
7806
7902
8929
6026
5916
5355
2276
4418
4132
5461
768
7927
3607
1080
6980
8454
5730
3014
5278
8362
1864
508
746
7616
5299
4013
2148
5172
2455
5385
9431
5544
1624
2934
3778
7462
1339
930
603
7638
2682
8582
1793
9169
6793
7265
3470
9914
3692
117
306
4490
3408
9065
1340
2839
6012
3724
1678
7606
5135
2894
8783
2355
1146
6176
5617
3445
4190
6681
728
4001
8505
3551
5601
7051
2795
9405
927
85
9547
5375
6896
575
616
7860
4469
3377
6189
9121
7833
6808
1161
1927
862
6826
3514
9903
514
3350
1711
8114
4064
7335
5887
8303
3522
4169
1988
9163
6992
8670
8731
3674
473
7526
5971
6586
1412
4830
4151
7822
520
3659
2784
5528
3207
4024
7352
5838
4463
1747
5654
4222
5019
9366
935
2986
6464
8314
9714
7228
8853
6766
3346
9409
6041
461
5637
269
8379
6024
9775
9743
1804
8576
7107
3998
8860
260
7074
2967
3534
4741
1604
1138
5797
3301
8922
1174
7225
5816
3364
5082
8980
8112
6461
8545
2808
946
9983
8000
2534
2363
1459
5608
8699
6868
1196
1166
7311
7108
3990
8266
9
329
1740
5231
9950
2791
8990
657
7540
1033
8271
6549
5592
8810
4030
4455
9364
1236
9797
901
5221
4532
2823
662
3266
3547
721
7597
1930
9843
7445
1831
8899
5009
2590
4773
8195
5612
176
7377
9381
1283
5649
4596
249
5274
5988
79
6223
1436
8854
9323
7546
5330
9063
3792
3855
1488
2443
429
8810
1504
6350
6729
5361
8814
2882
5682
4249
8140
1417
6688
6242
225
1746
9886
3232
7606
8139
8964
179
7087
6181
3532
6703
48
5000
9938
5918
6096
2166
1781
426
5038
668
4692
5569
6835
3973
8039
6463
4253
540
8503
2955
1380
6995
3049
6737
8998
7186
7115
380
1286
7522
9187
7778
311
4051
9664
9973
5101
1961
4606
711
3424
3913
991
5594
1610
6799
6178
5599
2084
6320
6768
5582
3309
7424
7448
4835
419
3389
4916
8488
7794
3217
2577
5695
5190
9716
7916
8678
2684
7498
1323
1352
1131
3887
2728
718
3207
1581
4232
6552
6484
6525
4160
9854
9642
804
441
7843
4562
4457
8959
3642
2506
3573
9664
9110
9202
7819
1302
404
372
6561
4382
7853
1800
3390
1061
6315
8447
3773
6265
417
3230
4587
5908
9478
2949
9150
232
3559
6886
3293
2885
7599
5556
4446
5630
6271
2584
7095
8820
6924
7789
7557
439
6618
2892
6338
8378
4540
531
6758
5421
4096
6792
1039
9980
8835
9887
2318
8614
8515
6100
2786
7468
2681
3084
5988
5752
1700
6062
9249
7660
1987
8756
8023
9636
9105
5985
4563
5486
4483
7692
3762
8922
6036
867
3817
1437
6574
374
8311
913
3644
1082
7428
843
1744
8268
6718
8486
1687
7365
7154
2771
5945
131
8314
4943
6006
9805
4973
9044
3725
7213
501
7935
1225
3022
891
9810
4345
5332
9797
1002
8808
2083
2974
1886
2524
1044
2549
1763
5771
320
7567
4828
2109
7756
2355
8147
2574
5072
2490
6565
659
2461
3559
9756
215
3318
2157
574
9311
2811
2852
7392
5477
8452
3058
9783
2855
6906
1119
6530
224
4113
8220
1448
1384
5432
5203
8735
6246
5116
1702
3718
3315
2933
8869
9573
4280
2089
9800
3143
2327
6264
5982
9410
8756
4103
1734
3659
9599
6648
6605
7691
9224
7746
9720
4507
3603
7055
3940
492
4717
9804
5561
8621
5266
6826
7826
7150
924
5303
9772
3701
9692
6811
9743
2098
2259
9234
5543
7314
1488
7627
128
3838
8736
3303
8811
5145
2289
9532
4606
2907
1925
9766
2876
6995
6599
3710
4957
2414
9915
447
8399
612
9759
7878
8640
595
7102
7378
1936
3069
7025
2824
7781
5447
7633
5058
8889
2448
8459
7151
9759
8413
3835
8464
8358
7098
3643
6103
8443
1472
5184
8826
9688
8482
8722
391
3377
794
9809
4717
5329
1566
833
319
9089
8014
5948
3983
4923
6817
1299
2129
1976
8255
8614
4431
4004
1116
9036
5035
1768
4150
147
9899
7168
7786
5171
2320
1921
1596
4915
1295
284
2802
2164
4998
134
7884
652
2156
5142
7187
7748
6213
6893
1601
1338
3097
6967
2702
9400
3334
601
7080
2042
6670
1761
8805
3319
830
4517
9384
6711
2435
6812
1637
5321
1871
6940
6469
7244
5244
2297
1142
8129
750
9849
1028
8997
9103
8951
1811
2334
4874
9780
8208
9697
9952
4606
7393
7111
9450
3788
3185
1459
5321
6201
9090
1731
744
9710
1738
3607
9527
7609
8341
5380
6141
7151
7887
7064
7605
7394
3648
7092
984
5085
9431
7110
6729
6258
4348
1330
110
7727
7012
8334
9882
3098
4700
9774
7258
4216
386
743
7468
6554
3021
2427
1762
633
2704
5443
8806
1689
7869
247
3715
7248
178
5845
9155
6717
799
4609
8505
970
2950
9548
4483
6948
6459
6559
9003
4620
9799
4038
989
8901
7460
578
4352
400
8669
4999
1290
4984
3259
732
6536
4034
2672
3045
4532
3412
3339
8521
5962
2586
3014
6209
7228
9468
9823
1123
1667
4892
8081
5281
8758
9562
4680
270
5005
7963
6275
4852
9626
6008
1840
3761
9954
5456
8908
7357
2489
503
2272
5802
3166
5136
8868
8299
4027
5389
90
6335
7779
1116
6118
5906
1468
9654
4496
7533
6529
3136
2759
8647
9296
4456
6830
9935
1631
2954
3025
5138
9139
6988
7245
5233
5260
831
5068
6562
3712
3704
4862
8443
3193
1041
2370
677
8846
7463
4092
112
781
4144
5053
5366
1267
1587
146
306
8554
4159
2265
7158
1233
8466
2171
7592
4546
5583
9078
4634
9493
5904
183
4903
6536
6985
6208
9229
2223
7333
4462
9050
487
3746
9983
3827
6217
2127
3404
945
2916
4372
6669
7019
2857
4398
2013
2745
7840
1113
8327
1629
5130
1358
6663
6882
5112
6230
8159
924
805
4274
44
5880
4207
3604
7489
355
829
4552
4624
7557
7378
6788
7397
2874
6258
6048
5299
304
5233
1341
833
7465
2390
5266
1037
6952
5062
7504
4330
7325
5383
9533
3255
8257
4947
7507
5642
7184
1022
9064
2217
2825
1088
6099
194
5581
6563
4488
3973
6700
9579
6458
2090
3944
9828
5672
6447
3942
8722
3048
5706
5443
8302
4787
2486
5822
7154
3067
8351
1253
4641
5272
8695
3761
190
8688
4124
8123
3861
8987
5451
130
7932
8285
7654
0
1966
4211
4920
5810
9472
7346
5107
9258
1715
8062
5869
7835
6663
6839
7568
4323
9848
6139
6619
2514
475
2276
8840
248
9687
5003
7263
6241
979
192
9776
2248
5044
6534
9404
7987
9449
9641
2557
236
20
9645
7769
282
5682
7648
4336
1568
9905
9427
4037
3137
60
6024
9325
424
2155
3298
2444
7511
5270
6551
7870
6578
9598
6831
5757
8936
828
779
8817
6700
679
4131
1722
8631
3499
7985
7229
3937
4201
9467
5413
8979
370
8600
1495
1908
9484
9899
2430
4087
9491
5181
8270
7154
3528
3757
8495
3089
2124
3030
3049
9954
152
4357
2119
4045
9702
7639
9078
6555
7300
3880
6120
8846
9518
5631
5874
4061
5537
834
2670
5074
2786
411
9974
3627
3705
7985
6714
7612
7447
2321
8335
3114
5023
4010
7212
3822
738
2384
8924
6573
6298
3373
4034
8058
813
7618
5200
849
6545
3393
539
2153
8225
6515
6433
7521
2167
805
9980
5281
5714
5829
4923
6811
2132
2742
7806
6585
5768
7183
4205
3058
4390
8769
6099
5609
702
7019
6296
2881
7928
2794
4294
3087
3370
9162
9844
3009
149
7332
9465
49
7240
1431
2680
8140
3947
5671
5453
469
5912
8158
2594
3732
9744
3469
6042
450
9246
876
378
2048
9073
7616
8209
1550
6790
3597
936
180
8140
2899
4392
2978
4420
7930
4418
8565
6468
1531
5623
1727
9076
382
1597
8634
5889
1582
5535
5766
4613
4433
1167
7533
6079
9477
8849
6348
7672
1572
3930
8123
5514
3563
2195
184
4352
6949
5394
9504
8913
5183
548
831
75
973
5184
4137
3837
7151
5520
8893
6560
3253
6094
5194
8678
5113
2090
6424
1508
7935
9574
6152
2239
4154
7595
5065
3761
2075
420
9322
4844
7720
4991
6618
6620
2119
1689
6663
2605
5482
8346
1408
3840
5551
8242
5700
4098
525
4170
7125
6074
6317
5723
4552
159
2397
6485
9806
2591
7554
3382
3856
4742
2351
5180
3551
2815
5010
3586
2405
1418
4439
5681
2330
1332
9775
148
9998
5723
634
7269
8591
9073
5570
1009
8960
3951
433
8092
5393
6850
5420
9914
8434
2910
1461
9261
7772
5144
9643
7751
8128
3829
5805
4272
4116
845
8364
8447
6934
46
2335
8723
1727
9139
5306
7456
4162
1634
1371
933
3255
5387
238
9703
2529
3782
4795
6440
225
5652
8914
4207
8791
2577
808
107
6036
8987
260
5572
8488
1697
9710
8550
8466
611
7772
5931
7439
5967
9196
4436
6173
1715
6678
9600
4731
2787
7758
6085
877
5877
8284
8041
9284
3213
5360
1254
4322
5609
5702
7547
702
8864
8813
5134
6256
9393
7734
7371
1405
3483
7724
4887
8355
7120
3765
5994
5415
8166
3180
8960
6665
8419
4525
4700
6179
8981
8403
6216
3388
4933
4669
7425
5338
4851
9753
5150
9278
4402
1513
9574
1487
9734
4662
3492
2386
3960
6138
6541
7798
5819
6305
5311
605
2583
6212
2301
4878
1519
5002
825
5188
2414
9755
4740
2174
6072
7372
2329
2437
5306
8058
8272
8684
8317
4215
3569
2175
8131
8749
2419
6067
5887
6779
630
7606
3341
8447
8034
8701
7401
8991
8970
3075
4640
5682
3332
4808
7473
2366
38
7719
3373
87
3826
1119
7328
8702
5427
6268
7290
7646
5020
5815
6002
7281
4829
9568
9704
7021
3925
3099
986
54
9196
3020
7737
6557
370
4091
2984
5083
7545
3580
5027
6866
2271
3758
2635
9781
5590
9131
5821
4778
3480
1777
5191
5242
1299
3578
6918
9105
343
8129
1603
5934
8576
1660
6823
8350
8498
4933
2426
3195
3229
4744
1433
2514
5911
5443
8913
844
2755
654
9295
5726
4666
6714
1927
7341
5965
8702
8360
1037
9631
3679
1218
3394
3199
6807
6668
5341
6145
7213
7846
8339
5900
3626
3332
4202
8072
9375
7008
8489
7175
5425
970
7671
2658
3161
8046
7496
8266
3347
432
2448
7304
1097
7139
3812
3717
5945
1545
2829
719
5576
3530
6942
8900
9952
8954
8470
4047
5285
2098
9905
5843
8078
3705
4973
5682
6808
8435
3613
7502
9122
9056
2777
4104
8748
6749
2627
1171
2535
9995
8502
4251
9963
8531
5916
741
4751
212
4020
843
2884
1796
9861
6474
3221
5599
7058
2315
127
8981
4072
1001
3286
130
9879
9342
4406
407
1939
7607
8972
8483
3564
3861
45
4779
8362
5150
1816
2113
6941
8952
5602
9016
2959
5122
5940
5627
6452
7140
6920
4090
7513
8127
9331
9069
8610
512
7168
9515
3435
1745
1763
7795
7995
7179
2890
2996
966
1114
716
7548
4394
8884
329
9978
6945
9167
5481
1165
2141
8158
7020
4565
527
3595
6358
8453
6970
3499
3795
5323
7722
8490
6593
8793
5308
7613
9337
2128
7722
843
3677
6835
7028
5542
9355
8829
3808
9378
6502
1355
9034
1786
1839
4819
7379
6914
9963
4560
6764
6087
2616
3540
105
9345
1826
620
7940
4839
4250
3403
7280
4208
2268
1357
3142
1204
2786
2314
6732
9081
6377
3083
8761
3890
1461
414
9532
7942
7650
461
9558
3155
8181
8537
6437
8867
5997
9379
3896
1851
1072
1660
9279
5127
5276
2944
377
7263
68
6609
2937
7563
8475
7787
9778
8785
9844
6083
4870
999
7589
2447
2765
7663
4849
7590
831
8986
258
5499
2026
8016
3397
2044
5722
6950
5632
2769
2309
3813
184
5271
3740
7585
7804
2737
2675
2091
3556
6100
9418
7068
5829
3828
4625
9186
7499
7082
1337
1783
1231
8148
410
6468
7600
3299
6655
3157
1546
7971
7481
939
8097
1629
6697
4570
5647
1608
4595
5072
4708
5156
5517
365
867
2248
826
1356
2786
2961
958
2364
874
7896
9901
6905
8530
2715
8854
8719
4720
4863
9450
4584
5063
542
8506
1475
8809
3235
8471
4279
1603
3916
6588
8172
8222
9496
5701
2564
2607
6133
8568
2806
174
683
5875
5944
8692
9020
6779
1899
7283
8415
7420
3835
7799
6118
443
1502
6880
2458
7310
6424
3976
7435
6826
744
3347
8844
2649
8717
4354
5372
3092
6337
5012
2007
5714
7845
5624
9140
8749
7316
5140
6371
7798
4812
9280
899
9934
8849
4218
2821
6260
4509
2638
2544
7124
138
9605
4443
786
1283
9529
2393
5495
8340
8529
6791
5358
9908
171
3977
8229
9790
8204
5512
4209
9893
8306
776
9034
6631
2316
2362
8790
4502
6967
4033
3911
9302
6005
8981
2006
8488
9181
459
3908
355
9413
5888
2787
2592
3692
8027
8780
8348
3258
4994
6727
7038
8037
7103
4609
7274
2435
3116
4949
966
9234
3934
1925
971
337
4976
5867
6393
4508
6954
4335
6471
5822
8146
2498
4146
1921
1871
2749
4860
5946
7765
6472
977
2737
8111
8884
80
5437
8475
7435
1761
7432
2656
9422
5954
9674
6751
8918
5016
9587
5896
9278
4626
6496
6818
2453
1682
1555
171
19
9018
2886
7997
5804
3102
8707
2956
8135
9884
664
1777
7876
2717
3632
5305
4333
9625
8091
5685
2391
189
6368
8880
409
8568
9224
9627
2116
1948
602
6455
849
6430
7017
958
8807
9767
5957
2441
2841
6345
4747
3975
3820
3056
6157
9436
9680
7475
5063
8073
1779
9359
9735
1593
9044
4960
1366
5728
4635
9854
9093
5565
3263
7655
4105
5303
6312
442
6153
1624
6522
5085
2134
3796
7978
4716
8068
5140
3916
1206
7527
5865
6540
3913
376
956
8601
7153
3588
397
3416
7318
2450
7309
2738
762
2880
9546
2886
5822
8129
3435
5100
6060
4239
3509
209
6953
2820
310
4837
6895
2559
1583
1838
7700
6719
2939
7582
3906
361
7110
9140
8251
6796
7319
2503
8082
5685
8775
7611
4846
8988
6586
2908
240
5529
9135
2962
7496
1672
2740
9379
7154
22
120
9268
2563
1796
9501
7110
9864
521
9835
3009
2324
676
6212
2087
6541
5498
5317
8071
4415
9702
7719
7392
4866
8122
453
7327
6283
8287
9070
8273
4012
1974
2667
8395
6340
5817
5112
2366
218
4622
8421
691
5668
7890
6541
3030
1993
5251
6413
1717
2484
8403
7522
7525
2831
2633
3770
9104
2192
5882
9317
901
1062
6802
8338
8259
9848
7340
684
7093
9525
9876
1311
4640
2667
7947
3658
7505
8267
1894
8567
1888
7297
285
6346
3687
4381
3319
4088
8389
4902
1274
7068
3759
811
878
7403
8103
6908
4118
8274
4175
4780
7421
3387
3005
121
2746
4930
1641
3346
231
7865
3987
5261
9844
4321
6622
8352
5413
4115
8606
2328
4518
6339
3021
5125
2073
7171
6543
2581
9135
4432
7295
714
2744
9222
3711
1734
6597
432
8781
613
4949
2071
6325
811
5783
4210
9240
2496
6522
8035
5471
3889
2835
1716
5802
4840
4198
5603
3742
8212
8021
9459
3673
3658
4621
5101
3978
1211
3432
3113
144
5297
7689
4149
7560
6891
1302
949
2360
3469
4391
1944
5479
7020
7921
6765
2309
654
9539
1690
5079
2000
9116
118
2529
5599
9662
4207
1683
5966
6510
4115
4566
7436
8832
480
4310
6826
851
6849
8831
9840
8276
9710
1926
6071
3779
2208
8561
7793
319
6696
5324
3926
5382
3278
6534
6780
7281
7603
4177
249
8299
657
1858
4380
528
6231
1230
1164
6954
9948
259
4527
488
4861
3226
5473
5702
3146
9970
5405
5413
3009
6624
9429
71
2374
4342
7177
3815
4508
2544
1188
5639
4097
8731
9544
1367
6556
7242
4899
2368
6680
1709
2418
7546
6036
4623
8894
5352
4357
3178
1545
2221
7719
7993
9894
5075
9984
317
4832
4076
5450
2400
3026
667
8861
6767
171
6486
6004
934
57
6469
8999
5956
3241
9055
4982
585
1347
3049
6264
5087
9501
9096
7590
4970
6029
4556
7010
770
9466
2928
3405
6502
6337
820
521
529
3101
8905
4225
9315
86
3541
1960
3682
9028
7508
8757
3390
1858
1741
8839
7843
9686
195
7048
5875
6590
4460
9655
672
3554
4478
1817
1528
1733
3795
3395
1412
2071
4093
1249
3697
6573
2559
8557
6658
1802
275
6444
6624
4469
1301
2440
4461
6950
8322
1823
3438
2711
6229
876
5151
4282
4788
539
7138
7549
5461
4448
3636
8532
3025
5103
62
2840
8796
3587
1214
7937
1342
6239
9623
2928
9154
7264
6031
153
8846
8529
4459
5432
7
7712
3869
7870
9291
798
9840
399
1337
7907
9368
96
9453
6714
9050
1738
6727
7041
6130
1692
7685
7536
7454
9798
3596
369
4668
9862
5795
2789
3772
8393
1492
2951
1718
6045
7847
1291
3785
9058
2285
170
1767
4877
7618
1464
3762
2202
3847
9037
7241
2676
3313
2728
8346
6744
5590
713
5385
7480
6194
8897
9021
2729
3658
8222
4198
6109
6542
9204
9713
2171
7915
4790
4985
1658
8633
8807
2942
5935
4345
4338
6942
5976
5387
5323
696
8093
3699
2698
995
9719
6030
7007
5715
8204
1957
8225
7881
4216
6884
4928
4406
1274
7346
6911
9942
2245
5755
3195
2173
6498
6377
7230
6177
1688
1781
1473
9653
7517
6386
5083
8571
5565
9559
9434
5804
7169
8099
363
9227
765
5607
8475
9647
7726
3236
913
3702
8021
4399
3461
824
3003
5209
8441
4590
1687
9829
9161
8999
4697
6884
8337
8664
2885
5670
5013
1682
9278
8525
2613
815
9474
9424
9953
6311
5371
447
4347
6937
2723
1773
4438
8398
7683
3770
3275
2493
233
5345
6276
4239
6821
5416
1252
9516
8601
7754
4832
7870
2997
2731
3044
7216
4303
7929
2362
5503
2520
146
1927
6535
7897
3437
468
2787
81
2849
2161
5094
5469
1615
4705
8209
9518
1877
5376
2230
2976
7060
9472
5953
7766
3454
5801
6784
8565
1990
7648
4362
878
7614
288
9955
6576
474
9763
6777
9075
4970
4851
135
9168
938
4283
6856
4477
9631
3804
9487
2285
7538
6001
4263
6528
2229
4819
2146
6924
2356
7222
3807
5923
9735
4075
2304
8004
5842
6670
9790
137
1052
6461
98
581
7060
2091
9801
4976
2250
7083
7087
7617
6407
5867
4993
6255
4991
3535
2531
4711
5459
3235
7306
7460
4506
9316
9697
8708
5108
7286
88
6197
6951
9516
8827
8545
1132
6848
3079
1935
4697
5246
6900
6057
7772
8934
7643
4247
8997
6849
5166
2461
7716
4155
1430
842
4988
5503
5968
423
7527
7591
5376
743
3377
3877
744
4363
5195
6361
4214
9135
709
4978
1308
9560
2499
6545
2186
4023
1954
1098
8277
8104
4770
7338
7533
2510
5849
5260
1614
2111
3946
9441
1272
7916
8949
8533
6087
7566
490
1918
37
8932
5837
2085
6796
3406
6691
1138
6963
8214
1865
6944
6331
7734
8550
6976
4909
5181
8144
2792
286
548
7055
3316
8152
2646
2057
2651
8399
3950
4508
5957
381
6742
1518
5184
5357
2376
3939
4080
8375
9096
231
9226
1354
7359
5415
3782
2099
1181
9073
6394
4452
8635
2455
5872
7127
49
7490
3865
3270
8652
2171
1205
6453
7625
3178
4047
6166
5438
8223
9070
1523
2493
7432
9179
7603
5378
3463
1205
4133
5100
8036
9784
1237
9045
3724
7529
4782
8964
4547
6251
3144
9672
6265
5515
3122
4540
6977
8504
3243
4107
2938
9879
2955
2785
5856
5505
6476
637
9019
7859
5641
9638
9105
7436
6080
4309
1464
4996
4845
3817
2381
6080
3580
8411
5061
8834
6618
3597
1025
1684
2070
8940
6306
5205
327
4891
5493
8707
1358
867
7153
2993
6793
165
4203
3248
9717
3763
6324
408
8179
6549
5647
2711
633
7316
2143
5034
1947
7980
6287
1914
5791
4977
8993
6806
437
1708
9464
785
6726
1136
6619
952
1718
4773
4667
1471
2285
983
550
1585
5177
9920
4759
2232
3751
2211
4946
3029
8172
5208
3023
250
1124
9768
352
4845
8494
9357
1508
9909
8842
9978
6745
9866
2869
9679
5076
6594
4181
7121
7501
2071
5414
8077
665
2024
9662
3408
4400
6107
4477
2593
1633
9942
2822
234
6421
7117
2959
985
4908
9666
5612
4721
2693
2429
1092
8672
7765
1292
7202
4170
907
8449
1133
3978
8350
1435
4433
2690
9852
7871
8658
6439
9030
8223
5290
3043
258
814
556
8408
8966
3127
3357
1423
7313
5876
4224
1515
6237
5498
5611
7688
6907
3830
574
3015
4541
6932
8555
7339
1879
7193
6331
3633
6997
4529
1470
4909
9148
7336
5510
3157
4468
7394
3587
5313
125
3622
7275
1949
7837
2153
3462
9904
8288
3682
9784
2740
5478
7334
3320
6013
6513
3112
9992
5761
6038
9631
6246
1059
2505
3498
2873
1676
3069
8247
6251
9291
8132
531
9112
6698
6663
9538
660
1271
4481
7113
1124
4853
4720
6598
9413
6304
8853
5369
42
6514
1005
9246
9952
2807
8854
9200
9158
4509
5162
1915
1369
5207
1481
2989
4331
1973
8239
9245
9879
3006
867
3904
4019
3789
9337
8915
9565
6154
8387
8598
9744
8081
2574
3129
4397
2625
5270
8531
4882
826
8611
1333
6908
3074
3280
8277
7370
2730
1436
2874
1154
5053
8876
2422
1658
5998
7821
7703
2643
8188
9410
6619
9937
6892
5964
3281
7195
8417
25
718
846
4866
4841
2035
6292
4752
4844
6907
1907
450
4271
739
600
8220
633
9774
7489
8687
1947
9290
3472
8555
6716
6921
9803
8465
1281
451
7833
7825
8326
9023
3334
7815
5831
2830
5271
3431
408
4655
9277
9778
1692
7696
9221
18
7072
8365
4252
4932
8776
203
7382
509
3548
5455
8612
9879
8539
7340
6779
7746
7530
660
6098
9855
7229
6225
9383
8688
9221
6686
9967
3460
4648
7880
9942
8303
1555
2524
2501
647
1150
6310
5027
3446
8649
4689
1635
78
2051
2059
8224
3804
4753
7426
3783
5942
1564
6658
8046
4945
6112
3514
27
5575
1384
2763
6919
352
4391
4579
8802
2570
4413
9599
8319
7707
9518
6083
6661
9118
1378
6216
9567
4822
2843
9733
7514
3400
1650
3939
2984
5152
2196
8800
3016
473
9833
7469
7907
6784
857
6678
6596
9389
8552
8864
6736
259
2274
9422
7737
150
9712
8785
1358
9821
5402
7979
7736
3585
5820
9809
6272
560
4746
191
6545
4144
1147
2598
8681
1720
2511
1573
9408
3819
2454
155
6240
37
6573
917
9055
3484
2981
333
5273
6304
8893
3973
6252
1850
1781
1400
7262
9507
3288
6938
2314
6622
9413
8014
7270
9231
3178
5
1107
6827
573
9664
1681
2006
5992
8538
7137
9460
2230
7499
3784
9595
5178
9926
752
443
9871
2178
2377
3148
2762
1365
2176
476
4087
8905
4245
3595
6776
4550
1721
2069
1405
9703
8160
231
5603
9599
571
3364
5290
366
73
7049
4621
4178
843
9000
5491
4659
4600
1072
5587
5163
2491
4128
3646
4552
1534
5449
9907
4717
3755
5747
240
8712
495
600
264
6556
9176
3573
9043
6730
636
9841
3895
8198
3445
3399
3449
260
8968
9709
6652
4905
999
9066
4855
7469
800
8224
8862
4834
5583
6412
8034
7595
9148
9630
1521
6353
528
413
7028
3539
2321
3430
9283
1398
3727
6845
1824
224
7420
2088
1374
1717
9018
6270
3499
2302
1749
3532
985
7185
1396
9624
3255
3061
8268
5638
1755
6179
4992
9603
1445
8780
6546
6181
4525
3746
3605
2733
4522
1111
5489
2652
7429
8806
1234
1497
3849
5240
1279
3020
7358
496
3768
6442
3946
8738
6050
564
9235
4957
6634
9932
6212
4083
9445
1836
7515
8551
6374
6141
4481
5430
8791
1184
4638
3088
5365
5142
2428
1675
3174
3443
2351
7825
5884
7905
2941
8041
3290
6504
6881
6200
4657
7104
7908
8174
3297
8910
7511
6359
6748
8374
4670
4311
8962
4334
899
3389
6312
8561
6371
259
4817
4318
8012
3471
2185
1302
9674
1320
0
5043
6220
951
5338
9846
3531
9101
7196
8983
2919
3386
5573
8750
7665
3614
8131
3373
286
7245
7642
4834
7102
7746
5663
1640
3042
1896
7559
7512
1126
8509
7162
9562
4006
2691
2579
8829
9674
8603
6165
2599
4904
6588
2527
731
633
7669
8021
7018
4428
3394
591
2756
4500
5974
3075
373
93
7520
6880
9410
2869
9485
7147
8537
3147
4115
4397
8704
5105
7635
2641
6525
1751
7002
9040
1880
209
7356
4481
1550
4761
5936
7713
9558
598
6177
6940
7590
2384
5363
1454
9699
3736
7856
1796
7689
543
2835
7697
6118
1213
7281
5098
2925
8118
1109
308
5418
8892
203
982
367
7895
7629
8038
8798
8132
6481
6692
2362
8490
9235
4044
8987
3455
4062
9295
259
6380
3023
3488
7624
3033
6758
9539
512
2831
7245
7244
4804
9521
8352
282
9196
7347
869
4351
9148
9034
1812
7614
3531
407
3822
3510
763
622
5820
2701
5465
128
5375
7544
5591
1104
6838
2912
7442
7620
4613
5466
826
9691
3171
1607
9282
2749
4399
5147
7494
7044
6952
6794
7850
4819
2732
1455
2347
7703
2997
3164
3082
9328
185
6420
7896
3221
2077
8555
2545
443
6834
500
8943
9489
8718
4708
547
6203
5706
8040
6580
8418
8378
6059
413
7004
9218
3416
8112
7401
7671
9636
4313
9479
2970
5908
1284
8875
6236
1444
8722
7096
1786
8632
1744
4057
5544
8576
8323
2830
3056
6367
9008
1105
4957
9078
1046
7358
4853
2759
3689
8523
8880
5192
7279
3312
6259
2192
8952
5693
659
1758
5881
7508
2699
6214
7216
977
9601
9781
3051
7223
5459
8806
5152
4969
7059
5381
893
4633
36
6984
3765
6262
1322
9645
5929
6114
6267
4658
8375
3973
8222
4554
7350
6396
6852
2809
5477
3947
3149
3353
2761
7139
1819
9924
4539
8832
8128
1515
1841
6997
8886
3671
3237
3702
521
2305
4721
6243
5290
3578
8034
1349
8924
8552
8735
9655
9824
4578
5405
8101
9164
9286
6784
3218
3531
83
8700
7598
340
3161
5912
7308
6119
7340
5179
9317
5733
6481
2064
5868
7740
6408
9116
6369
3362
6536
8651
2820
7554
9116
9036
9124
4735
6189
5913
3690
656
84
7182
9403
5997
1762
9169
773
9172
7956
8412
9025
6132
6546
335
5022
5864
3154
2566
2044
3029
1252
3499
4898
9293
2498
4799
1489
7464
7313
6578
6353
1070
2117
6811
9996
1770
8840
1789
4523
7244
9249
6771
385
4645
180
9818
6817
9278
4439
1056
4577
132
2043
1399
5165
1486
7122
3554
4931
2507
4957
5378
721
8756
9862
5011
9255
1735
7440
2056
7362
2139
6997
5417
6171
1416
7557
9679
4024
4422
8314
7159
8447
193
37
7051
6261
3633
2745
1370
2356
8009
7021
9716
9695
3053
7100
1615
6810
2670
4598
4458
1653
6207
5128
2787
5715
8962
5026
2894
5571
3517
4244
784
7401
9142
2501
3355
1170
4852
5711
6457
8650
3108
7129
8845
7221
7942
8852
7134
2736
5425
7226
2387
3908
2932
3919
5690
8887
2997
6468
2322
7426
3948
9067
3214
6632
9150
6508
7214
773
4474
2555
3307
9679
9604
2687
3976
625
9183
3453
2596
1963
4125
7625
9717
8211
5135
1897
4775
7217
5704
4100
6109
6234
1456
3904
2362
6175
7305
429
4918
5837
9502
8332
9917
2629
1093
2561
9359
7749
5450
1109
7225
4790
453
9085
5324
2003
3538
7645
6978
6432
6943
9518
7166
124
2142
8573
2780
2156
7698
9626
4794
9167
4472
8068
2032
2394
2489
5476
8483
1944
2058
6886
158
8200
7865
3209
109
8807
5806
1766
7595
4764
5421
6606
1761
1812
2265
8327
5677
5252
3911
6135
5702
8627
2387
1996
8623
6380
7183
3555
2140
2944
5708
50
1307
1980
2310
3843
2757
8838
4723
5915
8209
7352
6243
2953
9566
8649
6105
8071
3666
1658
2403
1574
9742
8313
6047
3715
3746
2956
2946
9195
5429
5808
8191
7855
9120
9079
1789
7736
4331
7650
4868
8961
6649
6488
4289
9706
348
1516
1966
6378
7803
4819
3022
8573
3063
85
4828
1746
1893
2198
3873
2030
6435
397
443
5393
5789
5756
1190
8185
5085
128
4802
5980
4419
3319
3553
3952
6594
4548
6914
3684
1636
2351
6915
8698
3373
7019
9408
8668
4619
3712
9476
9915
4086
5911
2600
5380
876
9521
2270
6723
6254
5083
5317
9813
8200
3516
5918
6692
4490
1124
3727
2895
8357
2790
9921
4578
8186
4571
8310
6169
3810
9383
7954
5819
1125
428
1863
5854
9483
3313
4149
6086
6978
8747
5855
9379
7801
2288
4831
1396
1906
8075
9037
4353
4840
8715
9290
6330
8284
2696
7235
8755
868
3830
9683
9257
4715
3610
2222
2247
8345
7775
6241
3868
9955
1491
3807
462
3634
2371
8626
2325
5743
1677
1584
6787
9108
6583
124
9253
2670
5768
6240
2726
1342
2934
6569
1676
1766
6609
6683
5453
9038
7328
9058
9000
1744
7589
5742
9393
6690
273
5180
2505
3620
3923
385
2914
2110
9287
9884
432
757
6057
3957
9232
5957
7163
5416
4095
203
573
1851
6652
1047
1718
9524
654
908
1026
4992
1171
7495
7292
1315
5220
8761
7722
8489
6064
7441
241
2828
4134
9197
8267
7091
3738
887
6102
8480
7417
3766
5208
5726
2106
628
3882
8640
2308
9210
4076
8085
3982
4525
7622
4392
306
2252
6988
9389
4895
7890
1559
1814
3720
1458
7374
8083
1176
7488
4953
3350
7198
3715
8413
4311
9192
6302
2624
2330
6165
1753
9077
3464
3839
3126
6413
7660
7461
5507
5017
5082
5351
9737
108
8265
5038
9318
7770
1244
3663
7007
2914
2279
981
9412
6088
3393
4161
4012
5412
1449
764
4240
3947
1641
2236
6057
4281
1467
9298
6593
4194
8276
8964
6177
5931
8782
1471
8726
5953
4874
1193
5912
3342
9128
304
6904
386
4451
175
386
796
1330
216
2645
422
7352
9856
8632
3282
4434
1314
5887
3278
5362
3175
6354
7401
1383
4784
7027
8930
2056
1350
1963
2070
2274
5964
6319
8037
5695
3789
4542
7464
1688
5336
431
6897
5820
2351
9628
7863
8527
3778
2116
2566
8605
5359
8989
5229
3012
2861
7780
6308
3043
7702
9476
4022
1063
1568
5709
3756
6319
8912
9658
9703
6897
0
1304
8816
5667
3114
4395
6670
4223
62
8235
747
464
8719
9901
3018
6041
9156
6951
3502
4197
933
185
1030
4576
7387
9779
2570
5955
4974
1431
6419
4519
1095
1235
4822
7208
3628
2975
3739
1737
261
1344
9648
356
8081
7787
1547
2861
6353
3546
7247
6094
2351
7297
2070
610
5392
4588
464
8246
1093
3878
3805
3470
1783
3222
5349
1587
4812
4389
8384
816
4005
6558
8758
2764
5113
4424
8204
5787
9432
5188
3889
5828
8784
336
3167
2837
7128
7877
5349
3569
1384
2166
5819
2611
4739
1581
396
8095
8026
1181
382
784
6214
5919
3367
4378
2622
770
6103
3167
7801
7395
10
8096
3384
8636
4639
2299
7243
3723
9592
8122
8760
1330
8844
4972
1169
5737
2589
6083
6922
3811
2518
2177
8264
57
3953
5364
7274
2726
6413
1027
9837
1654
3153
1812
1056
9063
668
364
6252
9319
4630
3741
5050
7246
1774
2870
749
4349
2656
2531
7938
6159
5278
1367
7027
5444
4090
3731
4874
6000
6278
9584
2257
6797
1808
294
8347
5210
8501
8832
3684
5602
4366
3698
5476
9012
4690
2632
2161
7312
2323
5039
4012
3581
3895
4455
7596
253
4989
9207
5971
4041
2432
6184
2281
1576
1326
8364
1790
6148
9322
2718
2466
4465
3186
4630
9828
9475
4214
1565
2987
7059
7163
1208
9335
9705
3722
2094
3059
2319
7538
1455
1611
2150
9767
9672
3049
1854
5546
2061
5020
4977
546
7242
8709
7806
7912
1541
7462
2424
7728
3968
4463
8738
626
1309
8957
4775
1456
8937
3746
8689
6561
6185
8259
3192
1021
1161
342
8963
6307
926
1928
8594
2089
1749
7933
681
8347
9974
6813
8715
9444
6597
3095
63
5763
7778
194
9845
6324
3720
9627
8405
6889
811
1485
2457
6701
9691
8542
418
7420
1557
5203
4142
1535
7994
1988
4362
8287
6432
6745
3594
3404
7155
6905
4718
3855
358
5082
4797
6611
4923
3930
3699
8920
8381
5388
692
7374
9464
5923
9214
1415
2033
3813
8525
1853
1603
3057
7630
811
9386
4388
780
3642
7062
1769
8233
214
394
6061
1072
745
7786
4698
2909
9338
5862
8963
7339
8554
5122
7904
1078
2030
6030
7013
1549
1289
4008
8906
6742
4554
5752
2599
8979
5210
2401
5266
1992
2556
2196
798
6793
4884
5285
4522
448
9259
8780
1797
1909
7770
789
3967
8014
59
9979
8124
9942
5068
2503
79
1854
4732
5767
1665
4531
5260
1888
5999
7861
5893
4388
646
1610
4662
5527
3885
8241
5262
1386
3278
5531
4662
5332
8712
4019
2384
1201
5704
8718
1923
9442
7154
6948
6912
2571
1309
6376
6377
8175
9821
7522
5615
836
3368
8547
5435
4728
5174
660
4255
2554
9625
2402
7095
6898
364
5858
9987
6515
2671
3592
3897
9920
2217
7040
9814
6841
1784
6518
4596
9269
7132
7444
9314
2778
3166
733
9699
3496
1058
9294
7235
2685
7589
8757
6670
935
123
3722
222
2969
2278
9369
8937
1194
8058
7429
3061
6023
8454
5942
8333
2597
6162
8372
3502
2715
1030
8536
2560
1589
8036
7329
8448
9721
7696
5252
3954
2983
3578
7388
9919
9797
6649
1239
2979
5460
7385
3715
8430
9712
9224
2589
9953
9908
8420
7929
6715
4943
3332
9313
1621
9391
2167
833
595
2379
4924
4373
4498
2346
6545
1136
7655
4418
4774
877
9289
4348
1541
9771
8277
7295
1019
2830
8211
9972
6143
1012
1178
9849
7981
1368
4701
8518
8853
3409
5296
4197
6651
7808
7934
4952
5935
4253
9195
6928
2022
7364
8435
391
4407
6139
4329
1467
8996
2804
3290
4384
4132
3045
9351
6705
3050
4104
4980
2193
9464
4609
8824
1587
8528
2550
4567
5132
3542
7899
1158
2108
4244
4126
3964
7887
6477
2976
597
1562
2111
2422
2937
8194
8712
8336
6119
5866
4019
9271
5808
5928
6378
8620
3589
2504
516
5673
8827
7184
7558
5738
408
6624
535
2128
8096
7154
796
5862
4733
7114
8626
5879
9732
1770
9295
5408
4568
9335
53
7820
6075
8947
4091
6846
4133
9304
2454
1016
7726
3864
5878
3297
1923
5315
593
7772
4541
391
9429
7819
4549
6254
9545
6456
2142
3893
3669
5760
3723
1564
676
5105
7987
7248
441
7332
3659
3786
2641
5388
6445
191
1131
9554
8939
4029
4863
1804
6095
3238
3
3281
2758
2890
1314
4962
6516
2850
9456
7083
2042
6552
5648
4925
1092
709
5676
8042
4826
6471
9584
1228
7289
2406
4376
3521
3800
1280
2097
2869
5575
4293
2646
1314
4878
8105
8245
3801
6286
1786
3387
5181
5654
6665
4472
6000
5836
2734
1243
3212
332
5432
6859
9166
4880
4538
6122
5839
4817
4759
8146
2107
5645
1457
8623
6506
13
9975
5160
3380
4247
950
1022
2690
1879
6081
7141
2927
9600
1161
8871
5817
6989
7704
1972
1930
4714
8174
4317
6222
5665
4779
1691
9500
5085
1373
1912
5799
7662
5761
4761
1852
2552
8717
9481
5391
9940
3672
1702
1325
4715
8611
4471
2227
8153
6565
6621
1835
7187
6078
7690
9998
9769
1269
4621
6961
4035
7763
49
544
1823
9460
8021
880
4028
2115
8928
9254
7524
8553
3787
4305
7967
4847
4921
7688
9520
3101
6735
9578
4957
2488
4942
1948
9109
208
6839
8026
9739
953
912
575
8871
16
7271
6775
8817
4678
1936
2005
5962
4289
4955
4488
3101
8380
6336
2571
9371
3060
8296
6713
6182
1092
914
2806
2505
275
3272
5584
9228
5000
5251
7684
9543
418
375
5955
84
2898
6110
2788
938
5316
2970
1762
1207
7478
5458
3234
4388
1701
1311
90
2231
3497
5406
7748
7107
5144
222
9772
5042
88
2320
1610
9287
8650
9008
1158
9928
5571
2769
9638
4347
6568
6761
1975
5093
414
7164
6562
3486
9991
5437
717
7347
5386
3350
6307
9186
9079
2570
7681
6686
4359
4824
7113
791
1127
7085
4922
4418
1748
4609
5790
3799
5686
706
8485
5414
3153
2909
295
1398
147
6965
1906
8872
6976
7559
427
367
3685
8091
2230
2531
9756
5562
2718
4704
1293
5975
6622
2168
9180
9395
8906
1848
3488
2805
8370
9553
873
9565
1541
9016
1425
6665
8070
3192
3736
5316
7062
9687
4039
4706
4118
1286
4510
9871
3949
5507
6898
6503
8555
6978
7101
607
649
4385
2493
9662
5009
7737
9319
1768
8381
2785
2240
1454
5487
4854
5893
9130
627
5570
2130
4258
7805
5510
5518
4855
8566
7994
2749
7380
8875
5119
5417
2834
5154
5978
8617
3922
6672
7940
5637
9356
6463
3434
4428
9454
9698
1590
605
7740
5449
6131
9292
500
8527
282
5536
5000
1870
4130
7082
311
8651
4321
4936
1467
7543
2192
4468
7918
226
2065
7562
8416
8779
4677
6658
6568
992
6358
2500
4248
2268
7597
2801
5928
2043
8149
2614
7270
2637
6816
1008
7858
3955
5327
8769
2288
1415
3330
9181
9598
57
3939
4794
5435
8288
4421
5094
557
44
7513
9193
5287
9221
1242
3081
4765
6681
3628
4848
389
3558
5592
5793
8338
8800
2443
797
2618
1759
5187
4722
2959
219
6992
9712
7614
1137
7093
2076
6426
5844
6392
7745
523
6329
4184
2552
1182
2881
6297
8902
8881
1849
5978
5253
132
1304
5770
2383
903
1000
9614
6311
8913
3802
902
2388
6769
7418
5772
876
4193
3949
6666
1917
1006
7984
9017
1281
5270
8616
8659
177
5563
454
3331
6351
9108
94
3853
6884
6014
9793
6821
4351
3619
6591
2733
1326
6085
4454
7654
903
5011
7293
6871
2166
4172
3421
6414
3275
7073
3317
6272
8449
9541
2021
4954
2773
7548
1311
204
9196
7110
9571
8653
8998
2624
1656
4638
5618
9343
3874
6762
8931
8861
3560
8778
205
2490
9666
7659
4772
9388
5498
6576
4527
158
5541
5454
4019
8218
3584
7673
1372
3609
5626
2070
4348
8602
1577
9174
7817
5158
1062
22
8657
5394
9847
6279
9541
8573
3422
2830
2307
9528
8533
5560
4678
8721
5442
2405
2120
4234
7867
3935
8238
3676
1339
7214
6311
3890
6356
4248
1341
5103
2682
6825
7317
8559
6293
5499
3976
6509
2896
9441
15
5363
2177
5752
605
4793
7540
3156
5919
625
338
2047
1719
7589
386
5886
8548
8583
5261
9742
4745
9195
7200
5090
9445
8946
3487
8792
5351
8141
5862
7875
615
1397
2934
1237
4526
6278
9459
931
8491
3944
8992
5663
5878
7433
8819
6494
4842
8053
6703
2692
5238
1727
5394
3137
6219
7587
5396
8470
2716
6229
1218
5540
1842
347
5623
5046
4064
4010
9610
4060
8047
1614
5050
2290
535
6843
5989
6482
7595
6594
5446
8733
3014
7755
4214
224
1280
1090
5923
7599
7605
6280
6767
8669
1959
2432
3803
7029
1623
5287
1496
8293
38
9633
1775
1657
1368
6207
3454
1831
9557
5341
8311
285
9673
998
9864
3960
8137
2407
8212
1921
950
7925
4690
622
9225
1219
6727
2865
8072
811
8638
6128
6264
9660
4702
3970
2424
1114
7952
6385
6396
4939
475
3664
6458
2332
6115
8420
1318
513
5789
3598
2233
9208
2398
9554
2450
4982
31
2957
1403
3384
2793
4682
8547
7065
2296
6002
1689
9866
889
1315
2269
2769
9354
2756
4479
5088
754
5473
4796
2073
7681
3483
7609
1255
6357
7115
2586
7038
9751
3981
6715
2431
4336
1963
5018
6140
6385
2824
7980
1189
4505
4883
6262
7044
272
4325
2909
3206
9758
9405
3476
793
2624
2490
1845
3046
6724
5764
9378
2408
6552
1993
4355
894
2766
3641
7290
5343
6478
857
930
6388
6117
2683
5245
6194
2509
695
3908
7890
9405
2960
1239
9548
4672
8758
4969
3664
578
7986
9934
1035
4824
4656
9920
7770
57
8534
7127
3610
1184
7385
3407
6504
1894
32
9863
2690
7593
4886
6513
924
4663
1849
2243
4256
4203
8569
9739
1608
3333
9754
7222
3927
4072
3481
9559
5368
1630
3933
4136
4756
7773
2959
8673
1102
9451
3012
9580
3798
3876
3586
9287
5831
6360
284
4685
5334
8549
2009
612
6122
1632
46
2152
9788
7005
1906
1713
2467
4635
9843
22
7107
8434
2558
6844
4532
1177
6829
7143
7697
6539
663
2512
9414
1881
1536
336
148
7067
8089
2231
7176
9785
9257
2340
8316
8218
5765
825
3344
6360
4261
6300
4288
4291
6022
9362
7769
9408
2032
2054
9494
102
4513
9881
5924
2172
9334
1478
2386
5043
3044
3917
7780
9708
7757
7054
237
9795
8856
182
4195
7360
168
3753
3543
6806
9550
6025
5478
8739
7078
4854
4016
7720
5694
9200
6267
4715
6917
9510
1288
7881
4837
5936
2479
6060
5686
8055
5136
7931
2137
469
5010
9433
3971
8094
5623
615
9700
470
1618
9395
8204
2662
8616
270
2002
4449
4317
5777
4884
2860
7507
4044
6743
8255
5403
1895
5822
6473
3558
1436
737
144
4828
9876
5452
5442
6083
9282
7537
8198
1189
249
4228
6031
9681
8915
1605
996
7668
6623
3339
3894
6979
5873
8984
4376
4129
4159
6877
5491
7872
5366
3157
3168
1812
9888
3286
4500
7016
3125
2845
1525
8247
7735
6566
7149
3430
654
9890
5837
9365
6071
8176
2645
7922
6394
8094
498
8840
9128
6174
4473
7616
1619
5752
5150
7498
1443
4347
6608
6524
8734
1973
9741
6174
1442
4296
6121
8018
2525
2070
6031
1764
7570
4569
6683
6732
9220
8709
1993
8502
967
7752
4726
9680
4969
4897
1235
3110
7095
845
6283
2143
7048
3451
3751
6171
8037
7021
5502
2214
8171
2806
230
251
9541
2173
8595
3396
5453
3032
6812
2740
1249
6747
4047
111
3400
9282
8025
4815
5596
9182
3711
4546
4225
3838
1033
3128
1297
3428
3768
2807
3278
3091
3563
9986
7306
4359
5994
8186
7885
7077
2727
9836
787
4368
130
7445
8000
237
554
1407
78
1356
7843
7768
1257
32
6154
7360
3161
379
4120
3873
3241
8626
7248
9543
8234
2030
8249
6756
6791
6270
2684
1812
4071
416
7678
2836
1440
1251
6535
2169
5447
2774
7760
9152
2244
8007
8174
8241
2312
9588
8996
8621
3025
3968
7290
6530
8541
8959
8411
953
7079
142
1308
1635
5686
2989
8369
3499
1148
3633
5052
1359
2266
5184
8751
8041
9921
3928
5175
9517
7997
1168
8913
1578
4426
6681
4002
8657
899
8225
4528
487
8610
2478
943
9574
562
6002
718
3966
9088
3056
1759
3844
6713
6096
1836
8919
1407
690
304
8414
8282
1738
8496
6643
2838
9850
226
7464
480
9998
2327
8133
2336
752
2705
4193
4025
2830
1648
3475
8594
2861
5318
2688
6760
4931
9059
8244
4696
2512
3763
4897
2990
9930
4739
3661
6158
2461
9121
3634
9259
4155
3294
639
6305
9006
253
3218
6036
5426
1953
3524
4492
1126
1742
6355
6042
7786
3807
2106
1117
8305
6690
1836
9131
9491
6129
3689
1184
7232
3980
5858
3051
7014
2965
2510
4663
549
120
4712
465
1530
460
8747
3682
9792
308
8152
7700
4101
3996
696
5233
1527
5005
3085
8805
9219
1987
1821
961
8717
942
7649
3046
8701
7277
2972
4479
2409
9541
290
1322
7150
1502
3323
8697
3768
1187
9141
5004
2440
6389
6133
6734
2835
8649
3885
4717
4498
5972
241
3768
4497
9634
3580
5729
5134
3855
315
7501
1609
2793
3346
251
8508
2554
5025
3007
5271
3896
9402
6495
5761
1566
3318
8214
2061
6868
9770
4233
2439
7727
9061
2498
5015
2361
574
9516
6167
6961
5909
5919
6517
652
7609
2248
5517
109
7324
6957
1335
9950
4968
4198
857
5846
2977
8217
8868
9502
2760
551
4447
7880
4899
167
4397
1577
2068
5238
5317
772
2943
5357
1935
3544
3303
5478
5528
6998
9258
953
9673
8235
4072
4963
7852
8528
1177
3159
7082
7208
4305
9503
686
1549
3702
1144
911
8389
5610
221
3366
4199
1230
7584
2792
8389
934
9073
6081
9384
2267
8893
636
351
9679
2676
5299
6582
1877
2281
2107
9766
1376
2707
4233
6425
2932
1688
5098
7347
3755
8282
4106
3448
1028
8236
2902
3879
4998
1538
8666
4830
6346
7397
6277
3158
1531
2990
7877
2318
7479
301
559
5940
5447
5892
7840
1950
8958
8239
9251
9129
1852
233
2291
3899
5167
3525
4311
4505
846
8335
6808
9499
5789
2955
399
526
9923
625
7760
3164
8105
5939
9372
9763
8907
6931
3218
6105
4887
3198
21
3292
2080
785
9354
6827
4289
874
1918
6241
6332
6674
8130
9746
9914
311
8953
1682
2241
8201
7879
148
3194
4817
8968
4882
4571
2434
2552
9758
7991
5425
7478
1650
3698
5107
5062
5389
1021
8608
5501
5493
1389
2640
2964
8835
4014
3449
8503
6353
725
1346
8548
7671
3620
5835
8908
561
8983
2468
4671
1517
8022
8186
510
4588
9810
6630
5250
4651
5562
4657
7776
8113
4489
2952
8723
5763
9727
4262
8545
6857
9857
7022
4697
376
5691
4343
4259
7833
5732
8456
5385
2392
4412
1137
9979
796
234
6550
2419
5415
799
5629
7161
6604
7838
7556
2393
5318
9642
6774
2894
7870
9289
2158
9204
5845
4066
8187
82
2796
5139
6649
3042
7133
4545
6571
6192
4839
9596
4186
3005
9334
6584
1401
1411
5683
4263
5933
217
4255
7757
4473
3079
3309
9979
453
1402
9956
6497
6819
210
5578
8534
4777
8132
5752
2900
3861
4146
4292
5931
4049
6231
5182
6710
8179
3349
3384
2433
7865
5008
8412
9848
7847
5804
9874
7439
6330
9660
2249
7087
7049
1644
8173
791
2162
9390
5510
5277
1113
531
4285
4608
6527
4791
9373
8687
1914
3678
6181
2826
3976
3735
7308
6447
8474
8754
6158
5757
5065
6141
5804
7425
2128
8569
3259
8074
7850
9277
4135
6887
3191
6183
4413
6445
4968
6474
1138
2060
6620
8558
7312
8653
8059
6300
1133
4345
3856
5077
6043
2507
5437
2213
3782
1903
6251
8404
5939
3246
7649
3419
873
5598
7249
198
3012
8013
5480
1115
7450
3742
9793
2627
2604
5814
7756
9378
6456
6648
9842
6213
3796
8173
7985
2369
816
2867
6291
5647
2070
4197
5530
8514
5458
7362
9541
6316
5063
2692
2794
9079
7737
4688
3847
5421
2016
7951
5330
6535
3782
5128
1300
9108
5032
671
3511
2448
747
7043
1309
8614
8117
5662
3769
6485
9469
2615
418
8067
6663
1957
6264
9319
3913
2112
5465
393
5563
1506
9209
1910
9662
5985
8439
6809
884
1205
9305
1449
8819
55
1008
1610
4192
2218
230
9800
9584
4691
900
2668
5599
3145
6020
6279
9136
1783
2789
9703
4395
8385
5519
8428
2258
1832
1116
2833
5868
5589
8336
770
4237
5486
6692
2847
13
4513
4212
3150
9061
2809
7533
4316
5805
8301
3041
3867
9683
9025
7927
1831
6058
1031
5743
4263
9463
4792
4172
1440
2801
1595
9296
7755
6967
7411
1822
2690
6377
2381
6864
3168
522
2112
5249
7616
5768
4894
8850
4135
8818
9153
6165
1367
1754
6857
9786
6000
6563
7563
484
1838
2110
630
1286
8599
3343
7692
7789
9468
4111
4375
3956
1543
6675
5730
4881
2384
6513
92
4958
1904
543
4039
7974
5721
5646
3218
9515
7880
8914
2048
6650
4162
9479
3554
5484
3974
9139
8238
3615
2401
3202
5409
3451
1837
3377
8458
7241
8496
9497
471
1886
577
6626
153
5572
9026
5117
1641
2948
5977
9678
6945
8647
1370
2236
758
7062
1320
3762
2730
2803
4045
8614
735
4429
7121
3865
3392
5662
3510
4642
9190
2298
4122
7769
310
8461
6945
4870
6779
2978
9454
7002
9178
1303
2457
6668
722
87
6148
2205
2875
6138
3414
5821
7993
1507
1833
5775
7556
9788
9537
2527
8569
4547
1027
3547
5083
5076
841
452
8949
1754
2881
6166
499
3610
8443
9379
5606
3250
3310
1643
796
5270
7807
6784
6258
6865
9001
7513
2251
6196
2371
8129
222
6009
8878
7529
3788
1252
5201
8241
7949
4361
8276
6186
2187
8610
8960
7322
8230
2717
5776
8302
5817
3038
5981
1092
6371
7616
7064
1
648
3073
2534
7711
1071
4924
5093
6110
5434
1528
1136
93
1325
3480
8072
7437
6190
5071
7092
2231
311
7017
3468
8823
311
5949
6794
6546
9208
6603
9799
7340
6535
9911
4833
1411
4429
2362
5027
4928
879
3830
2070
3621
4150
7987
7861
8516
1247
5760
8071
6430
4832
666
8560
8002
9318
8586
4010
1246
5080
1355
1111
8472
9244
3589
4138
264
3835
5759
9996
635
961
4111
7020
6552
775
8965
6789
5610
2827
5021
9137
6701
6723
7284
4472
512
4568
4171
8085
5253
8841
5339
1724
4219
2464
5090
1827
4581
8730
2095
1791
3867
4364
1787
3400
3601
549
9784
9268
1885
3130
2969
5162
8880
3063
6715
8194
3540
2678
9505
8404
6254
3991
7812
4782
2624
3657
6022
9616
7151
7674
5421
6960
6909
134
1479
2717
8429
126
826
9228
4163
5424
3417
6153
3234
1967
2464
9020
1279
5467
260
3332
6903
7061
7856
9208
3155
8536
2883
7429
9073
1099
6839
6842
7591
1446
2902
8581
3402
7623
7429
6586
3521
6660
3524
1779
3211
447
9969
2383
2522
6335
8334
2710
9759
415
2244
7947
9785
3445
5318
3999
9214
9709
7342
8738
3635
1035
2091
172
6165
5651
4082
9232
4882
7439
5960
9632
1646
4494
9878
5935
672
4713
7994
775
5960
353
6514
4630
3082
8911
6911
8935
3983
2197
5272
8349
1918
8173
9370
3221
1319
2632
6584
6552
9711
3607
4218
8783
5922
6505
1548
6313
6761
5419
1408
4822
583
9883
2562
8410
8132
3338
64
737
4377
5751
9263
2696
6236
705
8593
1572
832
3060
2630
9727
3677
2434
4465
640
3745
2845
2711
3430
9817
8005
9786
4670
2741
3513
2883
3697
8191
8980
3659
6036
3494
3829
4549
8360
3886
7880
1349
5398
3465
2867
6197
7559
6582
6476
513
4833
4972
76
2465
9893
5825
4582
6993
8673
6992
3476
7165
1527
321
9625
3173
8136
3921
8720
8831
290
7560
9957
5518
592
5698
6386
9174
1897
4052
3987
6355
1445
9696
1671
3095
5579
295
2527
9938
9728
5512
6652
5229
1457
6910
6437
4157
6973
7768
3028
406
1076
9964
2038
4669
366
8864
5454
863
2198
9483
6460
6899
8968
7360
7798
4331
4541
6744
1922
9972
9651
6341
3584
5664
3545
52
3253
9836
7074
4698
8249
7595
2881
4718
5136
8350
3601
5489
5399
9635
4802
1378
9661
2693
1993
3207
606
414
145
1170
8275
9671
9296
7177
8108
3751
2355
7361
1366
6074
8496
5282
8010
7164
8341
1218
1483
7842
361
4879
910
7692
2133
6362
3647
9922
1990
8332
8331
1257
9291
2107
7145
3037
6371
9197
5717
2447
6702
5147
4632
7583
826
8787
4789
373
569
3350
5478
1487
7070
8324
4611
2137
1930
8094
9427
9756
5786
8709
3872
992
8368
798
8951
5066
1894
8680
8338
1305
5358
3007
5984
2729
1788
4057
6564
5985
5021
4212
2693
5530
8733
2654
4897
110
4280
453
672
8203
8304
3533
9352
1507
545
1503
9172
8637
1026
8096
1192
279
2772
9078
6195
4682
2490
9576
2412
7002
4656
7205
807
5328
2925
7916
4879
6333
9559
5304
6690
203
7752
18
4979
8199
4517
3383
4322
4576
2624
1298
7373
2826
8171
6344
981
8982
8711
4494
890
2393
8199
594
7368
4139
399
3478
8613
8800
5676
6546
7869
643
1791
6818
5375
1892
3687
9900
3698
7383
3207
2942
658
5596
9710
3450
7937
1000
4068
9670
403
3400
9556
9208
3735
1318
3014
9006
2539
7234
519
4841
3207
3943
8837
4565
2329
8403
8350
2927
6094
4253
5622
7917
3353
3534
2262
643
5189
7723
471
2453
4040
1137
1260
6514
3753
3971
3341
7663
2277
6094
3088
3907
1218
569
9143
9233
4904
7779
4961
9503
5522
9813
2509
7104
1925
8475
5860
8485
4700
1723
7715
9824
7499
6539
6465
4798
9257
134
7783
1991
8629
781
4599
3059
9241
2552
3882
7597
6648
7391
5528
1781
5353
4054
3417
1547
2142
9597
837
691
5809
3444
1699
2533
1809
3640
429
1414
6502
303
9019
7052
6063
9997
8937
9083
9059
4143
1885
3480
1167
9373
4164
5629
2750
4342
2739
5301
4354
4040
7189
1357
9767
2841
413
7621
3756
1945
3973
7053
2079
7
6605
2065
8320
3972
6395
8554
4786
9929
8074
9621
6238
6825
2354
4416
7328
8484
6804
7134
5528
2048
285
1504
5173
4222
7638
6468
4993
7766
407
9702
7689
6880
8261
7457
1439
5932
9824
4864
8350
6540
1364
9175
4897
2932
2213
7493
6879
1450
4604
7847
4552
1934
6593
8250
7723
9295
198
3473
2321
2117
790
33
2054
9134
2449
5354
5948
3873
6014
9168
6392
8922
9212
2255
6244
3755
6747
7314
974
3807
1855
3226
7214
9302
8972
4658
334
9321
3951
2172
4587
3233
583
733
135
1018
3168
8895
3121
1063
6792
6466
6838
9504
2691
4665
539
1856
1390
8653
7607
2293
3424
9971
3342
2329
8641
5319
899
2016
628
8996
5533
2354
5709
2978
9935
2080
4006
7527
6235
2954
7505
8883
6539
9674
2812
3597
1331
70
7250
5157
1981
839
6749
8900
5078
4909
5647
2990
2697
6881
8892
7827
1463
9038
2538
1123
4508
752
4381
1346
9772
9445
2508
3810
8816
6278
5434
6042
4725
3784
474
8537
5558
9938
8731
1939
8193
2858
1518
9826
8731
5132
6141
9539
2854
5634
8775
7433
2287
187
5183
8660
680
8491
4151
6132
6211
4708
3075
167
5894
1545
737
6515
2744
1618
4140
2509
2697
3811
3870
4632
9589
6395
9230
6580
7523
8994
5858
1559
5067
4656
2229
9373
4062
146
9132
6723
4945
8013
1201
2485
6868
5515
4743
3362
5187
372
6243
862
763
8394
4227
4271
4255
2972
2326
6949
8049
7534
8171
1692
4834
2047
262
1996
9606
6618
4687
9161
5862
8133
789
9448
7635
1010
6081
8537
4173
8297
94
8766
3800
2690
9162
548
8772
1052
5198
9588
373
9698
5574
6955
9103
8780
5557
7374
387
3784
6152
7513
4834
9530
4775
1380
619
4088
9664
7315
5654
8018
7790
3340
2690
1992
9734
5761
6963
2783
8639
2774
477
483
7735
4506
7342
8843
5691
8225
4765
3773
3538
4517
4356
9374
7786
8659
3411
5943
7455
7531
963
3656
2897
3781
5469
4512
4925
5512
910
3882
4309
24
680
470
8772
6719
7249
7194
6516
8255
528
1292
1433
5946
5918
1348
7401
9664
3123
7032
8578
3053
8514
4090
7368
3102
2726
7173
8809
2700
3520
2885
8448
9906
8991
4501
943
589
9621
9045
990
5096
7089
9309
7318
111
2909
8945
6275
8274
9820
5342
6616
1164
4360
9349
7132
9475
4066
944
3040
5932
6759
3851
6138
5078
8904
376
1956
7173
2218
6145
1834
3180
5250
2302
6219
6266
8712
6436
731
8164
9359
3543
4935
3000
4602
4216
9514
6597
2171
1456
7179
4411
6939
1526
2984
3031
5587
3298
2253
983
1743
5661
1462
5607
7187
2040
7549
2085
8199
2459
3965
4610
3316
6453
2319
9844
5310
52
1448
800
1007
487
9450
3925
6694
5247
1940
1992
4168
6664
6728
7005
3189
2848
1404
2807
8604
5045
9944
436
1676
7910
368
5695
3703
1257
1787
3959
8056
5520
1609
9881
1601
5244
3930
9760
1020
7842
8870
3506
8616
342
1908
6653
8617
4697
3060
8267
6718
9862
9008
3928
9717
6697
4952
6887
6249
6472
5354
7706
9342
109
972
4745
8900
8334
802
9850
7880
8753
995
3180
7544
2624
8318
5021
7991
6669
6207
3994
5112
3414
6155
6978
8112
3611
7122
3349
5213
8011
8694
620
2205
2701
3290
2313
2496
125
7765
3645
8303
9129
2702
2565
9121
1652
9765
9619
6823
3541
1976
8079
8543
440
8313
6499
9292
9848
7017
9930
4556
8166
7929
9888
8798
7283
4752
2404
3023
4330
3385
9284
7630
8418
7591
4656
2345
9333
460
3648
647
181
7774
6953
2359
5039
5365
4796
6648
1119
5995
4117
7247
2014
9781
1712
8491
7609
8537
1340
472
8332
7101
1786
841
9194
8827
9516
5290
7865
1108
5222
4786
7104
6842
7282
2702
3336
5772
7919
6395
7418
1446
8920
8596
7586
9015
8832
2094
8257
6078
8620
5375
1941
2458
3056
3287
7552
168
514
4816
1268
3896
2670
4655
2917
8110
3801
4112
4711
924
5456
9186
8189
8142
7225
9400
940
834
3750
229
8069
63
8797
1047
2059
8208
248
2433
5694
6899
3239
4920
6049
6322
8762
7010
2224
404
9953
367
7696
4044
7183
1536
760
6439
7064
1047
6737
6513
3710
8929
1645
2965
6347
5980
6553
2021
5240
4361
884
5586
8904
1036
8752
6141
3936
4428
3622
2351
3360
8019
4429
2934
9818
4336
2020
9624
456
718
3236
1015
5856
7555
5886
5624
4431
6273
7860
244
7868
3659
2436
3776
9598
9618
5267
5500
6656
4605
4723
5760
6107
1156
5442
1436
3350
7622
457
9916
6311
7579
2591
4229
3035
4469
2242
478
2490
2564
958
9496
8676
5760
7472
6439
5233
4279
7863
1021
8246
3638
6442
5017
318
6525
4689
8697
6796
6557
7040
6178
2799
5499
5404
8850
6237
8151
9183
6532
933
9273
8981
4304
1368
1503
1374
1494
3963
7159
709
7719
9296
6957
6763
4090
6049
1276
6211
8489
9303
1454
6248
2778
3764
5615
2784
3276
7426
6080
3313
8544
747
9981
6997
9090
4237
6109
5246
2643
5320
9871
4919
210
8328
2058
8391
2514
7844
9817
3890
6268
227
8668
5467
2167
5605
9283
1870
8600
1087
5914
1956
9249
8169
6003
254
5276
2286
3287
1528
7546
1906
2285
6594
8172
6193
9157
3378
1531
9433
8633
2845
9456
7482
897
6619
5942
7324
3966
3697
8637
7597
791
8072
1835
1005
4352
973
1912
9973
4730
1889
1054
4337
4534
2091
125
7835
1936
1415
5378
2790
923
6507
7654
1954
7140
5397
2010
3163
5229
9458
7151
2218
4957
2979
4258
6826
4205
4532
3729
8563
3070
6196
2821
9970
7022
9478
9928
3067
6085
3517
7112
4278
707
7197
2002
396
2978
7887
8487
219
9902
1556
5818
2770
9929
3451
4786
1458
3278
9552
953
7669
8950
6626
5773
7552
4722
1985
2769
2465
8787
5327
1790
8466
9603
4853
775
8164
8196
5060
2943
8301
2500
5771
3845
4575
7919
6303
7817
4563
6367
5315
9765
7644
2743
1412
7422
6601
9251
228
6000
827
5251
250
7312
9203
6725
9505
9675
7974
9051
3280
9815
9322
2625
2936
1367
6582
1413
9573
4932
6628
5445
184
2803
43
1473
9106
5998
8111
7304
4502
1115
6998
7962
8335
9051
6998
5277
9300
6650
4823
4455
1689
1129
2606
6197
3754
4788
6693
18
8431
7126
3652
3712
6597
8087
4723
3672
8062
266
5562
7289
6240
6431
7544
7868
2505
3576
1260
1740
419
5627
8472
9437
3201
6911
5329
9971
6296
41
2971
2527
1700
8592
3455
7710
8591
4969
5617
7801
3778
3561
7792
7397
2835
9049
8270
4800
4492
5981
4710
490
6110
227
3419
4667
8876
7706
5540
8651
5287
4319
6073
9773
7814
7621
6838
2432
9015
515
6898
2314
2121
5525
9670
5420
3016
5953
3969
5691
596
2742
7678
5372
1628
6227
7794
980
9585
6251
9817
3380
6068
3154
2873
4457
328
7841
9801
9832
6708
2610
2253
7024
4793
5326
4052
9976
9319
6057
3231
1781
3367
1861
9755
6134
454
8158
332
9430
2800
4923
3709
938
8661
7611
5586
8781
2112
7542
1915
8075
1809
1614
4046
9630
3348
4095
3420
1069
8360
1770
4688
470
2203
3749
4728
1272
4994
6628
343
8605
7838
1660
7326
7133
2507
1573
4192
8100
9615
3335
77
55
498
5224
6969
8493
7952
4305
7282
1072
223
7018
1456
4495
3351
9636
1373
7414
9306
7899
240
2873
6704
5884
8511
3900
4743
3032
7721
9526
6827
4973
8616
8493
3650
9146
3546
8222
7649
5113
8826
7087
6185
4119
8061
2809
7673
754
3187
2319
5718
4286
9785
9958
476
1626
6999
8213
9298
6048
159
6619
9651
2808
7382
6989
1392
6174
3308
3680
8659
3467
8058
3294
327
353
3967
4948
3661
6485
9534
1673
8900
134
9457
7998
8099
1918
4293
5904
283
3870
122
1888
479
5249
993
3031
2658
5243
1118
9129
3577
8821
9408
161
4502
2810
9592
3630
4637
3765
1701
5842
3954
540
5696
5698
6265
9108
7714
5174
1758
8520
3447
1120
8872
5147
9246
8315
3473
2725
6966
24
6297
1574
335
6203
806
8454
3726
6808
4972
2546
1834
5862
2506
1248
2082
4275
4250
9675
4476
6923
1990
7787
6131
9476
6657
5562
4153
656
210
907
1273
36
8571
8392
5575
7239
3569
7334
7715
7271
9628
3797
2683
1488
9650
1782
6222
1842
7055
2909
5166
180
4470
3432
493
4295
9669
182
6299
5102
7299
5308
4690
9468
6098
3120
2196
1794
6767
7381
5225
6919
7005
2670
2828
310
3928
5885
5169
8360
562
8610
7683
2934
7814
8686
1582
4588
4427
7232
825
8675
1075
2087
669
817
8973
5113
8291
7959
5715
345
8307
449
383
72
9039
921
7511
3501
9655
7069
7067
3649
7168
8752
910
70
3272
6751
3027
5214
3440
2303
4973
3375
9307
1708
2475
352
4346
2480
2296
419
1932
5242
874
4710
4657
12
1233
9341
9096
2479
6041
7022
3488
4603
1276
8259
835
2017
2996
147
2655
2060
6537
3784
6235
3004
6322
8717
5318
9940
8208
7582
4599
9776
9488
6123
7868
9523
6687
6274
9522
2813
5482
9000
3602
5941
4879
3050
1142
1832
5038
4742
7018
5799
8817
1613
5130
1615
118
4493
1668
4707
1782
4648
3403
4373
5531
5898
6400
7691
1885
9946
7260
7766
775
456
8920
5791
448
1180
8077
2566
5642
9360
5469
3555
4464
2210
8006
9398
5217
3502
4704
3121
1142
1365
4859
5970
1366
3449
4109
6976
3620
255
5189
2776
6295
3711
3729
4922
8092
1900
4758
9846
1528
8423
4894
413
8665
7751
7794
8306
15
9813
8006
2935
3017
544
4149
1514
5867
632
1167
110
5489
1255
2812
6882
6601
9210
3210
5085
1353
2473
9815
2824
5028
9777
9622
7520
2412
9489
6018
7825
5835
7507
7119
800
731
5271
8170
2088
7794
5970
7605
8842
3303
4116
5726
6293
5637
6352
5564
7201
2445
40
9001
1412
9807
5650
335
3219
3569
9194
3557
3933
9983
3823
8282
5890
5816
8908
3946
9898
7426
2344
7539
6266
1988
5538
1577
3064
8789
8808
7980
7090
2681
341
9967
6059
9678
1619
795
3027
8401
8937
1299
3656
3635
6837
5396
2936
7220
5518
1738
4476
4943
8186
4408
7621
2382
8066
9692
683
3285
2043
7036
7815
5661
7570
2052
5484
4663
2476
783
2171
7468
7835
5982
7205
3143
7943
4480
1742
4989
1766
869
1845
9019
3917
9609
9489
4134
348
1472
6839
1784
1554
4152
1204
8286
4122
5820
5835
9879
8445
2180
7299
6533
118
3179
2365
611
6671
7899
6878
4195
6982
1722
2601
1781
9804
3048
1942
2679
4382
4515
9739
2906
2660
7371
9536
2561
1264
2298
4607
838
3735
3316
252
7232
6285
8056
6954
9664
9868
6917
3631
2217
3030
6605
1832
5849
5855
274
6474
2493
7373
390
5733
4442
7440
2957
9795
5337
3705
4573
6210
8030
5556
5576
6814
7449
4658
3927
5085
7389
1617
9673
3129
2163
7104
1580
8546
4841
2264
7596
9157
2479
1887
8180
8857
5652
2900
9456
3808
1998
4511
2370
1019
5480
8385
1576
8631
4111
6216
1442
2513
1495
2289
1138
4831
1298
9136
1272
3154
447
7884
7344
8048
6514
9744
9641
4748
1
2843
3056
8955
1562
8543
7650
8843
4295
6348
178
4751
6184
5639
8564
2047
9562
7377
9366
2519
5735
5219
3505
3938
8570
9670
2615
5274
5017
7735
9725
2906
3670
3332
2057
9209
5174
7807
3747
2734
8990
5786
5720
9152
2216
7592
6199
2885
4454
6137
7013
9395
5042
3077
5207
7787
710
7063
6118
1187
1718
1980
205
9153
3892
3314
2306
1146
2800
5821
4281
4837
5255
2169
3794
1184
2122
4345
5871
276
5775
9678
6791
5178
9521
792
1908
9968
2292
6348
6507
3964
262
9759
8389
5378
5403
1988
5444
5621
6430
9183
935
3820
640
6132
9342
410
8516
4840
2403
3545
9315
5349
895
3900
6275
824
3592
3357
7310
5419
1098
1761
8825
2165
2583
7722
1005
3214
4928
888
1622
4660
9216
6798
2793
2799
8442
9732
1502
5975
9680
7274
2351
7469
1357
8353
4003
3292
1422
2803
6948
7957
8731
5783
275
9038
1204
4656
869
1973
1614
8656
4797
8604
5887
1215
510
7873
4849
9481
9699
7286
489
9188
7975
4705
2791
3134
6387
5054
9550
1038
4471
9460
7363
2196
1049
717
4679
4802
5001
4112
5230
1278
1218
9243
613
7726
1000
7027
8638
2892
7456
1261
2404
2615
8047
4000
9004
5992
6180
6622
6493
2645
9741
3304
7392
5198
9206
7524
5733
559
4409
5232
1782
4463
4342
323
4124
2
5949
4325
4027
647
3691
2207
9294
9412
7684
2247
6669
3131
3485
2374
3250
4470
2908
1778
8797
3911
7997
6668
7989
4791
4514
5154
3704
729
9962
2077
4015
8977
3353
9508
7942
7331
3811
7967
3702
5410
9063
2107
262
4868
3248
8371
1068
8098
5819
5985
246
3117
4368
8556
4842
3757
5183
4901
207
4485
8010
4670
9111
8874
6497
1286
2669
6436
6115
7272
5508
1341
6725
5152
5436
3203
2946
9709
5340
2034
7975
1371
9744
2167
7057
6508
2668
1922
9203
3792
613
4959
8008
9863
6018
524
4300
1032
3144
5728
5106
7869
2343
7884
8576
7906
4740
3550
8589
8890
8869
5319
5563
136
9478
8971
1779
7301
9493
8515
161
939
7181
8268
5043
9696
4131
1065
4573
5233
6668
1816
8413
2663
2392
6811
3796
7599
7030
3833
1416
6587
1367
7484
4760
1580
5567
7288
6417
1618
9367
1199
3977
1758
3930
8536
8339
8390
4028
96
7245
8686
9810
2819
2282
4327
9834
1971
3807
4674
193
2090
5621
4217
6959
7471
4847
9151
9242
1564
5376
9082
9355
9436
4768
5938
5696
177
1584
2950
2580
9996
2306
2017
1541
7118
212
6144
6504
1459
5268
7621
3147
5580
9473
7074
2772
2270
3489
1842
7484
9344
4939
163
3729
3159
9888
2327
193
6563
5528
6418
4312
2693
1077
6607
7013
4781
5428
5975
4719
7528
51
5520
609
9580
560
5511
192
2697
8794
3305
9798
6944
9330
219
9391
2751
3482
4839
9313
4593
7216
1333
6854
9869
3614
6308
7037
788
9171
3840
871
1647
2270
1596
6183
4785
581
7762
1978
3263
656
1946
1435
2589
695
1136
7965
8067
5485
121
9647
4771
7820
4575
4345
8458
3140
5404
936
3375
3179
5048
7209
410
554
7601
9531
6752
8759
1589
5986
4243
6649
2079
2784
7246
6428
2151
6534
3342
9428
7614
9402
8353
2526
1717
9994
101
2881
8107
5606
6200
2747
579
6208
191
2614
5206
8421
9000
9856
2724
3688
152
5768
292
5020
9238
4914
9414
4651
20
2102
2884
6619
6269
7355
2049
393
410
7454
1453
7821
6902
7507
4338
4143
2168
9023
4369
5580
6286
4885
9308
7380
763
8832
2483
3563
896
1045
9023
1800
20
1204
658
7197
2159
3098
9664
6760
8694
5870
8670
4561
5608
8288
5258
6218
711
2026
2572
8827
9758
4238
7598
4846
378
9983
6796
5861
6162
2831
1276
2143
8350
3158
536
5281
1177
1276
9576
972
4832
2472
5420
599
8159
3030
2681
6009
9429
4885
2126
9149
769
8737
2989
4447
3655
2762
4837
8153
2429
4790
908
5069
9157
5997
3778
7615
1519
9372
8992
6516
8826
2358
2889
1765
6821
3022
6498
4291
4515
6748
7016
3174
6978
7148
6858
6121
7310
2631
4331
5825
3107
1201
4359
3811
6475
7757
2058
5515
584
9732
1042
2904
9883
3393
4738
1303
6264
5195
9951
8800
4392
8482
9699
566
6062
3139
8706
4566
9550
6984
405
5960
9444
9491
6671
7483
1855
8026
1709
3230
3356
5394
8008
6987
8284
9185
4746
665
9336
2634
2137
8677
3493
8695
1452
4373
7700
1850
3243
3125
1004
8530
7200
7615
3594
6009
8870
3116
1359
945
5940
1313
1555
1090
4033
5813
8399
4798
2395
3606
1140
5529
7266
7095
9889
4711
1723
3331
8122
990
3207
4333
3890
5028
9455
4640
1325
5871
1197
9283
9330
6449
8679
2653
9287
9761
9232
5741
9224
5427
6730
6404
9649
5719
2836
2081
7572
1998
9592
6101
4835
9400
4554
7752
4687
2173
3763
3902
8700
6988
9944
2872
4546
1179
4790
1713
6034
8301
7763
3430
9040
2294
761
3421
1581
5489
3713
6202
8096
795
3921
565
7229
580
771
4918
5693
1552
6612
6140
1959
242
8890
5930
3292
690
646
7039
2467
4968
8573
4947
6150
7621
4648
9182
8303
4515
7986
8223
628
4449
5907
2440
1094
7558
707
6496
7892
4592
62
6952
5178
8867
7837
8856
2610
1860
8928
6685
1841
6371
7215
3156
4132
9180
3884
572
3741
9383
4742
5182
727
6897
773
7029
2033
4620
1090
3233
8659
2268
2089
6022
6570
2206
6733
7690
8059
7061
5419
6635
1699
2627
7377
8109
5208
5353
9864
9937
6382
2350
6639
8456
8171
1540
9990
5638
3328
7394
8389
591
7430
8651
6249
7584
4569
3753
7193
1862
6021
9832
1965
3026
619
1198
99
1986
7927
614
4164
4083
7038
2019
3815
5444
7984
973
8689
965
9172
8055
4616
9446
7808
4158
1574
1131
191
7471
6312
9810
1932
2084
2128
4443
4789
2984
8765
1695
5769
509
537
3504
4140
2476
513
5356
9943
3910
5160
5148
2370
9853
6052
7444
444
9074
2237
9527
1214
2009
8571
7487
5475
8204
7604
2631
6773
8668
2574
9641
1162
6864
1416
5787
1500
796
7597
1270
8694
5455
6365
1768
5658
2386
1196
6610
6044
8320
1274
4167
1483
4029
5290
1175
9234
6110
3962
8316
3024
4294
410
1683
142
185
9032
8048
9628
1752
2153
2235
2658
8238
9306
1861
668
6730
8271
5744
6137
893
9221
7867
3910
3884
8630
9646
5807
5401
6430
2227
1469
4213
2073
4703
7004
8900
1123
5843
8820
6129
6555
8920
8035
5746
6663
1626
1236
1722
9526
9922
3439
1386
5604
3049
8640
5338
1148
1463
2490
5581
4598
3882
2664
4930
5177
2398
7631
5959
2479
9932
6621
2942
6169
115
629
1228
4091
4131
8582
9055
8359
5077
8158
6187
3407
1060
673
7270
6172
8972
2640
6510
4671
5831
1861
8219
5078
1868
7289
9442
2257
1249
4
9270
5854
5114
5350
2329
2566
5513
6174
8764
8886
1789
6250
3190
4867
3737
2226
3840
9493
8239
4386
7577
1068
4128
1581
6281
4967
105
6839
5548
4876
6045
8567
5635
1696
8384
4100
6616
4460
946
165
282
4279
8236
7698
2631
2358
8779
5242
9458
7256
8550
4466
9648
2891
8980
8149
444
970
3708
8911
3995
211
1732
7811
1512
5947
7181
2996
2180
8764
4138
2117
7757
9052
1372
4038
3769
2070
8637
9507
3064
7410
6831
3382
6479
6444
2623
4605
5101
5788
2961
3909
1962
620
5841
9850
7525
4299
4683
4722
801
4049
4218
8975
389
2691
9113
6186
5358
378
5125
9483
9522
7459
2105
910
4037
681
5616
8459
4784
0
848
4520
3980
91
2348
4066
4868
806
1282
3352
2489
45
5163
6853
4166
9952
9313
1030
4607
3156
5799
7963
7872
7064
3929
6295
3328
8974
3399
4899
5196
4773
3493
909
491
3325
771
5190
3215
1042
9212
9581
5577
7514
2879
9283
9621
7044
7078
4873
8348
5800
5786
2967
969
5862
1155
9061
1479
9884
8056
9680
1700
8768
7345
8230
7027
4503
9629
1893
6430
2049
1793
408
4704
1811
4237
3373
7270
5143
1400
5327
4610
2221
8439
7541
303
9289
8091
833
6096
3661
965
1381
2060
3938
5422
3092
2569
1454
2485
1753
1157
617
1955
7993
6319
9906
1353
6793
5195
3202
4199
6611
9857
9417
3426
4506
8954
6858
398
4336
7194
5744
102
280
4260
8173
2117
3808
9890
3900
4476
202
8488
3200
2438
7543
3731
3466
4154
1846
9514
4906
2705
6412
623
6006
4404
7155
7630
9992
8817
2396
6191
2540
2572
9906
7017
5903
8467
648
4209
5985
4635
7391
9602
8769
6096
3425
9239
8506
6779
26
6260
6391
5317
2523
2342
2605
3430
1611
1933
5917
2370
7601
3605
2425
2020
4168
4968
7214
3788
186
4904
4460
8820
840
5101
1246
5423
2918
1479
3267
9873
759
9369
6559
1509
3064
6899
6046
9144
601
3722
202
3405
5482
9466
1560
1749
6666
8879
9492
4386
54
1290
5408
4073
5727
8206
4747
9627
5634
9837
5940
2948
1640
4600
8236
9212
1601
6446
9786
2270
4331
4707
1689
6585
64
7423
6784
8577
1852
4379
1523
415
6525
8049
5048
8954
3662
4458
3684
1038
3521
2465
9184
6651
2628
1856
4519
9489
5097
4382
5772
1446
5173
8291
4873
5655
8366
2711
8202
6867
7848
2449
9269
2038
6750
8021
5295
3045
4579
2952
5205
5460
782
7131
6703
6690
1212
4021
9192
9316
7073
3790
8419
2452
6183
3129
9200
6920
5472
6144
2228
6225
874
4517
6729
3894
1484
8059
2689
3651
6138
4590
1312
6606
5508
8880
5046
5549
1465
9635
2850
2214
4621
8165
773
5027
8811
2358
450
7319
3802
6251
4888
4952
463
5998
4534
1072
5613
3148
1398
5876
9649
280
6013
3177
247
2433
9668
2108
9441
2294
4058
7234
597
2773
8304
2621
7335
7945
3470
2570
3869
4877
6547
2501
587
1444
1869
2233
6170
186
7441
1552
6349
4094
9315
2248
210
5401
8804
6133
9232
8099
1691
8236
6181
124
5567
1529
545
1496
6684
1745
1699
415
4522
1888
9971
9575
2549
6814
8119
486
8544
2328
3438
5637
818
2908
1452
6341
1068
4625
7951
768
5618
7030
2018
9775
7677
5599
7946
587
2647
2763
9654
2263
5391
6879
5564
4636
2769
9721
3064
9337
7572
8096
3333
7976
4684
8636
5659
2710
4980
5415
6315
5226
6449
3316
2490
7005
6378
8213
1252
2157
6827
3282
785
2230
5159
1906
414
9756
1364
8957
4767
1351
7942
5825
5286
5230
6052
9397
8044
7289
606
489
3619
1719
7227
6822
9372
9057
4764
7850
1888
9716
9009
1005
2669
8330
3823
8287
4024
5244
6074
4891
2049
7263
6041
7603
875
3746
9331
2214
3693
5820
5748
742
7741
2754
6658
5217
1582
7602
4132
1483
1424
6544
7770
639
1440
7926
578
7451
4848
792
3905
6493
6657
7456
350
3643
6239
203
7241
9030
8987
8664
9545
1290
319
2647
5615
8286
8191
8744
6144
663
9878
2292
7348
3362
8939
9650
7599
9330
436
4190
8195
6804
7174
7651
4161
8280
5831
6452
7181
4240
2862
6753
6433
1578
3709
898
9392
9550
6033
8816
3362
9148
4771
1840
8262
556
5180
3859
2705
7991
1858
6551
7180
6082
5430
6315
3141
5150
4009
2509
5636
3017
624
3610
9583
7729
8563
4723
9252
5898
5998
6683
3664
504
8867
9004
6021
430
5291
3729
8314
8494
8953
9004
6410
4359
191
8179
1285
6535
904
5811
9819
1013
4150
9550
3619
2329
995
6953
5615
6534
6605
616
6689
3548
1039
2705
6499
9527
4199
1430
7611
5394
101
2170
8678
982
6780
5947
5035
887
1038
9750
1671
4950
5137
4410
8826
6910
4766
4706
6771
5321
859
9372
5570
1746
7552
3946
2205
3302
6193
9976
6557
9597
9587
8165
3559
840
119
4056
1717
7729
3150
7792
4886
8099
8530
5171
7612
4841
3207
8567
4930
6715
8853
7182
1679
6535
7631
2556
6180
1195
5580
7025
5326
5236
3447
883
5557
7975
3602
3576
9625
6488
2931
2832
4224
3787
8021
3904
3159
1263
2367
728
4782
5999
7641
1660
27
1670
7611
207
1589
7420
7217
5489
1884
9588
8372
7680
1923
1690
7216
6797
6152
4642
6853
830
8670
9874
278
7891
1364
8136
5238
1673
9934
3076
7583
2744
1994
5532
2900
3054
2458
4017
3865
884
233
454
3847
9809
9718
2515
5729
4611
9077
1387
4267
5371
874
5589
2916
3683
2554
8987
2892
8694
9867
1216
5192
7778
8888
4170
5303
1934
6327
5515
4124
5635
2374
1346
9686
5977
5712
7431
2498
3091
1841
3757
7105
9196
1536
2807
1717
8452
7699
1898
1640
7768
3008
825
465
7598
7296
5690
3502
6011
236
3002
6608
7608
1709
603
3899
3722
5592
3161
2355
669
7791
3231
9366
3108
9605
4887
7140
450
3203
9490
1830
3170
2772
7139
3785
844
1969
9640
7272
450
9226
1539
2188
8858
5936
3148
7211
4180
7094
6193
8136
6486
250
2313
5803
7053
9100
549
1803
9086
7272
9361
5899
2689
9640
7358
6001
1323
3532
8348
5155
7370
4094
7276
917
4447
4494
4723
5452
5179
71
4997
188
9462
7383
4317
3179
668
2817
2777
2336
4996
5037
7358
2614
6241
799
9910
4712
8621
5294
9990
5918
5465
7374
2400
484
6581
3508
6008
3016
1738
4938
436
4568
4121
419
7208
7305
25
4604
9177
2403
81
9698
6934
6580
5988
1289
251
6385
4854
9991
2609
1630
739
4839
1996
5103
3360
3075
9447
1700
2609
7120
3903
7463
7903
580
9430
9508
4596
1659
84
2214
2764
4139
2676
6789
5470
2859
1496
2431
2802
8519
6228
7531
9459
8571
1516
6150
7926
61
853
2932
8745
1353
1557
549
8281
7795
6124
252
1561
9072
4097
1538
6065
2617
74
2675
2024
7064
7489
528
7869
4242
5791
3169
5938
5103
4151
3437
5185
3941
688
5170
1919
1348
2305
4732
4883
2742
9592
3165
772
5140
7346
4982
565
2716
6441
8452
4276
9355
6925
4535
7651
3466
7303
8178
3958
6921
9495
1184
4885
5730
1532
8715
3597
6054
8685
4365
2874
2828
1838
5782
1014
9391
8869
7683
9908
8315
4458
956
2339
5669
551
1577
6269
7532
377
7988
3254
32
2365
5350
5620
5121
4521
8985
7050
1303
7979
3717
8344
3650
1383
2029
2999
2721
4325
7735
6632
6812
4221
7788
7569
926
5109
5471
997
7642
5849
1108
2580
9364
4136
4345
2073
7920
7066
9738
5455
910
3467
3377
7553
1911
3646
4288
1012
7562
5629
5945
4029
9080
1180
623
4313
7004
795
1549
5670
6309
9510
2397
1410
3550
6174
939
1385
200
3705
4581
6464
735
589
4416
780
9856
7147
2574
5229
2013
6678
8806
9032
4788
1589
9104
3057
6715
5522
8269
1625
7209
6204
8772
4960
54
5825
8946
3894
8969
9025
9258
2067
7643
8749
3133
5960
4999
6614
2214
7205
9550
2090
9887
1962
3523
4775
1468
9777
2407
9761
3445
4648
186
9037
3826
9032
9273
6188
6522
2634
2232
1403
3973
3220
5539
2318
1774
7910
7408
4731
5979
6180
5938
6334
6047
4250
1679
4398
4301
7948
9687
7880
1033
9677
6199
4318
3894
3669
3984
4120
1476
8092
8791
8216
304
6564
2109
1722
3423
3672
2010
5878
1029
2287
7780
1512
9937
2723
2230
5055
4534
6424
6431
998
9878
4022
9259
4853
6154
9911
8866
2947
2293
1741
9404
6984
2331
5324
9113
9955
2216
8117
4881
1541
8446
7291
7430
3491
237
6096
5875
7841
2244
277
3812
4389
5235
5907
829
5308
3865
9198
5906
4308
5771
5595
4934
9150
714
8044
7538
8652
3892
8629
4053
6310
8281
4660
9541
9105
1912
6420
8629
7261
2231
7865
2945
2749
6444
6162
890
7960
2485
9785
1618
8968
9326
6405
5268
27
1236
9805
4908
3112
7952
9932
3663
7615
1738
6348
5161
9684
3728
7901
671
3204
9184
4021
3942
232
1972
6361
6168
2606
1999
5317
5142
8327
1111
3736
3005
4651
8575
1800
3484
2347
4921
6218
6169
3547
9571
8887
5745
7399
9410
2017
4859
7345
2508
3628
2260
7215
4981
3728
1164
9151
630
8256
4795
6643
8843
7938
549
7476
973
8672
7386
9406
7352
7928
8039
6136
9071
2527
4106
9839
3286
52
2096
6604
9780
674
362
5335
9438
2126
8669
5635
2461
6440
3566
7674
3903
6061
1052
7391
617
9282
7920
9096
3399
7875
7601
9321
2833
6174
7768
2745
6815
2031
6973
2350
3430
1411
7726
6551
4785
1653
482
5147
5713
6291
6728
2104
4580
7066
4092
8402
1184
1051
8062
4180
1147
8190
9021
2300
3684
9860
9479
3129
545
8088
7573
6799
3167
7421
5316
2819
1704
317
950
2558
6534
9788
1962
3543
9366
6282
5805
3639
2670
4201
2551
163
1789
6388
2813
9319
8596
851
9650
1431
6463
7148
1567
1789
8381
2099
6933
1171
8817
3801
6792
443
6204
4589
921
4432
8563
9592
4963
4923
673
8178
3763
8013
5915
7262
8200
646
8649
4051
5959
59
1083
5681
3740
7097
1486
356
760
7193
6052
705
183
8113
8730
4911
7650
5822
9252
4914
1992
9865
5340
2040
1628
6255
4122
4682
8337
9551
4702
3524
8876
7944
2498
1325
5335
2136
2498
5491
940
7673
4442
9032
8621
3419
2372
5259
6349
4651
571
7500
7559
6874
2945
600
5927
2403
2903
2300
3378
7921
3246
5210
2564
929
2204
1783
9994
5921
9908
2139
6717
9116
8252
9572
6778
9495
3631
4379
3538
8586
4465
3868
1370
7620
8788
9813
6909
5940
1415
8510
4454
8230
8829
2838
7811
6446
3340
9346
6815
8530
122
238
2662
9568
5670
5950
3298
4623
1988
7374
2257
9600
6552
1373
5488
8728
7787
4096
4245
4043
6592
1994
8275
8507
6095
1900
800
355
9747
634
4649
4205
2515
4164
8231
5899
7911
4497
435
7547
3141
1458
1362
8457
2416
9574
523
5954
2460
9040
5051
3156
939
5175
8189
3307
986
5707
2874
5605
1239
5714
942
8551
8700
3486
8253
5711
9490
8270
3771
3664
8868
1551
5692
7027
7418
8898
9934
1612
1916
2163
9420
9904
8725
1251
4710
4118
8624
6270
4220
1790
565
4729
7418
7105
8161
3261
1102
1029
850
5654
7373
2348
8740
4906
9239
4120
4870
1906
1762
1227
1074
5961
4362
592
7201
3804
5751
3693
5233
4245
2576
5415
9182
4986
3025
5892
113
9605
7003
2734
9956
1061
6891
2856
1849
6555
9113
8611
6781
3749
375
8675
7480
8351
4144
2242
9077
1135
4742
3189
6604
2453
4861
4939
6213
3434
9652
288
1155
7442
6527
4995
7405
6101
40
1971
1660
6421
7265
7743
8844
2378
4080
1606
8036
2924
6548
6637
6775
4930
1185
811
7635
8503
5429
8825
7038
2839
1341
5725
9224
6023
7436
2356
4460
442
9854
3932
7360
8495
4097
4411
9494
6559
7074
8312
8595
5959
8830
3349
3679
2481
1224
2944
8635
2710
5681
4154
3396
7009
8405
4988
3062
2946
7439
2282
3865
1683
8244
5002
6772
1772
9414
675
9799
3054
9180
3395
4953
8170
7710
402
4375
4208
4390
9460
9750
469
9714
5108
9184
5714
8728
4066
5078
295
8283
5980
5449
9739
5000
5215
8402
6863
4005
9466
9964
4029
1196
8528
3825
2697
5327
5303
3464
3941
4758
2471
644
5231
8511
6575
5917
6755
8741
6974
8394
5034
7446
6053
161
4806
5772
9925
2288
763
1698
5924
8180
7130
2388
3492
9341
951
3991
1062
6438
2944
3153
4837
8730
4496
3526
4145
7143
6332
7163
1398
4378
8974
2518
8347
3434
6067
3485
6448
8789
2679
5046
395
1084
8441
842
2974
2778
9749
441
7158
4948
8104
6613
8968
5442
7095
3471
6268
6638
1179
1427
6669
4333
8219
3763
2334
5936
935
9207
92
7212
5118
3634
5430
3710
2160
3195
8597
3886
89
4456
8053
9296
5097
5418
343
3603
3821
4543
84
4480
9839
7330
9983
6200
3740
1670
5676
4846
1895
5662
6743
8977
5531
2087
8544
9762
8176
7029
7883
3268
5222
8776
4104
5468
2230
3551
914
7041
6861
8301
8092
2482
6268
7997
9020
6616
6827
9998
7714
5949
9962
619
9099
6233
2274
4474
2686
7691
7371
1338
4906
9458
2276
2484
5399
6686
5462
5675
1607
4682
9921
2395
8855
9412
5708
8777
7603
4930
5219
5275
1823
5274
4879
4934
1269
625
3233
5647
4005
2787
9850
3119
347
9827
6499
9140
7510
6524
9558
2713
403
3450
4972
5145
7658
1809
7040
6428
8759
6875
6919
6090
3297
2756
6494
4583
1008
11
7590
72
37
482
5244
5416
949
9366
9923
484
4673
6667
2235
2161
8270
9477
4304
5648
6290
5391
2361
2391
655
3862
4726
5341
9504
2168
1397
4329
4335
3264
9421
4013
6998
4296
1865
230
7930
4340
8863
2151
5342
8030
5542
2725
7001
3652
6810
6719
5716
1088
5475
2495
4206
4804
7932
653
7604
6058
2495
2467
3838
6334
1149
4604
6703
9307
2001
2651
2517
4973
3534
347
9422
7471
360
3306
9200
2312
2750
6286
6476
7785
5521
163
4091
9347
5019
2768
7737
1681
3347
7121
3275
9232
7510
9289
4556
999
1727
1112
4227
8374
881
413
7691
7969
1893
5850
3785
2958
3257
1026
4737
719
9689
1160
4866
3998
408
27
5854
275
7333
8619
637
8838
6031
6821
3958
4481
544
8453
1366
2224
2255
9443
9657
5338
8838
9241
7200
9076
8830
6036
236
5123
6241
7038
3804
4651
2115
9459
3947
5310
6991
8967
3403
1992
5860
9802
7546
8737
9645
1533
5526
5058
436
8352
8572
2565
9811
1764
7929
7820
7864
583
538
6932
7653
6035
2341
6877
2710
6832
34
3456
8389
1474
6350
3216
2172
8225
8969
6578
7860
3455
7021
8256
2770
7092
2583
687
7568
9336
7271
1515
3637
4888
214
8636
551
3080
5918
8187
2399
3364
3107
6501
3150
600
4031
1145
8896
2862
6092
4831
4045
5993
683
5168
7072
1018
6208
7967
8509
4890
4297
8150
3403
9325
1057
6620
7061
6312
4853
6523
4945
7457
9824
9167
5493
4142
8307
2973
413
8151
2581
8100
5761
766
4111
141
5445
6767
4578
2141
2177
3417
3507
6441
8363
8520
4780
4946
9266
7428
8976
4992
9062
8739
5398
347
9075
3743
4972
9329
9500
6055
8396
3150
3761
4263
6245
7956
3290
3100
5096
3902
5092
1948
93
1500
1701
4902
2885
1000
9635
1320
4499
310
724
8029
8992
8221
651
9255
2269
195
829
1734
3964
7126
5037
6907
9632
9382
8587
6588
6385
1911
1595
9519
62
4144
7602
3898
6336
3558
9774
5762
678
5779
8802
6436
6302
4577
7383
6096
8925
1709
7678
6557
1201
7784
2452
5268
8402
1969
5577
7310
7845
4919
2149
9673
8220
3966
1300
5556
5799
6882
74
1655
9491
7382
3729
8316
6593
1742
7411
2707
8805
120
906
7045
7836
1258
1306
2577
8898
2328
2778
7787
8392
3637
1149
4258
8209
7583
1947
4695
3068
434
1581
511
6977
2846
2819
9337
5400
9952
9925
4765
7410
7196
7256
7469
1953
2889
8906
5784
7944
986
6790
2206
4269
6873
543
4116
5970
7524
9043
1429
8405
7562
8821
1943
4565
6030
9450
3125
2553
3382
5666
150
6348
1289
5560
3896
3088
8382
1751
3874
2288
2003
4315
6346
9813
5155
1232
337
996
3823
8661
2570
2513
8607
4993
7227
7697
8488
3977
6179
1487
9046
6562
7029
7723
7466
7502
779
4584
4361
9285
8421
675
2461
8470
4225
183
7278
1831
7175
512
8860
8343
8277
6312
9361
4063
8894
4785
5987
8555
5240
4969
2811
6742
7740
1237
2506
3001
7048
587
1323
1532
5218
9390
6468
1872
8183
1027
6652
1451
3688
2282
5415
1184
8006
5820
4247
7933
5846
7889
4790
475
4434
4257
2481
7616
2020
2778
6232
8352
648
904
7867
7854
1512
8581
2099
1388
4831
4263
752
8640
7123
3547
455
5204
7167
2516
2679
7814
8065
6061
2103
278
6376
7018
6872
7146
1569
4501
9027
789
675
5785
7288
5305
4293
6321
6722
2023
4671
8787
1804
728
9147
659
1819
6361
3761
5270
7649
5738
3626
8440
1708
4052
7272
6321
2072
9070
6887
5741
7076
8675
2353
2238
231
8622
9200
127
1218
3122
5771
3268
1243
4537
9791
4569
8459
1330
9617
8741
8216
3563
7402
5976
6965
393
9337
2160
1908
6833
18
7816
7006
658
4053
2504
3069
563
115
2081
8986
5098
6840
4428
3238
1647
4720
8530
8856
8527
44
830
6801
8177
6859
7311
7292
8315
7220
6466
667
7137
4101
5642
2976
3201
8524
3779
158
5251
5798
6194
820
5018
391
9776
8949
3193
3788
273
7553
4807
8531
797
1094
8364
2090
8807
795
7698
7961
2345
8627
3465
93
1823
1041
3266
8830
9355
2119
4265
2367
9259
5823
2012
9709
5900
7464
5092
483
1543
9895
8572
4645
1333
2675
2149
3006
2721
1879
2324
6959
3946
7551
4642
5445
2372
7343
9622
3840
9857
5207
135
8054
9573
8437
3784
4534
9720
295
8749
8945
5767
5579
4535
3045
9675
4394
312
8515
4127
6931
2220
9480
6508
3629
7614
8379
9047
2004
869
9473
9871
4811
9659
689
3557
1308
2443
4771
8755
8299
4971
4468
2839
7750
5668
4852
2722
6697
7679
1567
8802
5703
8851
2047
8566
4249
3195
6866
8933
1242
4021
8522
8693
9476
5936
8595
4645
1653
4902
9605
3396
8208
8880
6674
6581
3241
1065
4471
9984
7387
878
2568
1595
4602
673
6285
9989
1912
2451
7846
1708
174
9469
8158
1934
1612
6396
4292
449
2517
4636
5779
7136
5032
252
3424
2605
4817
9253
7443
4192
1799
8032
4875
6141
1936
1366
2505
5211
9326
1677
6554
113
875
8905
4104
4662
4916
9097
1505
9983
6632
4412
3552
6672
5395
1426
3324
69
4067
5502
5417
8574
948
2247
227
4132
7054
9451
477
8486
4538
123
7064
8376
548
880
8700
4006
9220
9913
6661
5055
9793
7362
4757
4653
1125
8040
8236
3199
9997
9230
5059
2789
1156
3804
2543
3136
3259
237
27
2336
8384
6760
4077
7805
6469
8748
1559
2945
579
4135
1758
2177
2529
7049
4561
7921
1393
7811
3655
3085
56
6909
7037
698
2110
8918
9220
5012
8218
9923
2606
8351
9709
6998
1431
9567
763
2847
8167
5920
2509
206
6699
3793
33
3852
1044
373
2886
8823
610
7961
883
3908
7140
524
8696
4208
3675
4612
8446
650
4815
2018
7399
3344
4026
7222
6513
5724
752
3020
4531
42
6205
8994
5096
9281
4911
9351
8421
3272
8439
7190
4397
8864
1728
7884
4690
4527
1900
5141
719
8706
5689
7300
6864
8480
6722
4193
5936
4706
4562
532
809
6466
2654
6372
5533
7558
8383
7992
3636
3240
5099
5908
3988
6163
3252
7064
9005
6598
7294
4331
2255
3994
1165
365
5705
2589
3297
3020
4722
7993
3445
817
1500
1966
3703
9147
1063
7037
5720
752
6859
8733
1028
8139
3508
6056
9112
757
975
2560
7046
4065
7834
3971
5001
2286
5887
8505
1121
9204
395
205
6259
989
1378
9427
1784
8858
732
1254
2243
7912
6909
8858
901
8426
8771
7064
7053
1074
1771
2459
784
1983
6876
4444
2253
9799
9546
1210
4411
845
4340
5559
1108
7016
8212
2500
5829
5211
5961
2622
5314
8873
8426
4927
571
7336
1113
4221
9638
3166
5242
5204
7666
4875
459
6624
1845
7102
802
4700
3845
5417
6607
9045
3083
5345
597
9651
542
1763
1156
4735
4791
9713
8912
8750
2774
5201
2580
6092
5000
8880
6358
8289
8711
9133
1920
3503
4583
8902
7170
9696
4909
2597
3867
2326
1238
6864
4011
9774
2896
2880
8875
1326
9577
8821
3450
1054
7343
9679
9027
2851
5562
2565
7735
2590
7573
3326
2289
6582
7069
3463
4754
3496
8244
7104
818
6603
6968
7074
9809
9835
2499
4869
9810
7881
4985
6663
2700
9846
6540
3089
6909
5798
1097
2315
4252
1233
241
7626
1013
460
3840
5864
8642
4670
7054
4100
4757
7365
5831
4485
9348
7806
7178
1969
6210
2619
3790
8347
5630
5309
5823
991
5153
9156
6074
7235
2575
9165
2006
835
7041
1656
7529
5785
4074
8232
7079
726
1365
7141
6684
5847
7900
8305
673
9433
1098
8515
1259
6989
9831
8618
225
1120
7481
2728
2656
3969
6789
4062
2656
9694
5373
2077
1986
4253
5489
1539
5061
8594
2802
5050
1279
9484
1427
3790
6564
7727
9091
9901
6226
2582
8843
4776
3081
9330
1200
3422
8569
2470
2032
4310
4650
3372
3789
6165
1503
7251
4489
6239
7690
1402
1039
3213
776
2704
8539
1654
2440
3829
7134
775
2279
1440
5108
2876
1632
17
9417
1517
3802
3966
9003
2235
2498
3537
3777
445
2809
718
7344
4565
5725
7706
1662
7170
2271
7651
8959
6429
2465
5222
1423
473
2178
21
481
7749
7176
3827
1934
4817
5144
5566
1653
3777
7758
7019
6621
6096
5199
5836
1527
5921
6303
5834
9876
163
4362
9254
7528
4925
9663
3198
8601
4629
402
530
1253
2228
1428
5869
8303
9268
1359
2277
7359
8999
2490
2512
286
9746
8769
203
819
3561
4178
3615
6185
2662
5290
5467
2609
3905
2096
9826
272
5257
4305
603
5659
2702
5050
8963
5826
2890
8372
5404
913
3514
8274
696
8648
2169
2348
5561
6387
7459
2518
7129
7908
3697
1403
2114
2768
1580
8376
9883
9377
2473
9965
2543
5639
5393
8553
9310
3195
3312
7291
3319
8243
7688
5317
1952
7621
909
7475
4137
9278
2982
2786
7502
9113
3804
3665
3886
8788
6691
8375
1049
4283
769
4588
3654
4770
7751
703
6781
862
6618
2824
3784
9239
2087
2156
639
5572
5902
9104
1308
244
9652
7289
5587
4085
2186
4386
4939
2296
6810
630
9590
5873
9345
7902
85
3822
5169
8822
3882
937
9999
2875
7631
9522
2356
3206
9310
3170
1003
7128
9075
2847
5281
3448
5113
1630
5387
6103
8801
4426
1936
433
8511
8833
2775
2557
3723
1392
2689
1492
5248
5876
4134
2402
5821
8038
5870
1611
5188
325
8267
2550
3112
3526
8898
9290
9255
7997
8837
9762
1876
4017
7503
6341
726
8182
5148
738
32
4046
5345
6779
9303
9879
333
4288
9406
1610
1968
6350
6668
6212
619
4364
8398
8486
5749
4301
4921
7741
5581
3317
1684
5499
7744
4065
4612
4734
8369
1272
2463
5004
775
8317
1299
6661
2398
9194
3568
1879
891
4299
3347
9122
417
9880
9035
811
4375
8199
4566
9687
6486
6425
2772
5184
9864
4360
2059
8912
345
1261
7638
5784
5024
8639
3876
1371
4880
7149
4334
6306
7454
9645
2160
3381
7303
9491
1265
3441
6573
4411
6978
2816
9749
4593
708
626
1502
8263
3723
3677
4527
9047
6511
6226
9977
4161
1170
2121
831
6940
5754
6944
1771
6359
3252
1573
5430
7518
9679
4794
8682
4996
4360
4230
3668
5899
8323
8762
4769
7398
7100
5049
2041
4422
1641
6623
5948
845
7992
8509
5789
446
9060
8820
1776
874
4895
2400
3731
1258
5281
1168
6724
3545
6205
1752
3383
6974
7607
4351
6395
5047
7401
574
9920
4527
557
7672
9098
7248
6921
2525
7405
9213
1309
8142
4780
7307
4587
268
9207
3141
9275
5662
6607
3106
6023
3218
6809
3340
1314
8127
83
42
2724
9992
3455
2701
7500
187
2602
588
1743
3865
2654
5069
6485
5646
1384
5222
388
8392
4275
7276
3418
750
7518
8802
8890
8089
6679
3491
6078
5271
6752
9074
584
9213
1849
8851
8246
8781
1453
383
4740
4059
2720
8353
3612
9442
4052
8730
136
7255
1045
6060
1731
309
8840
8635
344
3038
4454
3315
7063
9349
9867
3943
2593
9905
7513
7459
6881
7827
1222
3284
8335
1678
6835
7592
4368
9237
4391
9871
8113
7112
3389
9411
1315
3345
8574
3397
1649
5909
7730
1339
801
8830
5118
6519
1695
3688
4104
8202
2073
5372
7873
3746
5416
3259
7225
9454
2478
141
7515
5895
3039
2207
90
8567
7921
2031
58
3136
7852
4386
7432
7318
3665
2527
1056
2126
3817
1117
9520
7459
2694
6556
6434
9606
2156
2973
989
5240
3161
4459
7833
7730
9352
1026
7531
774
9562
6724
2343
4733
3236
6386
951
2851
83
2351
5806
2802
7279
3908
4642
1948
7073
894
5565
6235
9753
2351
3825
4581
2913
9902
3196
8896
166
627
2475
6090
3292
396
8716
8198
1223
5763
1074
3054
9791
8061
5807
2959
9782
505
9870
314
5981
2694
834
1443
9939
7561
8745
4996
3515
3662
6971
8666
9788
6443
8360
9307
1319
6377
7594
5374
2228
1046
1891
7231
4119
4717
7540
828
354
8856
4871
9457
3337
2188
3917
6399
8488
8854
7768
6550
5797
2339
3939
7665
7641
9887
7626
9370
8402
4782
5430
1285
7601
6346
6110
4649
1696
6216
830
5076
7454
5545
1039
7051
792
2921
3999
6330
498
4735
1797
1863
8041
8934
7704
8429
5837
5398
6379
1283
8773
7201
3374
7646
1289
9876
4121
2352
3258
576
5341
7964
9223
3419
8452
5794
6881
4144
4135
4535
4886
6668
6143
9844
4636
9039
286
3520
4971
3134
680
6001
868
4634
1296
3952
4759
2665
2387
1589
1897
8113
396
2177
3201
3504
3590
37
6764
4256
5090
2142
6098
4807
7045
4258
7035
3162
6232
5617
9312
1137
1145
3553
7627
8506
2130
7037
5107
4687
7017
5137
2802
7392
61
2547
2361
8027
7059
2405
6598
1420
3116
943
491
7863
2038
6829
9983
6039
2630
1113
4680
2932
2292
2016
7563
5646
2235
8814
992
8848
157
2668
1292
4068
7160
9731
630
1649
1551
1750
6116
3105
7833
6454
7881
1848
3631
7427
8312
2456
9006
73
9348
2692
3224
6571
2826
300
711
5218
5274
8545
640
1908
9577
7698
8219
6709
3693
1397
7738
6912
335
6150
1916
1533
9262
5193
4499
3001
9440
9821
7269
7050
8087
1397
1572
1965
6824
9165
3687
9666
7615
3775
6997
5191
8080
6495
5876
3047
8760
2786
2313
5636
2476
584
8072
6690
9076
8986
8718
5040
2768
7954
7702
6787
7982
6776
9385
9112
9030
5908
2684
6647
6588
7064
4348
7649
3713
8980
6168
6699
4392
6649
3884
4162
5009
3953
7808
5275
7447
3247
1346
3932
3039
6494
1547
6653
2354
734
3294
3150
8351
3772
2103
3945
8949
3763
377
1379
7016
4888
231
5553
4306
351
7932
7713
9621
8647
9098
2957
3604
3855
674
2700
1661
748
1728
8532
5585
3317
8864
5382
5310
8501
8887
2474
5363
1023
6079
7186
738
4469
2846
6018
9552
9404
7015
2122
5544
4821
6952
5091
8396
5211
8134
6035
2246
3401
5105
8432
2642
3596
4186
8124
7120
69
9546
4733
3628
2126
2464
7792
78
1659
9099
5255
3989
7298
4910
4101
4122
2386
7084
6189
1830
271
2430
9690
7628
9941
3949
7713
3347
7910
6646
9964
9537
7385
5157
1326
7267
7434
8305
2749
9128
8860
5034
6580
9302
1083
8654
9481
8134
4392
3495
8728
6205
704
9322
878
9481
7866
6693
3318
2960
7342
5205
1841
8436
418
891
221
6165
8734
5695
7931
8641
1818
2427
9947
5661
4967
8920
9426
4048
8764
347
5184
7627
3916
3738
6462
76
3947
5984
9248
4372
9532
8302
2051
2107
937
9548
8030
7348
5672
3080
7723
3013
9880
6352
7372
3010
1897
3406
2961
4317
7299
7752
5575
1110
7683
962
4665
6975
3758
5477
3940
8503
7034
9990
8029
2177
236
2740
9091
2803
388
3398
8674
8464
9369
974
8373
549
3333
1710
2068
7158
2947
2413
9463
4068
2709
4213
858
2285
9643
4241
1034
3560
9294
4575
8486
8892
2524
4437
3493
6301
5319
3476
6658
7593
7977
9623
8871
7006
6876
4228
9741
6808
2322
7266
7100
1786
341
5970
6972
3159
4670
4138
5086
6976
6868
7891
617
6592
6928
5292
5950
8159
8436
7684
5301
7022
6453
2924
1380
1581
4706
8953
2177
8590
324
5200
6813
5862
9075
3203
7294
8544
1415
180
2297
2873
9969
8762
3229
3264
7087
2107
3850
675
5811
3973
4526
7440
5766
7501
1024
8774
415
7482
9968
8990
1159
3400
9988
187
6003
180
8521
8778
1104
3294
4449
8938
8564
4508
9506
3446
8767
9440
4078
9299
2194
8054
3272
8654
2926
1966
4920
7716
4398
6878
4080
8419
3480
8206
5380
2391
8540
4061
9767
9504
5637
6136
9175
7444
5269
9169
3052
5736
9419
6548
9055
6533
2412
4519
9404
7726
7538
3129
4785
7489
1306
3319
241
4594
6851
1760
5465
8707
9794
4653
3019
2290
7303
762
862
235
4366
7741
6681
1569
3564
1104
4804
3507
9138
910
2291
9764
7523
9978
8308
1139
49
160
2802
4500
5660
7433
7741
4183
8687
5786
8235
240
1771
6697
7467
9660
482
8609
8791
7481
4030
1699
9935
4
2220
8229
1108
1611
5157
399
3252
9859
7196
7882
2771
8674
416
8745
8916
3663
9228
425
5210
219
3942
2208
242
1463
5953
1174
7610
2710
8544
929
697
7479
5367
6361
2911
2626
6757
2749
9800
4763
5653
1452
466
8406
9942
1964
1694
9291
8515
312
1158
5615
8582
6957
657
970
4872
4151
4844
5158
7152
9571
4211
3121
5133
6044
2673
7053
8727
3313
5374
2191
847
5630
2874
9234
8767
9467
2688
7331
6042
8985
4738
3589
5500
585
2871
4142
2747
9847
1323
6005
1967
4991
2047
5892
6724
2490
7784
106
5632
5052
9994
8550
3149
7566
2418
7565
6299
5514
1526
792
6717
4112
2550
1938
9653
1404
718
2431
2434
1234
4030
4039
268
7522
6288
8120
5491
7404
3492
807
393
3775
5660
1826
8486
3552
3211
9774
6443
1207
3725
494
8025
5029
6934
1751
6875
3637
9145
271
4702
4262
98
8658
8338
5691
7547
1810
2999
5652
116
672
8005
4407
3301
695
6282
1785
5989
9129
5001
9595
5547
4670
466
6046
821
5963
3330
6178
3878
2930
688
210
7573
2526
6855
6697
8167
6864
4670
2413
1544
375
5687
414
8916
4952
4031
9637
9938
649
7549
664
7963
3472
866
5655
4227
816
9240
5591
3656
1914
1802
754
8511
7244
97
6146
9312
8484
3034
6879
7050
6599
4966
3568
1385
5427
600
4993
3122
5131
1183
9030
8360
7837
1002
1370
640
4726
7899
1861
627
6593
2386
949
8193
802
3245
5330
4360
7720
2879
3557
5562
1033
5130
7482
2924
9595
2582
526
2504
8305
4217
7536
4338
7751
449
6340
1144
3012
2112
2882
3605
7964
6610
4923
8536
7540
1385
6651
97
5515
2418
4866
183
7835
4063
4039
1578
1363
9772
3097
6149
2980
8690
6765
3877
2767
3352
4662
7494
2947
4357
5807
4439
7719
53
5839
9051
8642
7908
169
9776
796
4603
1768
1763
6238
9297
5262
4275
1151
5485
5322
9994
4619
8034
5868
1579
8765
2893
9257
5968
2501
4163
5560
577
6438
6489
2360
6383
390
4672
5700
6695
5496
4206
7446
5078
3479
4989
2070
7432
2085
899
3036
5670
5288
8071
8972
8304
5979
1645
6447
1406
6464
6341
8668
3194
6811
3573
5939
8838
2051
7118
6809
1346
2099
1432
7375
1953
9302
3854
6865
5104
4239
8618
9542
6663
1250
1109
4329
1650
5248
4512
9265
7969
7934
3796
2834
2927
7419
8695
2757
3338
6081
7677
396
7882
9198
9454
9130
4898
1606
1622
7730
3067
8063
7430
1516
540
2988
2474
5337
8189
6600
2789
8076
2361
5311
7365
8966
9240
5818
2991
5773
1169
3080
6799
1748
4704
8877
1152
9401
1255
169
8091
4250
7470
1587
2657
6468
5821
3527
1439
6654
7121
8936
7177
9442
4797
3168
8814
9025
7314
4250
9110
87
1433
2491
7657
9014
8565
623
8726
9306
3431
3671
8616
8844
6288
4273
7221
474
5311
4171
8010
2305
3724
6334
1261
485
5991
3223
4425
3176
3948
5860
969
3981
6395
3106
9263
3408
5838
9812
5549
6728
1943
1793
2429
8471
8601
2839
4543
4230
1817
5879
2604
4901
5389
7931
1634
185
4638
1630
9222
5843
611
9010
3172
2331
9893
5318
2223
7003
330
1316
4634
294
1108
1669
4650
5583
9580
9639
5008
8744
7393
8326
4325
4032
7183
4525
1214
4562
5001
7049
7972
1316
699
4493
2476
5699
6937
759
2331
6615
6978
8261
4645
8738
9470
1116
5100
2677
4130
6251
1775
4562
3027
6067
3077
5066
2988
1607
7133
1996
9433
965
133
4102
5506
2711
9642
9061
1330
6266
7595
9042
9684
7168
113
9847
2776
1298
7795
2538
8432
3188
7528
4741
8938
5583
1725
8099
5891
3969
6394
98
5525
9153
3680
5599
359
7709
9350
7134
5065
3577
4674
936
4187
4934
4364
7730
8805
4503
3565
4870
4810
7853
7544
517
8961
8259
3238
4839
3181
2277
6608
2947
8010
4950
9656
7300
4750
1409
7618
6747
974
9755
5944
2751
4548
6438
5865
8899
8811
6046
5406
9216
1149
3888
9790
8793
754
6652
5614
8870
983
1034
98
7863
5779
2365
4466
8456
5616
5329
6810
8874
2788
4253
5789
2061
2408
8373
9655
6484
1277
4608
1353
3316
7466
9847
1993
1178
8008
1597
7863
407
4578
6443
332
4962
3239
4075
2096
6955
657
4030
2560
6703
2686
5080
417
2189
6671
9718
7011
3015
3819
4802
6674
8746
3567
5685
1891
7077
1103
5649
3290
8387
6235
9536
1830
7775
376
2602
7180
7955
186
8515
8699
5367
1466
4435
3229
4361
358
5777
6725
9446
5158
1557
2076
1784
39
5665
9859
5241
7501
8725
3291
9688
3707
4192
5099
3193
8758
2649
9934
2527
6485
4243
2420
7160
5520
5853
9535
6717
6713
6455
1577
6366
7271
4208
4770
7343
7011
1741
4178
7509
6579
714
9425
7507
2885
4327
6620
6537
1397
8706
6317
8926
347
9885
3753
8063
209
8631
5043
9284
7047
9907
1325
1263
6696
6921
2722
6651
2366
4032
4762
7446
3054
6183
6679
9862
6664
7548
919
8504
2822
4821
5490
3491
6272
9395
3734
1828
97
1877
2447
4559
1300
9083
8455
9709
5554
7204
6600
3046
4533
9919
102
8962
9603
6043
7844
2069
5831
519
8280
9672
9808
9002
3238
290
2298
5362
6801
7891
4616
1729
5955
571
2151
8008
5686
2271
4108
6042
1479
3603
33
4392
8427
2844
4742
3946
9203
831
805
6458
2103
2368
4518
8453
8980
6248
2947
789
7615
9617
6955
190
1297
5510
8565
8735
627
1253
2507
9053
2255
7025
2117
5837
9758
2376
6444
7882
6250
2295
9555
3359
4650
3629
4183
2340
2095
5359
3086
1021
9509
3018
6933
5569
4208
8275
3248
4059
5251
8924
962
9655
8695
9783
8849
7929
2087
8054
6517
5585
1388
2320
1161
8667
2061
9009
6677
430
9552
2893
2349
1339
5892
8160
8165
8681
9555
5075
137
37
1077
3377
5202
8976
5922
4340
6139
2481
3250
6093
1437
418
6087
6899
7116
1142
204
2318
4513
4427
4683
525
1095
4937
5357
1019
4887
6870
7978
8520
4517
758
4843
1258
9879
2034
3319
8122
8833
2128
6373
9829
7417
8169
1318
8577
3136
5196
3306
8615
1655
3796
4430
2236
7663
5492
2145
9474
2988
7881
4523
7327
7063
4904
2048
8102
8938
9194
5577
7757
567
9872
7091
4991
8857
1838
4051
4261
4596
8825
1624
1107
7342
7895
124
7943
5050
9171
3090
1426
1556
4524
488
4705
5562
4509
1513
7307
6877
2401
635
2692
8742
7968
8979
8568
857
7815
6878
4073
7432
2825
3203
8362
5141
247
1004
5797
4474
3340
8897
1297
1476
4424
7248
9894
5254
6365
4597
8323
88
6481
9902
2197
1489
569
5501
1033
7077
8718
9431
3853
1084
9961
2240
353
8132
158
1393
9449
4307
701
8521
10
456
8574
2723
5859
1497
6678
9641
3984
5787
6472
2455
6200
1100
7788
5728
995
8556
8522
5067
8791
518
817
9372
1992
532
4170
1665
6020
4577
804
5536
9807
4234
2885
359
3792
7646
1125
693
8752
3280
4466
2335
5183
2981
7449
6364
2020
4696
2953
1590
2009
3524
3420
1893
7955
6347
7847
3069
5317
5490
4335
9551
7337
4730
3004
4885
2118
1010
4577
105
497
7509
6812
7525
448
2380
2635
213
4916
7097
6126
9522
2137
639
6473
2182
4633
4839
6903
3899
9160
3598
2863
3468
4371
7361
7118
9599
1850
1806
6849
3104
9403
9709
7852
5676
1006
6927
3915
6963
6075
9449
4872
3869
5582
6177
8433
2981
950
4303
94
8538
3439
2132
8625
9344
1956
4529
9073
2557
2377
7072
7671
2456
6930
7567
3224
5317
9347
149
4489
7403
9648
1984
7157
8760
4125
820
9573
818
3990
917
1156
1277
6694
7098
4783
227
8445
32
1068
1688
6309
5460
7231
5722
1429
8322
6711
1114
2024
8022
806
7403
3865
2092
1156
6012
1960
2229
9651
8446
3521
9118
2815
9482
5943
6444
8706
3489
9873
7275
8528
9953
7255
1693
6631
1682
6383
4674
1957
6817
2720
8666
6810
291
1539
1732
5500
283
466
5461
5087
2517
7386
5371
3845
3794
5019
8605
8447
2438
2330
7170
4553
1601
6036
524
6884
4417
4620
1948
8051
7611
9291
1729
6972
2186
4091
1289
3926
1156
8378
5269
4135
6709
2058
9629
361
4967
6712
9821
5079
8915
5732
8645
8845
8763
2920
997
4558
3906
4730
1753
8636
9768
3875
4152
2018
3424
5890
1339
624
3890
5407
9220
5523
3729
2200
2596
7288
637
4412
477
4510
6431
7690
2455
6584
5159
9863
8424
7396
2086
9237
7117
7048
606
6624
4348
3610
5694
2172
291
4577
3102
4122
6925
5062
462
287
2832
5260
4597
8111
7912
4488
9999
3137
109
1601
2724
6874
9774
3609
1322
4412
2708
8611
1597
9199
8960
5900
1073
639
139
5339
2306
7727
7590
5058
2510
5130
7384
8919
3072
8452
9864
9409
4429
2912
9205
2963
8759
9920
6337
7229
1693
8327
3213
6630
5874
3788
1038
279
723
1257
8940
892
3671
6368
2039
2404
415
7607
4633
1896
5282
3385
3450
7539
9272
476
1838
8994
8940
1483
4108
3733
9713
1443
10
4197
1995
4755
3982
8617
5750
4858
2162
6480
8693
9400
8674
2603
9937
5227
6399
5705
802
6795
2381
1321
856
1674
6153
3492
612
262
5063
8783
9621
3973
6561
1312
8572
8965
2338
8840
1144
7194
6759
5195
5826
2124
2899
7418
5445
1766
6190
5955
3168
4668
4778
5917
5124
5137
7289
1362
4132
5680
6235
7465
5619
238
933
5502
1928
6468
9611
7276
9884
6745
4652
7919
6776
3543
4531
4276
3338
3946
4368
5789
6186
1087
6374
6313
5573
6169
4674
692
6432
6419
3373
4368
574
9434
1546
9920
7627
6440
1154
1941
1527
5732
3596
4576
2166
7138
3202
1704
8048
9929
8384
269
1888
4935
3408
1247
1733
6232
521
2031
8082
7157
5097
2963
9217
3772
2527
1459
4649
1063
2264
658
4802
4292
3389
9871
7204
4073
7198
1632
4216
4867
8147
5276
7121
801
107
8345
4878
4635
9888
1697
9061
2035
2519
523
6611
9317
2236
6342
3914
2551
8548
2935
302
8898
3996
4539
814
9371
5531
5101
8985
1726
6712
9406
9278
8155
5433
9596
3088
5300
8417
2791
9518
437
2244
8851
6604
1846
6803
1211
2296
3710
1646
4498
2439
8630
6941
7558
4842
755
7310
8859
6732
5326
2403
1905
4838
206
7863
8541
8055
7799
6955
9334
6810
5117
9928
6644
4764
660
6520
2625
4735
9813
1437
3179
176
7272
458
202
4502
5637
6248
2578
5901
2445
5714
7742
4611
577
8758
2177
1587
7486
2006
8198
7356
7644
6409
3337
1822
1450
8413
1446
4426
2280
1648
8659
788
8506
6282
4626
8822
4631
5126
6532
4595
6121
4671
6322
980
6666
1941
5996
8067
8504
5174
6478
4410
7960
4773
9593
8506
4500
4087
6832
5922
1369
8349
6531
4902
5390
1399
5559
8138
3389
7666
7304
6773
8274
248
1869
8336
632
4534
7377
5614
5165
3767
3784
1226
4045
7135
2686
1013
715
2088
5110
8826
6961
7120
6500
484
88
4134
2855
959
7151
6899
8537
3123
1291
3882
6402
1866
2936
8534
9418
3062
9546
7829
2105
7181
7615
2579
7438
9020
3109
6698
9389
4974
273
2282
9215
9023
6639
6766
5187
8138
2521
1268
1354
9266
598
2364
8565
238
3795
1772
1617
4911
1907
8837
9235
4641
4899
7741
7378
887
6879
2513
7633
9277
8925
7100
9801
4741
7924
6549
1944
7872
1624
6544
4184
4749
564
3965
3727
5524
6414
6670
9751
9153
6496
1384
2506
4700
9878
7007
6942
2594
5789
6244
1145
1262
1437
2920
2962
7094
8632
4509
9053
3158
1222
619
1086
4420
2248
2408
1943
1172
3906
1152
69
6713
4823
9893
8825
3243
2441
3991
9364
7582
6131
3267
9278
1352
6189
8068
5100
4043
867
7415
3466
9447
2337
1971
9273
4166
9219
5405
9728
6014
1661
8734
556
6539
2797
3985
3614
2773
7573
6557
9408
7871
1673
9194
8218
7916
5146
1392
6642
8124
3930
4411
1940
3239
8611
7170
1767
4366
8909
4855
6577
3741
1728
7947
5974
9312
4904
3184
2692
3986
8385
9361
4040
1655
2350
6654
8801
4794
9146
5267
6555
2
4195
3492
365
5772
9096
6795
3331
7587
549
7723
2343
1430
1054
7849
7222
2232
6457
9957
2389
9797
2569
7773
9383
6029
7926
4848
9863
9848
1574
1442
804
2202
5081
2558
1832
3152
8108
3392
9209
9141
8539
9715
4604
9862
4630
2867
3283
6795
1734
9673
8386
2786
9278
126
9842
1791
8672
9812
7504
789
7579
8633
8977
5850
7138
5900
3920
2251
2918
1086
6698
7932
5192
8511
8306
2318
3944
9423
525
6853
6065
8368
3826
7798
2265
884
7282
3563
5150
1856
2068
7011
8118
6580
4723
6270
4123
8067
5042
1059
6295
7608
2212
5305
8123
7632
9216
6155
5205
8574
3227
8949
932
6875
2882
4122
2204
2361
8314
7258
7187
7520
33
7794
3142
6889
8567
2200
9069
6794
3409
8049
2135
8863
9923
819
2837
4058
6359
7724
3417
9912
7825
5437
1807
2790
8449
7006
1828
8639
6335
6921
5897
2399
7205
504
8258
5795
5462
8701
2104
8561
2216
7172
2913
1188
4815
9764
2073
7737
8145
3391
8320
2199
1978
393
9987
2018
3806
5460
3048
591
7684
2513
9477
9983
3198
6529
7320
6422
6184
6240
7346
6432
4508
5982
1187
9534
3567
3476
2992
2755
6511
1724
928
9298
6880
8984
1628
3432
8405
6301
4167
5770
6679
7891
8424
7626
4113
268
6190
156
7910
8484
2630
2560
1787
6459
9197
4484
9304
7082
3485
3321
7086
9203
8534
8361
3397
1770
4172
272
7064
9563
4657
7778
5741
9220
302
6385
7664
565
2512
3006
9240
8633
3162
6270
4006
6263
5951
1266
6958
2226
3239
8645
7999
24
3017
1123
5951
4735
308
9383
1971
1783
3588
6653
6661
9585
2880
3645
2583
873
7309
7557
5433
4313
5653
9989
6506
9605
1200
4563
3391
172
343
6142
2102
1247
9532
9617
3581
6124
9965
7863
2620
7993
2365
1643
4462
543
289
8891
7873
1775
7393
501
7517
9837
7622
2026
6139
5778
4074
4625
2409
6687
2583
3101
8443
246
4303
9635
2273
8730
7073
634
5230
5538
1176
6208
6689
7569
1608
6226
6456
7664
3506
6457
5378
3044
5953
5550
5160
9266
7810
2890
3699
19
6745
5719
1725
8320
2797
2853
880
5759
6521
5901
8182
2337
183
7482
6966
259
8403
2342
9803
7539
2396
565
8985
9339
7730
6341
5368
1257
8504
9990
8164
4596
8819
1961
8654
2031
9773
5637
3833
5912
7045
3308
9638
5648
6765
3678
2000
9983
1890
1212
4230
4129
9432
4389
5663
8733
3127
7481
3475
1377
613
4005
5379
3267
9719
3768
7458
3974
1752
5252
101
235
3825
4547
4357
6786
9708
7311
8131
5788
486
2268
6927
3316
3808
765
6802
1781
8619
29
415
85
2002
9787
8906
5762
7995
7812
7516
5383
1728
9750
6481
7307
6718
5833
970
7693
706
7583
4540
9671
1263
8504
8392
6398
1948
1584
951
9450
9715
4056
1170
2071
5333
483
3421
2596
9186
9950
470
6999
4831
2168
8579
9680
1099
4875
3605
9892
6517
349
7131
8647
4504
5514
8552
1715
6034
2290
9028
8406
1051
4139
1949
3964
4318
423
9349
6916
6323
1676
9783
5758
9385
1905
2001
7051
3185
3018
6733
9837
7888
5787
2437
3216
2126
35
1896
8719
2703
571
9530
6178
6341
7861
7949
1757
4876
6874
4819
1690
1751
5491
2350
8946
7894
7298
8318
4211
5298
9113
2391
8842
1214
1726
9811
8481
3502
1697
4725
7785
7705
2420
136
6257
784
1294
3988
5287
4393
4143
733
9262
6986
9627
4406
9595
2541
4364
5921
5891
3229
732
7532
6295
1272
5204
8667
9642
3152
5977
1247
312
1476
3815
8794
7330
8180
8292
3982
4976
8856
5344
2787
7668
1220
2845
1752
3490
9868
1226
398
8721
8133
9263
9123
5136
791
8481
9929
989
6713
8276
4099
2053
4125
4914
2853
2105
4081
9723
523
9065
7857
3891
7589
4959
3852
7072
6224
6865
5944
4213
4969
7325
9437
243
6576
3924
1396
2070
8954
7100
893
1711
7039
3396
9575
4886
2194
7461
7748
2677
7669
7757
2256
3875
5078
1433
8741
6177
277
3048
8645
388
7838
5049
2259
2782
7523
7898
4114
5053
4070
4049
8310
6368
3153
6640
6569
2405
5720
9141
2155
7838
5095
9178
2913
5135
1740
4620
9138
9157
3154
4561
4311
4120
2317
5642
4121
3613
5958
1764
8302
877
5568
773
5985
9444
8592
1901
9670
9506
6607
2917
3611
3943
358
9369
4938
9781
501
1363
727
9114
5638
1740
353
6261
5894
7824
1203
9524
2704
3256
4961
6754
7670
9660
6371
3695
2365
8912
7378
7265
7230
9408
7549
9048
1599
1657
9121
7116
3817
4599
4066
4625
4699
5897
6731
721
7687
7251
9941
9705
5499
6500
8510
5885
790
2932
8208
6031
6249
4535
8204
2139
7091
3620
5603
8420
2026
5905
5789
9439
6052
952
6033
8074
228
7092
2088
2512
7802
9155
9994
5380
6811
5977
8413
5949
2670
1201
3386
2892
6043
3110
3715
2971
3724
9500
7066
531
3292
2553
9533
6780
7215
8502
3365
9425
8538
2174
7354
9260
9604
2393
2405
1085
8437
5504
7688
4311
9132
3289
6159
4283
6716
3308
6817
8102
1555
1896
618
4679
7026
1594
9394
4916
2154
2576
7144
3387
1354
6022
3757
858
903
8460
5786
1119
1825
8678
7191
5864
6651
8872
7399
6311
4882
5879
9089
7768
993
17
4999
6087
7099
3014
2067
360
2340
3347
8773
7668
1988
9952
3102
7292
7449
9544
8724
420
254
9192
5448
8376
8615
8611
1341
1533
6426
7855
5789
7782
9178
8163
1610
442
3183
9457
5991
2388
1562
609
4030
4295
5315
1444
6903
1255
2833
8162
6044
3243
681
1796
181
740
3882
1924
3388
6584
9268
8541
1839
2682
4050
5915
8580
9309
8059
4311
9794
5733
8169
9424
8479
5475
7867
6958
3345
2128
3496
7519
3565
6513
7422
6339
2777
6966
3278
942
1998
6201
1493
9919
4670
4034
656
8722
675
2432
8712
6862
9774
3315
6680
576
4726
1112
3761
1430
5120
5195
4123
9239
3614
2079
4665
9330
671
4922
7866
9790
2011
3966
5199
1437
6417
2492
4332
2402
3410
758
8111
4067
705
867
5470
5729
8029
1834
3922
2057
1990
3785
884
4011
6982
6644
6627
7858
5249
6976
9861
450
3424
3947
6480
703
1083
7102
8885
2169
4945
6343
3258
619
6089
7320
7071
464
223
5737
7150
9215
5688
6883
4766
6971
9944
7920
474
3711
8835
6979
7970
8506
134
5300
3220
2106
582
7816
608
1733
2080
2677
7469
1890
9290
5485
3453
5218
8795
7839
9900
1153
6451
4260
2581
9927
6196
7305
5620
3332
5494
3152
4970
9990
5319
8468
7542
4302
4070
7949
4935
6544
3974
8651
7610
8764
5835
1595
9964
5056
9872
1336
7220
5479
9319
4232
6041
3396
401
162
8879
1812
2516
8038
7950
2648
1922
117
3396
3178
2758
634
231
432
6171
4154
5289
3464
6469
7257
7062
134
1217
4093
1026
9144
2852
8588
210
9246
2217
1866
7580
5827
9428
727
1837
1932
3697
8106
1649
1098
8422
7020
3052
249
4106
7610
6854
3203
5833
1158
5358
1706
2196
2018
68
9785
2064
179
9809
445
6708
3053
9616
212
6344
2565
9240
2752
2684
8984
435
7492
9927
3321
5997
9
2951
682
8401
1860
1681
5358
9890
7691
8948
4163
1479
6007
4318
6486
5681
7251
8375
2070
6510
3010
99
7403
5593
4493
7833
9974
8707
7347
7137
3087
3417
302
8816
1914
1401
7130
9403
486
5784
6111
5938
6186
1893
9333
4171
6823
1319
3771
7027
449
8323
7172
6533
1966
1646
2399
3680
4193
8211
8799
6109
5821
1396
6500
4569
7946
3721
3166
788
1016
6443
4410
2036
2129
4729
1601
358
32
6871
3116
8020
5476
1358
8575
1793
5957
5913
9845
5822
8868
4214
7643
9758
1659
518
2977
4674
9271
5441
3808
4182
6545
8558
8332
168
5215
9186
886
4910
6822
156
4788
2835
4503
8158
4361
2033
708
5105
9379
48
9292
59
9436
4626
2752
3567
6489
9933
7799
8134
3512
9965
9277
2091
2631
5017
4989
8118
7490
2521
8016
3282
710
1787
2137
5312
504
8007
4417
1432
7012
7274
3410
7724
7634
8172
3716
5440
9540
2112
8074
219
6207
504
8464
9459
9820
4809
3711
9272
2658
5346
676
1086
2708
194
54
2847
5289
1640
7527
3764
1609
8321
4876
9186
7829
7318
1874
6750
1069
8068
4726
5228
74
8527
9907
4172
8529
2841
9484
6525
6169
3406
7868
3916
8246
4396
7797
8326
6307
9927
4001
6255
3992
4941
615
7981
3941
9713
1515
9061
7014
3445
4116
9325
9632
3954
9373
7732
5756
8066
7842
7085
5961
6067
5709
7802
827
882
4694
618
7383
5672
5495
7531
4030
1658
3319
6639
6564
7694
5012
4026
1494
1989
530
1359
9422
8145
8854
4195
3023
8035
7127
4953
4060
6881
3506
9040
9215
9109
8225
1613
939
818
387
6222
1264
5109
9797
768
4392
8848
899
1940
6707
128
3675
3241
6371
644
8019
545
5500
4533
3226
9495
4379
3269
1479
8920
4686
5466
7983
1596
7983
7932
1931
1235
4390
7739
9061
9643
1518
9046
1478
9837
9610
9909
2676
8744
1098
7705
30
8244
3627
141
3628
2384
6968
973
8628
5682
4000
121
201
8845
7499
9027
1814
1339
684
2667
7203
9610
3218
4762
8451
4457
9270
8339
6592
270
1642
5772
9989
9112
4534
1232
78
1463
4795
1822
3611
7855
1354
685
6831
2879
4114
6278
6771
1891
7165
4538
9658
2098
4633
5446
8360
2291
1349
2579
408
4228
2583
8862
1708
8116
4097
9322
308
7103
4095
8817
9936
6117
8334
1658
9676
5006
7760
2080
6712
2209
6124
8128
2455
869
9506
8729
6590
8374
681
4364
8963
9917
3489
5277
4367
7046
7423
5117
9444
2814
1270
948
4828
76
9013
5889
4395
2346
7359
4135
6384
8927
1555
4
6596
362
2301
5382
5424
7908
3079
4262
8161
3776
1741
3110
2012
2946
2093
7008
9552
4677
1168
1039
555
5669
7604
1572
5418
388
2658
1538
8522
1974
8913
9702
2724
9920
3756
3126
4507
8375
8520
920
4725
1021
8086
1747
101
6093
3617
2335
1574
4802
1464
7839
2119
8831
5548
557
1418
1843
3507
4082
9259
8609
198
493
1375
7157
8841
1780
8007
7734
9337
7472
7206
2923
5226
2399
4739
1646
6181
9017
9774
9389
3567
378
3691
5798
6722
3953
5125
8944
8408
8356
4028
7533
1483
6155
1404
7756
1698
7486
4913
8107
3211
6005
4115
1021
4357
4841
6398
8801
5540
6826
2376
3155
7412
8390
7717
532
1174
2052
7841
5742
4742
3785
7381
5911
8419
2273
7890
1991
1102
3939
6523
3097
5790
3152
958
8899
7684
9211
2543
6477
2765
6425
9180
114
8052
6639
7076
2883
3756
2953
9412
9480
8647
1380
3026
7292
2070
9708
5640
2868
2231
7314
7898
238
3591
990
7529
7751
1504
8196
3955
2254
3230
1554
489
9322
2641
1807
2560
3955
463
8413
3437
6855
4100
1033
1197
447
4107
1245
1606
4147
4059
1716
3270
2460
5291
9371
3072
5438
3215
12
3123
5068
4777
3488
2887
1035
2703
9200
8897
6924
1885
3321
4330
4102
4015
2007
509
6613
8472
2565
6984
540
7523
8621
5274
8047
5944
245
2753
1364
8245
5680
4440
9203
9524
7619
9572
2122
2423
9596
9126
1910
3641
5937
6199
2400
5836
7507
7116
2028
8242
3872
9790
4361
2945
7982
4353
7982
2016
9486
37
2762
311
6938
4866
171
7932
2620
8286
4447
5570
7734
7872
1073
7898
9918
2540
3777
2201
6391
7265
1542
7439
2081
9156
2556
5487
8987
5028
5327
760
1777
4974
3010
1279
4963
4604
9342
3809
8874
3196
5328
3591
587
1341
7792
5236
3914
3833
6448
732
9081
2195
8059
8178
4262
4391
8250
3505
8919
8605
2511
5400
2858
7253
8191
8372
4729
2915
7410
8656
2802
7982
3692
5069
9358
3004
3945
8979
6395
4488
2380
9039
6885
835
7815
1154
259
444
3558
8125
6156
8490
4225
2968
319
3802
6054
10
2053
3056
4347
2846
9715
8028
62
5429
9235
2345
4353
8345
8689
3521
1673
1757
3435
8499
3178
4376
8077
451
1732
7758
1343
113
7299
1307
7287
5257
6188
9480
9068
2790
2829
6412
1866
291
1772
7421
8500
1782
1885
2990
2002
8172
4134
8050
5491
3111
1491
4419
7175
3775
6410
5801
2986
6297
9132
4966
8825
6634
160
6638
7620
5202
2817
4122
1044
7759
2909
9115
6619
4288
4814
6691
8152
4049
2530
8591
620
9686
3171
9179
2263
7628
5041
6421
8356
9910
4118
1346
7657
8924
3517
6878
2333
6070
1601
8939
9046
4524
8158
7747
3916
6848
5552
3199
8743
6535
3057
9201
3773
6313
6570
2517
2455
5833
6076
2941
6296
8689
8585
6716
1932
821
4068
2034
6762
1270
2178
9562
8132
9609
5760
9095
6322
3617
8608
9194
9891
2740
7201
9771
3377
4621
7450
5882
3135
1090
7024
7051
553
3236
6669
2141
3102
6298
9115
7916
4715
1881
6697
9033
2338
8078
3801
438
3676
5800
1835
2111
878
3477
3087
8758
1391
430
7071
2379
3626
8177
4149
443
7307
4596
5957
1800
8978
2018
3755
1378
2507
805
4354
7996
1498
6559
6091
9855
6996
1421
6653
8940
4133
1691
7641
4097
7059
5251
5295
3571
1581
4484
5908
4197
1103
2324
7395
5850
9798
5169
9447
8589
1779
4032
8200
8677
7658
4
1594
1032
19
391
8345
4849
3429
9314
8385
7790
5932
3786
8169
4578
8165
1297
332
39
5547
1884
3599
8464
4394
9001
2688
3301
1752
2258
6613
4469
5259
7474
7990
2696
1269
3528
2561
7719
915
821
7527
5438
3479
4388
3627
2623
2441
8050
4458
640
3319
6596
245
5429
318
874
3874
6889
5745
2801
3956
8463
236
6028
8219
1935
9014
6697
679
5338
9738
7100
3217
3451
5941
2037
7223
7796
1377
3867
4246
8269
3891
7983
5248
6081
3458
2579
7121
4222
9342
4803
2038
3291
443
2222
5735
2275
3856
6439
30
7450
4043
4204
5877
4915
1462
4421
9404
604
242
5888
3973
8980
6946
116
2997
5730
8663
4283
5851
9374
3938
9698
7260
651
3170
7024
9247
1842
6682
8460
5285
2339
7166
1895
5884
2484
3257
8672
6763
567
7958
8005
8838
2320
8739
3602
2020
1740
7038
3454
2086
2775
2471
6704
4788
1202
8301
4582
3865
7997
7402
8387
6433
6279
5389
2750
5124
5811
6444
5435
9970
7481
1583
1610
1268
4534
9248
3520
6796
6880
3638
5303
7200
3099
2709
4471
63
3896
2070
3003
9562
8774
5777
8253
945
6729
9704
4537
3896
4920
8366
2329
5058
1678
4702
6507
5678
9864
959
9112
5665
3937
6721
6956
4202
5025
8940
9862
4401
4319
8849
2144
8896
2754
274
4140
8362
4065
4300
1782
4208
5757
97
4755
562
6977
54
551
179
1080
9389
4821
9562
4634
5434
6323
5172
2716
1777
2826
9107
8755
907
8404
1636
5075
487
9786
7479
4843
5656
593
7402
6749
6013
2534
2772
7527
137
2954
1255
3948
4812
6134
3085
3323
9834
9668
3943
1351
9786
2731
9436
3427
2299
8554
618
732
5759
3784
7154
6704
6369
985
836
7874
5850
6864
2250
5236
2566
7673
9732
720
8096
2651
1071
956
8533
6099
1547
3367
9047
1976
1389
7837
338
3434
7934
228
8186
4028
9233
9662
1604
5849
6592
8967
7121
1862
4429
1816
1311
1288
5972
7167
9060
6120
8163
1318
6764
3678
7076
6688
4602
7339
2921
7840
7210
1285
2237
9957
5320
7403
5885
1193
9666
6726
476
1965
3656
1336
6209
6412
2754
8890
2688
6382
19
6958
2302
1609
5168
3889
497
3033
2245
598
2533
1574
9306
4618
7470
9348
7051
9609
8165
4016
4261
858
8260
9270
6761
7421
8175
617
6769
388
4522
9659
4358
9015
6510
4985
8618
4820
2985
6515
1108
3331
2529
3958
942
6637
7317
6958
6342
3598
8152
3537
2325
2532
8980
9565
1940
3660
8421
4650
7191
5332
9007
2491
754
4656
688
2468
862
715
4889
9318
8113
8365
1379
6397
8795
2309
5580
5294
9934
4914
5971
9826
6688
5093
1985
9540
5681
5375
9694
427
9922
2034
2276
9511
3029
8410
1518
1483
3001
2543
9969
6800
8165
943
8399
8661
22
9153
7817
8406
4889
5521
4856
4526
4586
6229
5039
7164
8364
8184
5910
9064
4237
6408
1061
5165
8893
4574
8329
4410
4325
8127
5484
2298
6472
9752
5848
2673
6038
6118
6721
2205
7543
9650
4343
1055
2175
1816
5438
6719
2625
1724
890
1644
3495
1132
5927
7918
2481
6254
4009
8082
3424
6184
1776
6919
2557
9983
6421
5805
4875
7844
5095
7747
1724
6095
1666
9118
4281
133
6120
9558
4029
8570
7642
4346
6506
9844
5066
4258
7045
3442
5972
1784
5042
340
2436
8638
2171
4552
2496
9761
5657
9487
8046
2081
9335
5208
9030
8266
6369
9221
6947
6316
710
7693
3938
3001
8159
5480
3549
9793
5196
2569
5403
4941
9247
9803
9862
489
7213
8092
4383
2296
9881
9632
2042
1690
18
7206
7268
8767
7304
404
4398
5153
2386
4841
3897
1364
4876
7903
1960
7234
4415
1752
7302
8164
7631
7488
225
5571
6802
6970
2041
3660
9095
244
6924
5559
2034
8728
2145
1790
5140
7001
2351
2921
671
4644
7201
7672
3871
6088
7312
14
2657
717
672
6206
9295
1320
7421
7752
1107
1566
9908
1055
4500
8598
821
6252
4789
6043
4744
3715
5515
159
3767
7817
2775
287
2080
9701
59
1278
4334
4363
3261
7424
8055
1524
1792
827
8763
3820
9857
3251
5824
9435
7134
5774
3533
3360
7222
1110
8941
3740
2661
2261
1851
9233
2631
5008
5328
2296
2365
1532
5117
744
5441
2190
2997
9269
7253
8980
2
5551
6588
6414
5545
2171
8233
70
1279
8420
8344
2638
7660
6342
9390
9724
7750
1908
690
748
141
3042
2345
6053
9847
8840
5757
3245
1742
8554
9073
7382
7062
2500
70
8659
6035
6836
6584
9888
7523
4110
6651
7282
7041
79
3187
3388
1890
1841
3362
5863
8644
2551
4721
9043
3218
5780
4581
7146
6986
3785
7742
4886
7972
858
5715
9255
8559
2589
9196
802
4697
3368
1218
8981
419
1145
4928
4358
1562
9081
2389
6054
8348
5852
2488
9524
3095
8729
8566
1528
9756
9642
6644
3060
7470
5077
3603
7191
169
3780
411
125
3076
8665
4484
4857
6070
4325
1799
7831
9028
9095
5371
5125
9690
5347
3750
8564
8905
8931
8584
1731
6158
2147
9625
4709
2820
3553
6682
7582
641
2821
5462
4986
6975
5467
1385
4666
6449
3359
6798
2980
2225
2820
3403
8625
7455
1518
3530
8741
9035
2005
3963
8271
2988
883
1244
152
9283
6905
8069
2193
4399
4371
1889
5282
9604
4469
4356
5291
7212
2834
2040
2439
8865
5476
8967
9400
8133
3867
305
918
9009
4803
2832
6236
3459
73
9514
7678
3532
9300
2552
8754
9459
7264
7672
579
7376
8944
5134
2456
9431
8655
7773
4955
3794
580
5918
687
2912
5202
3789
3762
4745
2070
2335
7287
3028
9093
9411
9289
7494
6596
608
5164
7237
27
5862
1735
6800
3172
5010
8574
809
1728
9171
6776
8327
5089
4212
55
855
2615
8786
2143
6432
6543
5086
8572
3165
4070
6125
9893
4939
5356
2123
4242
23
2138
9049
5271
1923
2283
5631
4463
209
9205
4650
9521
6159
3710
2108
4
6770
3529
8002
3201
3868
4067
1013
3367
3939
9567
5307
3693
5195
94
5581
6594
9873
6376
3017
9366
5804
712
8411
6015
6979
1705
4029
3223
1859
6501
1297
8135
3275
8684
1717
5891
3094
2325
202
960
3219
8498
6309
9619
3309
4698
9657
3701
1721
9025
2356
7976
3411
985
7996
9165
42
6420
4075
722
6936
5418
7761
9214
4759
8168
6029
7634
491
4449
6068
5225
1528
4349
3873
6674
5922
1983
4786
1262
245
9054
4395
593
1962
9726
9186
373
5856
9594
6851
638
673
159
2656
7662
7996
415
2614
4337
330
3215
9011
3908
1938
6434
8064
2370
2794
4426
2623
3635
926
4549
9025
8947
3161
958
3358
7729
9926
5088
7268
1011
897
6949
2310
127
5123
2552
3662
2643
1585
4892
1558
6275
8080
2674
547
5766
2762
125
9360
7152
1660
1905
1522
2422
4831
9636
6786
6554
8134
6577
7515
5253
5902
5785
2162
1208
6649
760
6274
1763
2601
7642
4553
1089
149
5728
1901
5378
8299
3437
9427
6339
4682
9076
9516
6195
1318
7778
2320
7131
6779
4976
5251
5848
129
7443
3333
7015
6020
7450
2869
1437
6753
3494
8054
4447
4421
1898
5021
1582
4677
717
7738
1019
9225
7077
40
1688
1120
5485
2759
2449
2740
8092
2211
1950
3544
3561
8660
4304
8896
3041
5569
6580
3701
3647
993
7749
4925
9832
7034
9861
2708
7503
9203
8489
4284
9855
874
8322
1234
2800
6407
7634
4524
8050
138
7798
2907
8618
967
9761
1783
3065
8328
5512
5003
9308
9576
9520
9335
3491
6121
2350
622
6908
4350
5810
7847
3173
2140
9139
6238
8938
3906
8754
2257
1445
5671
5160
8638
387
791
4596
985
7731
131
7117
9486
1811
9400
6710
7303
7228
3338
3197
2558
473
5883
5786
2371
7674
2184
3547
2874
2623
3196
5217
1020
1778
111
8653
7523
2231
3188
786
5048
6542
6248
7169
895
9577
2890
1599
9424
3402
6979
9389
6003
8259
5240
2012
8503
3322
90
9183
5712
6150
7392
1915
7022
7820
433
9283
3935
6006
6441
8065
2720
283
8915
3003
6621
8654
4490
1715
8545
3269
3388
446
174
4631
2639
2506
758
9663
2711
360
2216
6953
4827
6112
2307
8958
6040
7490
1607
945
8255
2596
290
6711
5675
8860
8321
8284
9033
1449
1780
7521
460
2247
9851
5861
4889
2017
6642
5234
684
1316
4253
3907
1102
75
6241
5529
8048
3546
4655
9322
1362
7639
5798
7709
963
7865
5402
8550
5085
9248
1542
9683
8998
7492
9595
5031
5253
2481
704
638
6057
4718
8981
771
5572
47
8365
5934
7354
9593
4325
2544
4911
5934
4821
290
7276
1270
9483
3079
5553
7753
4889
6639
4201
8456
1218
3581
5028
3716
9464
442
8169
6324
8652
6049
8544
7883
8024
6730
6707
7505
6088
5841
5874
352
4244
6098
757
4622
5493
982
7296
555
7656
9231
4214
1301
3191
1161
8600
7675
75
6480
7399
6946
3661
5976
9423
7907
921
4994
5037
1558
2920
2261
3323
9272
1004
9474
656
3621
9229
5893
7838
4309
7491
3745
3948
3487
849
5225
8076
1566
7842
8896
7427
2801
5411
1857
2384
7248
6151
3059
5027
8340
2008
7691
3121
7304
5729
8064
3662
8173
4562
1616
3048
4164
8637
2223
3374
4621
7148
7741
2709
5205
3114
8433
2625
3693
2701
9583
8050
9846
5366
2715
1446
5922
9860
2059
3351
1030
2567
1868
8665
8267
9573
7418
9046
643
5892
8543
3155
7782
8715
1489
7058
7691
422
4463
4512
5769
1250
1873
3734
4884
5523
4897
4934
2344
4834
9793
5281
8206
8922
78
3932
2867
2317
2875
3323
4386
5401
7594
953
272
2046
6629
9136
8983
3147
3083
535
9430
9995
7331
9511
5300
6826
1677
1698
4636
4078
6329
2662
9175
3761
8814
2669
9056
9912
6857
7920
5966
2427
7284
9261
6757
5242
18
3212
8220
2475
1121
2080
6955
5459
5596
5089
9868
3489
4557
3905
128
7789
6988
136
9291
4033
7859
9021
1692
8845
644
46
9343
7986
7584
7901
1648
8686
6113
8576
8526
7267
5951
4516
5876
5916
5528
8127
5313
4821
2262
1635
3018
255
9068
927
2584
7371
4974
5800
4788
8258
2740
336
3540
1700
771
6578
5352
8969
3479
7896
1951
1334
8060
7299
6042
7603
6478
8067
6433
4830
7885
2683
8747
5759
5441
1279
1924
2557
4820
5598
1961
5188
821
5864
9091
2196
8105
6080
4658
8962
1925
2151
7953
1445
6653
213
3049
272
813
9076
6219
386
623
9001
8054
4043
5415
6823
3568
5950
3191
2394
1896
3015
4042
8605
207
6981
3839
2385
538
3846
5160
1400
9060
7606
7160
5521
6610
3195
9588
4556
6054
5446
8902
1557
5937
9539
6809
4340
6608
2996
5135
6649
8190
6864
2484
4543
4460
1780
5296
1403
9766
3402
1215
6418
201
9412
8837
6240
8883
535
6093
4914
9332
5894
6905
8016
9243
402
5083
7246
8697
2837
5428
9702
4649
2267
2144
4099
4422
521
8573
3919
6718
2279
9086
9956
3998
4456
4048
8989
7630
3133
322
4090
6187
30
5549
9816
3856
8812
4737
9313
3736
1204
76
9465
2580
8395
9394
6266
2909
3824
279
6794
8501
9963
9462
539
4809
3010
532
2277
64
1622
1503
3406
2940
2554
8384
3686
8569
9782
6753
6574
3961
7940
7848
775
241
5874
1403
2434
9555
4019
1103
2865
924
9430
3592
7906
8954
5922
4642
1899
593
9200
9618
4268
9086
9772
5849
4122
6128
4213
9115
2388
3000
1405
4303
2411
3157
7929
8466
1151
7404
4657
1840
3219
6953
5494
3477
5495
6997
6830
1483
5450
6071
7137
7199
7496
1919
5874
8218
626
3432
2761
5628
951
4748
3553
7901
904
5047
2164
6482
8116
9695
4293
7636
8800
3012
6637
3663
7400
1911
7714
72
5447
4607
8317
989
4509
4191
8914
1667
6594
9336
8491
4210
6860
5025
2358
4491
2
794
1676
6537
3623
679
8229
111
8268
4581
8950
4950
8146
2133
4745
6113
6299
7712
3729
2889
2214
7991
5038
7441
7541
3953
5278
7810
4979
7801
7036
8360
2231
8147
6453
9521
6195
7246
2487
3938
2767
5867
2710
5030
5003
9659
5004
8807
8124
4750
7139
7800
4488
4079
4699
2012
9975
2774
9991
1886
6347
8680
2938
3487
9514
8255
2627
3504
6926
4803
4101
3262
1631
2874
2301
1275
71
8281
8950
7323
8531
8088
4430
6656
2053
2136
6629
8788
4132
6069
412
6041
9446
9596
2922
4668
9946
5749
8562
6871
9168
8949
2976
4713
1007
8147
6712
4693
4052
1115
7118
9853
8869
8198
9547
4122
4727
4700
8036
7963
9437
918
1521
9395
5204
8048
1843
5100
5775
3206
5658
715
9307
1750
1484
634
5749
169
967
1728
8682
4624
4835
8017
3776
7328
7235
6083
3008
7924
6470
1187
7429
6850
1960
3869
3535
5868
8039
8984
6139
9636
162
9572
4837
7490
3886
4027
7069
9209
1728
6979
4581
5700
8215
6849
3
7006
5565
6435
773
4044
4364
4026
9165
9285
7883
6032
5971
5575
1925
267
9456
8756
244
1640
2763
2729
8567
1269
7566
1464
3675
4801
6837
8421
54
2737
1163
9091
1500
5838
7096
9924
4653
5668
9776
5394
6143
3833
112
970
9767
9249
9686
8471
1148
5659
7153
4819
6390
7923
9007
3127
780
5671
7372
1692
7854
1118
9366
8768
5906
7817
960
9898
2330
9420
2984
8104
8085
2243
5728
7788
8544
4799
1570
8334
9952
8051
9258
4778
837
6338
6279
866
6603
4686
1826
9462
489
3028
5596
3141
2547
9868
6051
952
6983
9157
4555
1990
937
474
7849
726
5505
6138
890
2012
495
8359
7817
207
9237
4559
7144
1104
231
940
6628
5979
4894
7342
7032
7750
8108
2042
3931
4196
5394
2982
6522
9589
770
4503
8115
9706
1729
9235
8386
7268
7464
1943
5115
3655
3586
5152
1241
1953
8220
1176
4882
7341
2834
523
436
5789
4406
8881
2396
2794
1439
3687
7533
6424
9380
7620
9715
3016
3567
1449
7218
5650
3194
2566
868
3476
855
5651
5090
7609
22
2706
5406
5225
5369
9739
1385
9305
612
3698
4770
8885
7954
6758
4580
7042
6776
5735
2281
4639
663
6131
9604
2185
4761
1074
7222
7360
6013
1182
170
4006
7294
508
9299
6406
1080
9701
4219
9376
2382
8180
8872
710
8745
3980
9391
3249
5634
8412
1758
8214
8747
2189
7323
2768
7211
9862
7640
203
4309
5616
8175
8434
2033
7403
8094
9360
2097
6582
3787
8759
2484
4697
7175
4650
4964
7859
8975
7471
7863
2115
7815
1351
1379
4009
1336
5974
5020
8278
4525
6349
1506
5316
9499
4870
2301
7102
1922
2236
9517
7950
6229
6044
2074
7241
1740
4235
4600
1406
2990
1508
1792
7333
3029
4445
8009
8988
1683
5570
3624
2925
8982
5740
1616
188
731
5256
4692
2810
5056
3414
9178
990
5329
6656
2412
4253
8297
45
6749
2372
5462
48
4915
4765
4352
9230
2045
1072
2046
4302
6285
3940
9105
7862
8492
1922
7856
6967
173
5508
7387
250
5282
44
2431
5271
4412
3377
9380
6565
4804
1310
5420
5151
6739
4459
8524
1082
8355
6637
3815
6402
5413
1378
7072
6087
4784
987
4981
3369
7050
9961
8206
9601
7712
2363
5797
6532
9240
5248
3599
726
9125
1110
7732
9368
6101
6631
4171
4818
1509
1009
1033
3767
6583
910
4818
358
5084
4351
4396
469
2774
8953
5325
7122
8827
7176
9339
8323
3758
2688
7256
9092
7673
5028
5670
3575
7298
6106
8566
9765
6139
5584
4515
1575
2520
1845
5891
3616
6100
1623
4011
6796
7927
1842
2735
800
7944
5755
476
6804
5941
9920
2608
1946
5402
6294
3506
1807
2644
882
477
8136
9074
1158
6065
6052
5237
2334
4055
7830
3742
7126
230
8203
1885
9125
5561
5340
9807
2072
8047
1924
7056
7145
7145
3489
4812
9258
9717
888
4004
2281
9214
3926
5765
3610
1574
5892
3361
4378
1113
3688
9500
8663
4399
3546
1120
371
767
6225
4706
3956
2541
2549
3129
9651
7637
8421
8318
1910
6608
5707
1258
5902
5751
1538
8272
8447
1312
2918
4920
1674
1617
4691
5970
4978
5110
1133
1412
233
5227
811
9820
5741
9645
5922
8056
4355
4771
3413
4240
3067
6229
1672
311
3144
9872
7428
689
6559
1504
2514
1195
3675
4754
9256
6936
3019
7830
3517
8400
9685
1664
3700
1128
1099
8133
1553
3711
9700
1568
9242
3476
3057
6988
2865
2395
9165
1714
8087
7135
3734
2589
5529
7789
7682
7070
565
6347
214
2206
7486
7143
9179
9502
8612
997
2723
6342
2163
9584
8422
4239
9245
1856
439
3433
2184
1512
7647
349
9910
8870
4823
1556
5668
8706
5579
9578
1364
609
2474
1671
3370
222
3655
6878
6397
7762
7579
6034
9327
1979
3854
4264
8221
2077
8737
4854
2283
9108
2570
4157
3422
2208
5685
6444
5307
4433
2690
7101
3913
1451
2375
5117
5928
6886
5680
1320
5117
1935
6853
4015
8604
8220
7187
5787
4334
1773
4809
6149
7277
4576
6620
7263
2589
7668
7585
672
6716
4445
3075
955
6368
2774
7512
9730
9101
2642
9065
5917
6046
6768
5444
8832
3940
6713
2460
1781
285
9637
5103
1976
4889
360
9974
8431
1435
7780
738
7275
6010
1002
8048
4604
7934
5307
5647
6574
732
4210
9954
7161
8259
7145
5927
8020
6112
9829
8245
4113
1000
6774
2895
605
9705
6234
7040
2523
8262
2083
1669
9921
9625
9113
1750
414
2539
6906
7291
3352
4243
9768
8189
7280
9008
3809
5137
9199
3307
4296
9983
955
4757
7403
9919
8136
5800
7567
7535
8215
6070
7444
7115
4619
9135
3436
2792
6044
1730
8072
7979
265
2597
1282
3379
8186
9973
8648
5776
4453
5395
1521
3449
8028
3782
888
225
7476
6710
7360
4867
6320
9418
7675
6730
7692
4052
4561
6420
8512
6937
9887
693
7190
9198
1622
8754
7400
6579
5061
4129
1576
3231
4009
4656
1333
9118
53
4282
8613
9840
6620
3238
2070
1378
1465
1067
5329
9107
3518
9406
6884
3039
9193
9240
9725
3167
2822
6138
7041
53
3034
410
6369
9456
1760
6222
6925
4046
8151
4669
9530
1602
792
9673
3805
744
3632
2564
6403
9955
4024
4391
3756
8341
7266
2031
3222
1634
1794
4298
2994
9144
9614
605
3478
816
9792
2926
9741
2585
1548
8472
3511
5378
4982
963
5111
6065
5014
306
9917
8379
8616
9251
2325
6221
2458
1756
8004
3791
4173
6466
3597
8672
4503
7789
5856
7030
8012
5040
8231
4296
3010
6209
288
6242
8310
5084
5168
5573
2217
6227
1740
6667
761
1810
9376
4412
8030
4534
8666
7953
2051
9630
4143
147
4958
5528
32
4169
7705
3962
1813
5152
7577
9872
3651
873
628
8508
4643
7324
5144
6384
731
864
374
5214
8
5004
3652
2824
6210
889
9081
1981
7800
7563
2538
250
1894
4616
9481
4879
5109
8215
1496
1570
7455
4464
4464
8740
5986
5166
6772
6927
7657
2117
5515
2656
8686
1805
5009
5867
9601
8253
6153
1355
1677
4743
2477
3078
7761
1582
9341
8138
9538
9807
1359
9322
9863
3405
5388
1955
9617
4653
2867
9468
3790
734
5286
8085
4394
6531
9156
6606
4106
1647
6762
9343
2957
8411
8832
7879
2
5405
6398
1838
3408
2050
518
5373
5181
4031
1661
4858
7091
6373
7931
7862
6984
202
4764
1979
7167
5503
8921
8775
6290
4138
5186
991
9063
4252
320
8707
4294
4473
330
9774
7538
8807
378
4323
1900
4807
3663
7559
1692
4416
5433
8054
7345
8956
2533
668
170
6273
4935
9325
5556
4361
425
2841
3743
6743
5743
1417
6829
8122
4923
8944
6867
4645
1627
494
8150
5261
9371
7133
5553
2742
6597
5049
5548
5858
3693
855
9292
8765
9115
1871
9160
2744
6390
9180
2492
855
3742
7456
9911
2851
440
3426
6077
5635
4226
6317
8822
7529
9868
6671
5349
4636
311
8541
4831
7168
3729
5742
5926
24
7459
4186
4484
5337
6213
2785
7859
2755
5146
3488
3333
5448
7473
9727
6011
8786
1039
8126
652
1418
6220
5362
1997
3876
2443
2885
158
7284
1770
3388
7766
9674
402
7743
7354
7828
621
837
1086
3948
6943
27
441
5974
1711
6686
8386
7486
3175
9777
2193
900
2198
2266
2786
2908
8214
6455
2891
1812
868
1389
4930
1803
5533
2600
6994
9532
6410
7029
2121
3720
6751
2924
6490
5373
2433
1940
2488
3663
3968
9119
4735
7921
7602
4777
9004
6254
5889
2452
6200
8269
5083
3651
7959
2802
9469
8378
2206
5912
9827
722
9620
8366
4793
7349
7137
9218
4192
7829
3600
5810
9167
2954
8354
9097
7679
3800
9736
5105
2440
5557
227
7558
5513
6277
5580
6715
3087
1172
6985
5782
7398
9687
6387
4049
1942
6193
634
1360
7296
307
9756
9179
240
7516
5491
4635
2387
9824
5001
5609
3241
717
6982
3264
7992
9317
3999
6570
6374
8176
79
8584
7413
9433
7492
5794
2448
1344
6672
1732
9318
2950
6892
9858
9775
2
3201
2063
6996
3760
1529
7069
9501
3808
4225
8794
3981
5317
2235
8790
2750
9415
5379
5861
7629
3897
2607
6794
2453
1351
8220
5029
6241
7883
8385
9191
9490
1077
868
2422
3284
7483
9268
3004
3805
2894
8842
9818
150
9561
6667
7171
5377
4268
4443
5219
5897
9400
1755
5769
3689
7811
4978
2504
2587
6172
7534
2420
5655
1704
4430
6523
8977
7679
3738
213
8332
2540
2327
407
2982
9806
1619
59
1333
3347
8125
1892
156
8746
7815
847
9737
7955
5534
7991
1503
2584
5054
7343
3283
7135
1953
2536
8522
8800
2858
3871
7236
5731
4750
326
2009
286
7228
833
166
5020
7515
3897
9162
4602
4652
8708
4220
8618
6842
3082
7513
5133
9696
7380
4059
3967
2918
744
4302
237
380
6676
2084
8179
4780
2460
854
7717
1900
622
405
5669
4288
7699
8476
1173
5615
7810
6101
6976
3022
1361
8097
3053
744
5924
5050
1092
888
9287
2127
6463
3242
5993
8596
9569
5757
3974
5221
3317
2965
4471
390
9024
7597
9170
5253
6117
9689
8709
3430
8094
2302
4620
3151
9723
1062
5597
2887
5780
2893
7658
5560
3194
6424
8919
7964
5902
4052
9266
3164
515
493
4547
5253
9814
165
4454
1326
2963
1760
8528
1511
7131
6074
8979
2859
9111
698
4177
1288
234
7187
8965
6001
6799
4170
1245
1999
5187
927
2265
8966
183
8114
2395
3195
7401
1490
5502
7011
3133
1541
841
838
5857
4747
8062
5593
2923
6853
5700
6893
4976
4632
159
6272
1119
3995
2183
688
8098
5595
4893
9550
5699
7967
2225
2218
6957
484
6920
3726
8922
6030
5488
243
7327
3179
9937
2779
5075
5113
5929
3071
6202
8406
1710
996
7143
3606
6207
7864
9987
9368
1587
9465
1391
4139
8736
1559
8401
9996
6117
3172
5263
457
1246
9735
6047
5942
2059
7925
4186
2501
3284
1333
8914
3830
1907
1576
3886
6834
2420
2787
1726
380
4831
1591
1244
2660
4431
8204
6379
2374
1504
453
5018
3716
3403
2924
4102
1588
9055
6963
8146
8726
5717
1601
7824
7856
1662
2553
6533
6221
1677
9567
495
135
2126
8736
1606
7536
9721
7261
7421
5735
3734
8080
5233
5042
1408
6856
6638
5168
9988
7955
6352
2057
9385
9188
9305
7505
3518
9340
9866
5981
3899
8584
4267
9759
8013
1973
4336
5646
2140
1333
9181
4136
1497
6009
7476
301
559
6036
2802
4397
8334
2177
7736
3624
8023
4446
8765
9571
9259
283
3428
2302
5073
9538
8021
5027
6057
4357
5603
1128
2551
6124
8320
7817
4815
7696
8789
3116
8492
489
3081
7954
5092
5684
6326
2564
6890
5283
5551
4052
2646
6577
6996
9034
3268
9866
4366
9273
608
4061
9112
2045
7175
4684
3045
8564
4734
9413
6609
2641
1248
1280
7328
5006
9227
5474
6560
3159
7309
8629
6144
5244
4468
3920
3129
1620
5659
5837
5547
6086
4753
2469
7989
9226
6340
8950
9723
2808
5873
4361
334
9334
1984
7728
1499
5718
671
174
966
958
275
119
918
4356
2671
5357
5967
2135
1338
7876
8523
8732
9209
595
974
8803
7164
1001
2411
9523
5876
3966
5605
3250
590
9909
1873
9412
3603
7839
3483
3482
1812
5479
9017
6683
1353
6306
5599
243
269
7691
2952
4591
7647
2567
5599
376
5470
2736
8729
8091
506
1648
1726
6137
4357
1503
3164
8855
7038
6992
8245
2924
8192
2362
4217
1995
5715
1462
5419
2966
2664
3760
9373
7488
9879
7940
5514
4820
2271
1021
8814
5576
9194
2070
2638
7232
5258
1550
2565
7238
9717
6745
3329
2693
15
2148
9068
5704
4001
8856
6235
3938
9343
9557
5626
9638
7861
8875
1159
8267
178
6300
6043
7746
3985
8536
3253
905
6400
8726
2699
7642
1905
5950
8770
6373
5034
398
7538
7970
9667
7872
4476
6390
2268
3502
1212
6526
537
2940
2134
4267
3154
2078
2287
5029
1166
8687
9856
5041
304
8188
1048
1200
3965
7328
1119
7650
1051
5040
3755
2769
9555
122
2892
733
9728
6354
7584
347
6229
7290
6822
1028
1638
1879
8910
874
8734
257
6409
7318
7497
4036
8642
2550
1827
8088
349
6255
8159
4837
2601
5561
7431
9227
3235
4136
1960
2126
2352
9530
5015
6345
7367
7804
728
4978
5555
4086
7585
2101
8759
4959
1739
792
60
4596
7264
2775
3665
2771
9341
8052
4953
802
1270
2586
9304
2348
4808
6688
5400
9739
1725
8241
6109
9194
3702
3618
3211
597
2079
5833
8341
3023
6446
2541
7883
5707
6557
5511
8040
535
3691
7111
201
6593
9292
7283
5226
6956
1695
5322
3977
109
6180
3558
1801
4232
2588
7718
4033
8500
7425
3842
2459
726
9068
3980
6898
4635
1925
3754
7926
4444
1108
7363
662
1753
1862
4798
7989
8865
1470
9124
3062
3115
25
7033
1817
9753
2152
2401
6686
4686
9268
871
4563
7090
9981
471
1179
1650
9494
6289
8433
1728
458
6229
8479
9564
3309
9956
578
8969
7257
7802
116
1100
5673
140
564
8154
7978
1685
27
122
1360
260
2325
1188
802
4890
4880
2806
5142
3925
4361
1152
1966
6248
2210
9578
3806
7234
5016
8067
1991
6614
3115
7751
5952
6843
7600
2598
3438
2445
5398
7756
8754
3437
7206
979
6417
5613
1673
2772
4159
1861
4788
9249
4657
6644
7546
1061
4625
5555
8480
673
6157
7321
7840
66
5769
7300
1149
9040
9861
9648
7425
6609
9267
6300
2106
5383
8850
4214
3569
3756
4635
6054
6891
9416
9794
9227
6933
8957
1792
5583
1159
7434
7232
5391
9943
9025
4659
2071
2352
7751
1662
303
3260
2387
255
2804
8124
3498
7614
6209
8658
991
6385
9136
3793
514
6130
8958
8292
5482
224
9064
8373
2503
3876
8575
7188
7926
1369
3942
1302
6173
2511
5209
8008
4143
8183
9312
6106
2702
8518
550
1244
6914
4840
1618
2509
1439
9041
2878
8845
8339
1096
7830
6589
6178
1877
1609
8817
4583
9719
4436
3779
9341
2294
2820
6016
203
6316
4454
5516
9935
757
1362
7163
5711
923
5861
3741
2649
9697
2077
7979
2612
6086
3148
4374
9260
6005
644
5703
4652
4928
3855
4409
447
3677
2649
7938
2246
7258
9485
7464
6456
3552
7538
6012
8144
3699
5978
4519
5862
7413
2945
2828
5043
6504
2927
1690
5537
5773
1108
560
8042
2437
8246
2083
4272
3947
4503
534
4932
7834
7468
3667
1251
8853
2949
4516
3756
2508
2426
4879
463
5887
2393
8988
8730
3353
373
7614
839
30
1822
9889
2578
9734
7753
2608
1065
8442
5160
7919
6172
1322
6953
3691
4321
6758
9559
5631
9577
1631
7366
5628
6269
7822
507
1873
600
192
3484
9270
8328
2927
2595
2543
5965
4161
2081
1465
1330
1541
2604
2501
7107
6399
9479
4622
257
9107
1414
7514
791
7053
6259
1386
8325
7704
4866
5545
3620
145
4302
9660
9335
3314
7159
557
522
3514
1748
2930
7738
8844
6661
9555
8110
5451
8731
894
8441
1060
9741
4752
675
2273
7514
9585
4210
9635
5481
3322
6923
4228
6793
2652
6925
2506
8933
4796
3861
5021
5707
5095
1419
6266
2885
3940
609
6828
6869
3785
7476
7727
5134
8782
9139
4054
2062
3865
8708
3247
9251
5091
2793
4262
2355
2238
2852
4164
2895
5136
1042
3656
1861
7591
2921
2138
837
4930
884
7622
7096
8169
4800
8904
7612
7415
8304
8584
6842
6204
3857
4289
7906
7225
8208
5799
5998
2134
8224
7536
5500
309
1678
3643
3658
8196
5169
9353
5128
4314
8600
9415
1891
2858
1216
6017
6073
8503
4301
6396
2051
1176
110
6937
5948
9239
8213
4754
5422
9464
2737
5896
3241
1276
4188
5500
24
1916
3510
8873
9558
9333
5187
328
6702
2931
6738
4807
7358
9237
9489
1980
9270
2620
6585
6531
2406
1346
3063
7685
4873
9342
2410
3545
2204
3677
2047
6918
8540
861
8015
9586
2885
866
2140
50
8853
4941
9274
4896
9736
5487
2875
1
6059
2018
4168
7644
2050
4058
2772
9262
3180
996
453
551
2978
7260
4701
9856
3301
9661
9515
8823
2285
1750
4195
5553
921
8594
8189
115
1329
8211
6694
5231
9358
8149
9776
2144
4108
3246
1299
5151
6941
2147
882
2737
8713
4901
9514
1259
7031
8419
2296
3985
340
6318
7371
1526
4503
678
684
1133
5785
6246
7484
519
7675
9782
2625
6626
9698
6462
7239
8492
5312
5791
7142
9789
1858
472
7822
1315
1461
7104
3669
335
7051
829
1105
7524
1727
1191
7856
3484
7404
8538
5277
3114
1305
7686
7506
7810
9727
1
4357
2146
5931
6248
3022
3935
2646
5147
4640
538
5818
5848
5655
607
5537
4912
2303
7360
1342
1638
4474
2278
763
3304
5239
5902
8987
3522
3237
7824
6798
2359
395
1037
6886
8521
3899
7941
209
941
879
7189
1223
6490
3485
7322
2855
5923
6120
