131072
9717
286
6358
5694
8404
6828
2686
7798
5743
1497
1640
2143
9102
5128
1374
8227
815
6432
3384
9476
392
1533
3677
152
9294
3292
653
1944
2851
9708
3623
6052
5446
7742
3389
1444
462
4277
7337
2747
1400
9437
5295
6306
709
6454
923
9537
2701
8838
1760
672
6779
9264
4024
110
6785
3033
3138
834
6953
4178
9313
8072
5815
3261
7499
1109
1783
123
7617
3728
9946
9277
995
3449
3966
8583
6506
1142
8314
7010
8425
2227
9439
8470
6929
2471
4658
2457
7754
1555
6942
7696
5848
2936
8469
2161
1444
1196
4959
9391
9683
2080
7705
4676
3491
5191
6402
8520
9433
9897
7218
2122
4551
1841
3028
9871
9982
4552
9137
1425
4521
3428
5709
9373
8540
8832
7471
6281
1405
6673
3897
2820
7726
1853
978
2293
2731
2380
4387
6369
6936
2872
8763
9646
5075
1087
6092
1902
7769
6007
8437
6544
879
2188
2567
8536
8441
3262
8437
2802
6447
2952
5696
8598
452
7331
8930
9461
3618
8122
9700
4394
7702
3837
5365
296
2039
2307
2831
4121
9360
2236
5916
5146
1837
7421
5368
3822
9502
1090
8051
1567
5055
10
1156
8673
6794
7184
3657
5311
1432
6219
8553
4211
9169
6326
1589
9719
831
9975
8415
9442
8908
2119
9749
9942
918
4455
1194
1376
4518
6222
7394
3830
3178
8805
5672
5525
7334
4104
5854
5683
8819
8630
8340
3877
2585
408
9868
5489
604
3231
9969
5231
2520
864
5207
7722
1067
3941
1262
1993
109
9311
9171
1992
7451
7442
4584
2704
4823
933
5859
1133
4450
31
4699
7549
4153
4860
6817
9306
3654
2733
327
8260
7829
9454
3989
3407
4429
3383
5055
9091
6719
7724
6392
6800
8310
7160
4578
2275
1255
7081
2810
6561
6235
6586
2767
1156
1744
7977
2473
5522
1964
2640
8175
8404
4042
8854
3864
417
8677
9612
3216
8859
1364
8877
205
2717
3217
6308
75
8057
4935
2001
2740
3645
4583
5810
251
4951
3419
2813
3682
3239
5770
7085
4980
7332
5874
7213
3965
2271
8525
5198
9183
6821
6930
7804
9228
1455
7281
1124
9258
181
459
4426
7308
1345
6991
9376
4765
7627
8457
5749
8073
2191
3440
2131
6673
5408
6914
7480
1381
3042
6516
5651
6421
8628
1234
6755
240
3063
4683
6917
7364
1478
9832
7359
6389
5746
6385
5012
3104
2277
5892
4721
679
606
4953
5898
2466
245
7792
5629
4119
8002
626
941
1551
9192
7942
6529
7446
5777
99
312
9327
9564
2037
7186
4451
1593
7915
9566
8226
1549
3091
6578
9537
2968
7502
3791
6105
116
442
1394
8839
9472
4001
1889
9701
5106
6860
3090
599
5381
7397
539
3539
7982
582
2927
2799
8270
680
554
7517
9267
5905
8126
4084
5461
804
1582
5205
8417
8415
2961
6520
8145
5120
7309
3461
8349
7083
4067
2103
7502
806
3514
1079
5231
3465
9400
8970
6882
2769
2963
6651
7438
4542
3943
307
9045
2484
3183
2445
347
1188
98
9676
3240
5735
8598
8233
98
5647
3777
4555
4249
7191
4732
1235
8708
1779
8899
2171
6405
4133
1256
4059
8215
7534
9720
7769
4334
4632
1143
9814
7018
1572
5485
1617
5400
1714
6620
7534
8891
94
4165
8806
9020
4557
5131
2276
9648
7123
5280
5378
36
871
9039
7127
8939
1609
2012
6407
2170
3611
5608
7152
4430
98
6765
3178
635
9436
6646
3830
1120
6204
2743
99
2425
8498
3214
1982
4350
50
1782
7913
6238
6465
2429
5900
8806
2873
5761
8700
4488
3140
9732
2307
894
4932
7135
4184
5835
4487
7337
7175
3229
5776
439
7811
4360
629
2567
1370
6495
1942
1950
5502
3761
6287
5910
1536
1947
6042
8940
3150
1161
3366
7230
7343
6430
61
3858
1405
2431
9427
9249
4989
44
6998
7451
4696
8636
9242
3754
8318
3346
3118
3313
4463
3452
8084
1085
2688
9648
2795
496
9879
2948
6575
1551
9934
9278
8461
6282
5839
466
3299
4346
5167
5401
6785
7055
3032
5205
4631
146
5201
2942
8059
6070
2091
6623
7296
3665
49
957
8226
6098
2435
2665
1216
8168
5812
5085
4574
1678
5921
3391
3052
2716
5124
9019
9315
8851
9418
7976
9910
1113
5206
7796
6780
5699
7826
9612
2011
5020
4195
4030
1304
8260
9725
2861
3774
625
7988
9910
2816
9003
5250
912
9669
4849
755
8905
9253
3185
4103
8482
1915
8079
6797
6802
7643
4491
5048
1967
9767
7856
7292
5167
3464
341
8249
843
3080
6228
1913
2814
1365
2112
4022
4287
570
449
725
4429
9957
8288
8125
4908
3068
3777
2272
3682
2089
1829
2560
7100
4830
4814
8624
6409
1016
5541
4163
8715
712
1041
6527
3987
5291
5743
1937
9370
9216
8244
8641
8120
3080
8465
768
256
4346
3057
7895
7458
214
5136
5256
8914
2700
6315
3918
5084
4978
7618
8793
5725
6804
1266
7336
7000
2327
507
6410
6423
2838
4710
8646
2783
2635
5438
9662
7166
6998
3546
1464
8107
462
7146
5418
7149
4417
4844
2663
4472
8031
9494
7744
6579
2348
7962
3338
1944
778
9207
6312
631
3510
2675
3176
5501
6137
7119
7473
2315
7953
5885
9979
7800
3200
4683
3871
9639
9422
281
4923
3747
6359
5035
6213
1548
1797
7913
1703
3286
7453
9996
4996
9006
7371
8409
9401
7872
7267
5426
2937
9766
6999
9679
1812
619
1052
2600
3867
1094
297
3055
9723
312
5488
4804
4705
7418
2012
188
8996
8537
6348
6529
1028
2239
1886
6503
7859
5127
7440
2947
9550
4482
397
4247
7719
187
2006
4437
856
2527
5
4725
2180
6331
7424
7033
5628
2292
6736
4250
5814
2017
1775
9231
7746
6831
3797
240
7487
51
5817
711
9206
5220
6955
1487
2683
916
1873
4278
1238
3699
8033
8496
6549
8847
1858
5102
8871
3630
9569
5703
9633
2877
3534
4286
664
543
6724
55
124
3813
2324
7449
3727
7295
8269
619
5736
9618
5835
5461
9530
9322
8023
1453
1633
3786
8528
6751
2271
8631
3310
5683
5954
8106
1304
4252
8517
4427
3931
8806
3330
3367
7207
3455
3365
1371
4452
4133
1556
7406
8083
6114
2177
9014
533
1210
1650
8
6066
7217
3730
3589
5915
5631
1548
6196
8436
63
7083
6347
6839
694
5393
5128
8708
5400
5048
561
8769
5255
6675
8200
6104
4938
6811
9863
8079
5068
7297
5898
780
3552
568
5476
3725
4912
8585
9752
8320
6229
9950
1694
5747
9755
6494
2819
5026
4236
521
6672
3737
98
137
6203
4081
9987
8733
6545
9753
7442
2929
5584
6447
2329
4355
8670
2632
5476
124
6525
4519
1121
6393
7962
5105
6788
4447
6589
8427
2075
738
1493
839
6216
8389
8205
8889
4315
3487
5852
9164
5354
7565
9521
3870
6465
8654
978
4610
6213
2126
3942
6434
6357
5594
7432
7708
7773
1966
162
6010
7102
222
5512
8525
8986
7597
2827
2329
8165
1532
5807
9827
8149
9531
1446
5626
8703
5667
4254
2831
2849
7106
207
1868
3238
2898
1625
9314
9495
3027
275
6773
854
8706
7401
5779
6822
4151
9816
4309
634
2275
4871
3593
6402
3051
3988
9106
1292
7351
5198
9684
2666
6909
2847
5347
380
1915
9881
8747
9434
8314
3205
3123
6439
9976
1049
5574
1591
7343
7815
45
7855
9074
7726
3833
9426
6113
4255
7239
8016
9150
6700
5359
9035
4535
8223
4560
2918
5579
9249
7978
4228
5412
6144
1961
8969
6639
5111
3611
1830
7712
5337
5107
4876
5090
2971
575
7816
8654
600
8847
9152
6169
2883
988
2432
7959
8882
7133
4103
7465
6666
5822
9089
8794
8851
3722
5363
2661
1844
4341
7695
3017
3364
305
3183
901
9130
486
6127
6076
319
9482
4483
3505
2877
437
9618
2073
643
9251
4620
3531
3099
1317
3943
3696
1134
2123
1018
3252
4265
9857
2792
5554
7909
1751
2584
2652
6051
9487
2208
9370
9949
5142
2604
2970
4746
3129
3486
2927
6733
7118
3408
959
1110
5913
6372
9124
5949
1696
3009
4852
7226
7123
2630
9092
149
3351
2186
7535
1775
4536
9535
7766
7689
3082
1193
8964
605
2545
456
5636
3640
5909
1138
8248
8387
3753
3054
9059
6353
1281
9766
9694
2668
9255
1453
5027
6787
6088
1910
4599
2781
722
847
7902
7439
3223
8963
6513
2339
7334
9624
8239
2648
2561
2043
9264
527
1008
7202
661
5541
3111
7616
4817
5052
7728
3011
2157
6191
2898
8068
6089
5348
3611
1544
7636
1316
6487
8600
1030
5766
7113
4889
1473
594
8578
2720
6344
9111
2276
1977
5595
912
3384
2641
794
329
1914
1210
554
8870
6441
7027
3892
4642
103
9115
6306
7950
9328
3861
3311
5625
9085
985
9206
8995
2220
6486
4698
8235
1890
4388
7721
6648
7393
1550
969
4149
6978
8574
8640
7832
9643
1015
3446
8483
7670
1918
6186
3859
6960
5965
3769
938
6657
1034
4315
1719
2014
4326
3994
146
4194
8840
4326
688
4065
9520
2403
7747
7503
5064
3383
7955
4930
2459
4604
6354
6199
7048
8441
6275
384
8223
673
3647
422
3061
4369
3502
5491
942
7085
8700
7371
4795
1323
4171
426
3898
7226
2300
4965
1062
3267
7055
8307
8883
3939
7746
2781
1289
3795
7046
6654
751
7862
7647
9528
8303
4723
1952
9110
6511
5612
7715
4999
9827
2350
4795
3156
9631
884
7838
8096
7991
6986
9525
9575
4348
74
2645
3337
1903
9856
9549
5273
1841
2953
6068
6864
9998
5743
9018
339
2978
1764
8086
4509
9566
9174
3198
6307
3215
9555
7508
7427
6266
8224
7631
7278
1352
1850
3603
76
7976
4329
1706
7707
4951
8666
6882
3661
3289
5243
1393
8576
7344
2033
2718
4153
7578
4745
1677
9898
6835
5223
2797
3329
5493
6312
3844
3233
2658
341
5688
9747
8564
533
5863
1139
1264
7349
6315
7075
2689
1520
9228
6506
1233
8972
5417
6888
2211
4347
8641
6072
435
7417
3894
5248
6800
3557
5920
6762
1923
7407
2848
7546
2175
9572
7995
3724
6931
6714
3068
8913
5213
1876
9968
4153
7432
5427
2030
7709
4028
5414
9474
8690
3229
2302
4472
6780
2605
1858
6464
5920
2813
2127
8912
5788
4298
4547
7018
8954
8320
967
4955
1037
8744
7046
5413
3401
2776
9912
1216
5803
7387
3591
300
9155
2311
436
8784
9428
8018
6206
5959
7741
2768
153
1752
3799
6040
9916
553
8704
8475
9960
9128
8453
8220
1088
3469
989
4336
7333
1479
9659
1049
3764
8228
6661
2317
1383
5745
4254
3386
2167
1853
9988
4215
597
2657
4502
5479
1808
721
6672
3178
9601
6870
8875
7341
4483
170
7076
8428
1826
1459
5329
4365
1566
2096
3715
3210
9747
3818
198
3447
9977
6545
3724
6637
5249
5766
9989
571
4458
4900
1129
5046
4814
7277
3195
6799
3294
1231
2947
2891
7398
4739
9620
2295
4546
7972
9291
3664
225
9455
633
4544
365
2192
6068
2887
7540
4168
278
4315
6186
7679
7345
6851
7188
1274
7721
6158
9271
7312
24
2504
4841
6732
3649
2831
7550
6775
2478
9351
6822
6250
1009
3849
3731
1060
4960
8993
6116
8656
311
2736
5290
630
9576
4072
9909
6037
2568
9138
5477
1174
6578
5708
2404
1902
7031
3465
2494
3033
5500
4212
8237
5980
2353
8038
2838
7562
3451
5262
4267
219
6147
3115
2561
5197
9129
7125
6179
638
796
7892
9359
8267
914
3261
2354
2145
7549
3762
8888
2004
7513
5270
5624
2107
1053
6630
7487
4063
9668
2405
6794
9985
5064
8247
9156
5142
4296
2673
8543
223
3761
1346
9673
8669
6716
1531
626
131
8990
5408
1629
574
6921
6772
3960
477
5708
8402
1829
3983
9421
77
6472
7365
4378
7257
9503
3401
657
408
2742
3384
1669
4692
5547
282
8498
6395
25
6846
4113
6418
7362
571
4702
2539
3111
3214
4858
2996
716
6579
7816
509
5255
3372
82
6304
2004
2210
8287
4045
4200
7847
2493
1706
5361
2641
7304
3439
8934
1412
796
3103
4461
1956
9401
6069
4990
1196
3266
1870
1931
137
1004
2353
5159
9090
6108
634
7364
8183
6724
3558
659
8302
9618
2986
2418
5345
3856
5710
9236
6111
1285
9750
4991
2734
319
6926
610
1103
2628
7663
7447
5195
734
7430
2706
9106
2980
6356
2703
4114
5322
5248
8189
8274
6639
892
4401
8450
7467
8649
6451
2997
5057
9973
3208
3503
6976
4968
5113
2764
6757
4626
44
4733
2264
3517
3887
6244
4650
4701
4764
4970
3382
3077
8438
5932
4907
8007
4642
4154
2565
8806
4437
7865
3262
2415
971
5764
7533
8192
4562
2523
4145
3338
1367
2064
1484
665
3198
4971
7926
1826
9642
2118
4410
9907
4823
2220
2151
9375
8871
2051
4042
4948
4050
2929
8181
2527
1432
1873
5662
3209
5631
2544
4997
4062
238
3179
1850
5507
8466
4662
8777
1955
665
5907
984
7563
1180
8200
2147
6560
7801
2429
3705
7907
3564
4051
8358
8719
3716
7224
4639
5565
3515
5340
1478
6810
6401
1104
7249
697
5541
277
6600
1918
3570
7710
465
5898
8317
5158
6138
1602
5837
2209
6007
2922
7297
726
1869
6096
1215
5423
7359
6200
7143
9923
80
8093
948
4740
5652
24
3410
4923
9171
2994
3630
277
6813
3803
3608
4002
8135
6498
5230
9925
3079
9624
650
3308
4772
2029
9671
242
919
6967
2303
0
6389
2949
8593
1150
3853
9722
7673
3549
8694
1792
7399
9391
5613
7600
2534
7067
864
9237
2766
4763
8105
6217
4893
7892
538
6531
123
4869
9049
7457
6344
5346
7628
5416
5618
9740
873
25
3209
5838
8647
8195
2900
1845
2694
4998
3381
3833
4429
1145
9160
8798
6954
5367
4318
7807
9697
3808
4608
5515
1753
7842
6715
7154
5307
3875
4191
6101
4702
4236
8699
55
7352
8342
3174
29
1793
7418
9433
8383
5294
8216
7824
6108
5598
2218
9640
63
9425
6488
5602
3486
5897
3064
9390
5375
9946
174
896
6790
1796
4803
2696
6877
1339
6096
4594
5215
376
6328
6221
1806
3779
6289
1932
3943
7303
8195
8133
7810
6615
3211
6662
1430
5990
347
2603
4726
3028
1944
3206
123
7330
3740
6620
3953
2118
2913
6277
4450
2701
8873
9651
1527
1157
7667
7666
435
5760
5673
4862
7856
1538
9031
2259
7513
833
9522
1858
4310
9731
659
9808
5968
3343
869
9029
79
2756
4744
2073
4335
7353
7350
8285
4125
5870
3065
4662
8099
1413
5351
1089
9218
1442
2543
5966
2516
3135
2643
8898
8175
3742
715
7752
8485
2900
5806
7142
9727
4541
533
9500
8437
3839
2053
6056
2403
9529
5050
5750
2498
1415
5418
3985
5278
7940
928
102
3175
7187
2476
4720
3998
6758
6219
1019
121
2238
2899
5423
1117
9014
3235
2469
7930
1955
3357
2582
9573
6882
9777
181
8435
3863
6976
563
1327
7959
257
4285
2725
9913
803
7518
8779
3158
312
9950
1779
1848
398
812
2143
9874
5062
6733
106
2946
295
5674
1019
9746
1019
2176
7024
4563
9955
2580
255
4947
7426
8456
6732
6089
3060
4648
4016
5978
9021
7399
7549
937
1505
443
9469
9444
975
7806
8274
5643
5303
1587
6350
5119
4221
490
1418
9253
6992
7279
5090
4777
5677
9556
6922
790
7022
4834
7253
9982
4864
9925
3713
5151
2363
5786
5931
4607
1659
122
5381
9099
2583
9981
7181
4176
3515
8695
8252
1430
6902
4295
5075
3811
1071
8214
5192
1034
2608
8052
239
4912
7439
6455
97
5764
4569
3307
427
2512
9816
167
9973
8255
4944
8580
2554
289
3240
6174
3481
5095
2647
845
2952
605
3973
8805
2863
1363
7227
6820
4975
608
7484
6457
3268
7804
3858
6293
9263
1965
720
6479
1642
4491
6391
9735
5973
790
9289
7865
3968
6908
3632
2826
1006
3025
5113
8988
3151
2922
1653
3840
7580
9152
2620
4682
6066
5129
1423
3731
2332
6463
8063
1131
3844
6341
8198
3959
5272
2916
9268
5063
9675
5714
6132
4118
497
3106
6989
7618
7927
8820
5519
8548
2399
7980
469
1906
5077
5758
27
6074
2166
884
3923
2100
7519
8251
8081
4952
6578
3505
7638
1253
7790
9066
7816
6353
9010
9865
2409
9666
7115
4904
8445
2842
6331
68
9587
1478
524
2516
3217
1211
6526
9727
7623
4971
382
7747
7756
5913
5800
342
9645
2636
1136
2771
6524
4904
8860
9080
9743
3267
5910
4120
2235
8989
2147
3716
8595
2874
3969
439
2258
8660
8052
1643
4812
9593
64
1409
4238
2343
3317
1753
2772
1985
115
3042
1294
5097
5170
7409
1168
4598
4473
4132
9069
6885
8191
3656
4130
8789
9139
7768
8815
8284
7607
4445
1119
4787
6815
4044
6600
5912
8466
8936
1493
5271
154
667
1627
5884
6665
1620
2417
5308
4422
4025
762
2718
6781
5156
968
5935
2290
7047
3040
5345
2330
5283
7576
8580
4140
2400
3177
2161
2826
2928
4737
4840
4513
693
4541
887
5629
3391
6551
1747
4943
9991
101
2457
3852
5000
2837
3351
3181
5006
3100
450
5718
7787
7970
880
8322
1825
4781
7870
7985
4384
124
4752
4373
4307
2749
9027
3460
2441
5787
3999
8233
5479
5311
1804
2641
8642
6621
9476
6630
1740
9674
9605
9628
8424
153
2230
195
1703
3407
6991
841
1903
4737
937
4393
3029
2211
4790
4344
3380
6608
8117
6622
8867
4633
5882
82
8316
4824
9976
9167
8697
909
9625
9179
9913
6685
9743
6619
4977
3306
7249
3194
3062
1769
5123
6446
5268
7214
1368
2515
8127
2770
8645
2801
120
9215
3891
1054
2741
4997
7781
460
7742
1215
4800
1115
5558
2639
2739
5805
3992
8397
3271
7210
9073
4921
9722
8902
7554
2900
3640
6880
2249
5626
8838
6052
4869
9732
8041
4853
9135
6518
7422
500
2839
3865
7749
134
5386
5183
4706
5056
7473
3060
9728
5963
561
2751
4079
2465
8198
5679
6902
4342
7941
5135
2736
3038
177
9880
4684
3176
8223
9079
1433
5627
2700
9847
2551
6771
8517
3902
9877
4305
1715
9480
5432
6647
2175
4717
4206
4126
2382
64
2080
2330
9670
8010
9385
250
7716
3270
1097
5404
6727
227
2332
7638
1512
8182
3360
1202
9829
6777
1237
9163
1629
9687
5134
8797
8946
3836
2876
5894
2086
2412
6570
5888
9433
3241
2889
2720
790
9502
3261
9611
2632
3502
5044
3370
7838
545
7817
4567
2964
4567
3135
2151
1688
7544
6686
7988
3097
7219
7129
9669
5456
4131
8955
853
7600
9669
8326
6053
721
9193
6254
2323
2906
7769
8926
4165
6723
5915
7626
3664
74
838
6212
5561
5432
3574
4141
4462
2380
4225
5852
2824
4345
2644
6328
7100
2132
8585
9910
5999
9452
8101
2827
6242
5788
6577
8880
1034
3602
3575
1601
1885
3462
323
993
2147
2772
9979
1358
4732
2290
3107
1549
6860
4341
2476
9193
2373
9414
9845
392
5642
9395
2512
2370
1019
5897
756
5043
8508
9094
7867
3707
600
6494
2186
3516
2955
5020
199
7717
8663
8011
7907
9796
6401
2829
2197
4291
5794
4927
4715
7433
9235
5683
3813
7065
2201
8752
4827
9821
4375
688
7696
4248
7283
7903
6777
5412
568
4663
2199
5885
1537
4857
3553
8978
7846
2040
867
5455
1429
9582
4205
2964
7247
5436
6904
3688
3798
9400
5435
5606
6638
3705
725
3898
8089
6293
6816
5624
8678
5750
7474
8016
2634
1998
6870
2902
7109
8956
8714
3248
2846
2399
4684
5103
5857
9064
354
940
9101
3060
7306
1172
1890
7998
8747
7743
1370
1892
7644
1792
8325
5353
7470
9778
4590
3897
309
8506
7393
3071
4656
8910
1903
8337
7666
6614
9340
3272
3372
3167
5831
8001
8684
3962
5698
605
3960
9662
1911
3457
5674
7370
6425
602
7382
1846
7735
4233
2297
8305
6532
6080
4588
117
5524
5278
7384
8982
8006
298
1071
1401
9186
5147
1129
3794
1366
582
7293
8545
4409
5063
2913
4282
9946
163
8849
8396
4122
8884
4957
25
8780
7772
1495
5613
5233
2155
7087
9802
4206
1908
1249
1553
387
1738
9703
8671
6803
9587
3316
9404
1019
3475
3622
2750
1170
2549
7346
7072
3919
5649
1102
1790
3160
1771
9352
5145
3391
5477
4206
543
9504
5282
3861
5485
4658
3884
6398
4441
2807
6083
8346
4528
3007
8153
5128
8526
6411
1001
9643
1769
9397
1389
5945
2738
9958
4831
9334
7234
3955
7228
2373
8982
1662
1705
4206
8789
1643
420
2356
3043
3321
9771
4947
1865
1384
9125
644
8100
23
7991
2286
3346
6005
9514
1119
2486
6896
2098
1171
8881
2435
7166
7527
9852
5735
9986
2486
7194
3961
3817
2222
6051
1360
6146
1773
4235
7047
1080
3529
8282
8684
9744
5727
831
7983
4428
4195
1947
1103
6350
7509
8894
8046
2057
170
2082
1617
8610
7448
519
6752
6120
4348
8976
984
1102
4287
3728
6534
1475
4785
3588
7826
4942
9018
2548
697
4085
7618
2538
6283
569
5613
3957
2245
3487
1939
1030
6617
9614
6302
1231
3172
8206
2194
8184
1547
6928
802
7114
4469
8631
7037
1249
1090
1346
5993
6769
1286
4291
8275
9172
4731
6483
1776
2374
8767
2899
9510
9245
3927
3591
3741
7019
7373
4031
8062
3193
5066
5304
8228
4000
7677
4980
659
2609
7340
930
8206
2622
6811
6418
4621
7645
3941
9910
3062
6506
9095
8427
8184
8662
5821
6154
317
7652
9199
9920
1792
3865
6915
1475
680
8167
4977
6132
4102
5311
4704
6688
2851
5424
7868
2028
4169
3798
3903
367
2221
1086
2529
7693
8263
8235
3207
193
8863
4673
9249
6632
9266
8271
3239
1184
5221
5359
4208
235
3021
8504
8164
2305
6606
7763
2568
8051
893
6206
9170
9743
1578
4655
8731
2125
4864
8298
9186
5490
8064
1419
7025
8093
5581
6775
3883
5264
2147
7149
93
4136
4883
9831
3331
2147
5178
29
5653
3954
3014
9825
901
6786
7171
6574
3458
2111
3902
2258
5107
1343
8379
8677
9852
8999
8456
8683
5609
698
3943
3562
6080
5719
129
708
2126
8946
9279
2538
396
1279
8095
585
1415
5802
2274
6051
794
1506
9506
3294
1243
8565
7499
7979
8361
2708
5925
3617
6514
1968
1335
5762
2764
9374
399
1163
5798
4273
5948
7604
9070
1012
4242
87
3005
7703
5154
7572
1639
4084
2595
855
725
2153
8269
2803
7581
9003
4482
5034
5588
1112
3311
5440
1355
5942
6219
4234
2978
5871
3033
4826
417
8723
3376
4764
3407
5399
9144
9512
3332
4029
4190
4191
3529
4723
7916
2564
3779
3697
807
2089
9042
9396
397
5235
1322
9021
751
6543
1445
5871
8134
5920
8418
5798
2135
6725
400
3711
5557
8063
7576
8428
9940
4856
9217
1067
9941
2476
3641
8283
9176
4291
7048
7996
3826
9877
2429
5143
5959
7096
4074
9431
6915
9961
6479
5887
3742
7322
7477
509
3613
3947
399
2724
3599
461
196
9614
9242
3382
9959
1178
6685
5097
3626
28
2539
1769
9701
6171
6288
518
9727
8195
1488
4918
2889
7505
1924
2891
9061
9146
8223
488
4478
835
2711
9593
1185
5195
3889
4555
1851
9467
1706
7298
9427
1415
6777
3755
4760
4736
4614
2527
8146
1158
4652
7307
7489
6041
5341
8376
139
7086
8339
3928
4593
7426
4366
535
2093
3866
365
8599
6285
3951
2546
4229
6421
1029
175
3124
3218
9282
6194
4483
4987
7886
2905
136
4722
2479
8717
6147
2460
7300
563
1823
1841
2789
8874
850
2195
1580
7960
3122
6787
240
9208
7272
9653
4590
2051
3312
432
511
8101
5789
1005
9744
8473
4856
8032
6695
3517
5397
1057
4020
1247
1871
8100
6069
3908
2121
1816
7675
9936
5776
6591
5309
1521
9959
2675
132
3303
53
6042
1398
3833
9374
9709
4851
9736
3388
5451
5740
8068
7183
2673
4827
6237
962
8699
4421
9076
1790
355
7595
1365
9160
3744
6683
2265
4241
138
9748
5
2296
624
8464
1541
5219
8000
5102
8923
2464
5520
7465
8866
6600
3760
2346
9761
563
6075
47
1614
6118
1480
9255
3659
95
3602
4680
2833
6519
3184
1199
7556
6068
1455
7755
978
9943
7980
6608
815
6201
4994
6383
315
919
1507
3765
6689
9847
5302
2514
3997
8559
1020
1519
2075
4623
3814
4006
6663
5376
6681
3798
9281
5183
235
7210
728
809
6357
1291
8086
225
1785
6722
5958
4638
3514
6176
8940
1455
3145
305
2202
6886
9957
680
2721
3265
6874
1316
1478
6418
2323
1967
3606
9137
6791
3733
3113
1445
1353
2020
8074
8403
6793
5982
6227
7066
6062
4026
1518
1527
4061
4137
486
9830
902
6951
3679
2236
6611
8427
889
9875
7506
3976
4272
1931
3490
870
766
2742
65
5711
3100
6780
8318
6909
2123
7354
635
1459
3774
7719
2496
7534
8646
1888
5797
4525
5061
3871
8176
6136
8102
1998
7835
495
3157
8793
2700
9358
9594
2825
4024
8972
9413
734
5683
153
3785
8972
1258
240
2242
713
3132
4349
5367
6976
9805
962
3975
565
4596
9127
68
6627
1533
2876
4992
6440
2901
2663
5423
1671
3263
2241
5977
8974
4962
3905
3968
6771
8123
6087
9256
9494
4843
624
6575
8258
865
7547
550
435
4667
3200
3373
5253
1011
1774
4980
6320
8199
1339
9407
9563
2444
1350
8668
1498
2031
3604
7433
9847
9815
998
4096
1378
4005
6098
9744
5188
6272
8462
2974
8362
6515
5264
1978
9455
6423
3865
6078
4494
4561
8760
4245
293
8425
4456
3252
6065
5994
9320
4960
478
2664
6067
5516
16
9876
1202
6687
5733
370
1822
7711
5677
8266
8875
9241
7403
8066
1974
2760
852
9427
5516
7691
6508
8144
9832
7032
3371
3077
4434
8380
1167
1799
8465
5144
6081
9998
2287
9851
7438
6793
5318
222
1051
876
6780
6419
2024
2153
2680
4613
9462
1676
601
1220
2587
6902
7843
8822
5405
3156
9534
3352
3629
5292
9986
5218
4051
7822
8570
6921
9210
3271
8351
5550
4617
1799
1564
7438
9498
3002
2879
3952
3683
837
1506
7714
8789
9827
2503
7158
6114
920
3457
4442
9319
7631
5712
5883
9620
376
241
6241
1471
8939
6392
8191
7378
3689
684
261
454
3247
8208
8429
4726
4934
6763
7120
3765
3199
290
2957
8341
2939
7000
3138
681
7515
5584
3123
2833
3634
4788
6808
1758
3196
9678
4405
3416
5866
7073
7334
8043
3168
6603
6137
4753
748
884
5329
7645
6619
5477
6397
2304
9199
4445
5739
4268
4755
3001
3709
1646
1652
9170
9261
9313
2407
2880
9919
8086
8820
9050
5797
8993
5528
7223
3478
8539
6563
1837
8387
1255
2660
318
1218
1661
4862
7373
8273
8155
4543
1777
8167
5506
9339
3580
9866
4345
3977
4697
9795
1125
9855
9607
9605
5963
5408
4656
768
9736
9018
5839
3877
7622
3240
8838
3210
2715
9982
2093
8778
9958
6211
2064
8865
6267
9976
6544
9535
6860
7680
8106
5727
1486
346
1304
2126
3738
4893
1693
621
6454
8725
16
777
1227
7895
3406
6639
7547
3741
6930
1218
6934
9225
4288
8473
3424
6938
3822
9342
1772
2980
2971
2709
4312
8640
802
9756
4416
8087
8537
2980
6505
6977
7914
2247
9410
9900
6215
8982
7312
7190
6671
3936
3062
5877
3678
4053
9773
3563
5658
5856
7498
5121
7475
6873
48
4543
8212
2629
2867
7078
3835
2029
810
4612
6872
8526
2049
236
4698
9430
7078
5491
4882
8994
2477
6788
4341
8076
5277
7865
7212
5085
500
2902
2112
2985
5005
7896
2246
8391
1884
7831
7722
4236
1280
6197
529
6284
7042
1857
6391
2635
465
8859
4621
1791
177
4867
3474
4396
9652
1912
9910
1557
5607
8115
1286
5103
2909
7578
7519
1557
9701
3004
7551
7778
1555
9187
1868
1593
5967
9233
2026
1068
2287
8715
5236
8755
2513
3198
1843
5382
5084
5567
9851
7520
4981
7787
3386
9235
1605
5045
1097
941
6480
5596
1436
9080
4700
1853
7308
3077
9958
6675
3179
5172
8612
9590
9166
9044
1866
7759
6068
340
3201
1799
7006
8227
4014
7891
9760
3798
3938
146
3483
6611
1240
2679
5342
6769
8494
8372
558
9776
1134
9939
6176
5020
1301
3269
2125
1214
8136
2700
5576
1483
7388
5872
7378
9227
5881
4277
7223
2065
8369
7618
5433
5056
1500
1227
2435
8142
4738
2254
1445
5480
2873
5979
3339
7941
4019
5591
2426
7639
821
4059
6511
321
2247
3930
8499
7043
1831
7073
5238
5319
1255
2423
1865
3469
3639
9752
553
7926
2816
901
9560
2012
6823
9090
6050
9205
7716
1378
3592
65
2946
5369
4720
8397
7424
390
4922
1812
2245
5778
8844
5970
4969
8941
3037
5312
729
2439
9659
342
6249
2121
3219
4356
182
6259
5981
3735
7703
1902
7938
6427
7074
3891
9470
8637
8533
7600
9739
8930
8248
2032
649
5915
7720
3005
4367
5520
8887
8095
3636
7559
1148
7877
4881
432
9762
4477
2206
7188
8097
2559
8865
9169
4707
8298
5711
6305
739
9047
5029
9865
8324
2719
3466
5722
3895
8461
466
8069
6865
1219
7563
6554
8051
1812
2696
9854
4721
3074
6415
3189
718
5866
5946
4622
7883
3964
7880
5322
2534
8095
7201
90
6941
8048
1154
1083
2254
5791
2942
2729
5960
8086
7854
4679
2296
5835
6622
965
6936
8094
6428
9245
5265
1030
4342
6942
3018
8222
2703
9699
4940
1317
3267
5129
9923
8156
8015
7550
4576
8659
89
1580
445
3272
7721
2864
2775
15
339
3666
144
2074
855
9672
1727
6790
6143
658
4346
1406
8401
1230
3832
8179
4700
7530
964
5708
2620
2600
6008
246
1954
2190
9897
495
3232
3738
3846
1911
7748
9547
9839
9055
277
715
1661
7119
7461
6714
862
1383
233
1426
6680
8635
6307
1381
9939
4729
7116
6263
8801
8998
7232
1787
8537
7760
4945
6027
3803
9591
8905
5226
4007
1353
9684
8877
3537
4369
7786
6115
9929
8895
2766
6915
8763
2595
7341
1391
6218
3115
9841
4279
2569
3976
5531
8235
5096
2504
6101
7836
9033
2515
9078
8897
8195
1296
2582
9291
6742
9740
2364
6709
8517
8531
7786
7214
1277
5494
7446
765
3432
1675
1230
5162
2781
3759
3786
8324
7071
5740
3894
2580
5578
1579
3401
6857
3161
5283
2686
9122
3501
6063
4444
3931
7461
4034
6633
5453
9424
6306
2927
7406
3841
7899
5800
5937
6792
950
6857
8437
1788
9472
5655
7302
7202
1159
5646
4318
5332
4015
1554
6405
2924
2205
8996
1567
3201
3434
5158
2274
8301
202
5882
3392
700
6212
365
2024
8410
2040
6286
4626
7647
9690
8085
7213
4419
1739
9339
5809
6401
8153
2807
1686
7493
6008
5366
2127
1351
3482
1395
1460
3164
2599
6147
7190
638
4546
4948
8047
2281
5618
1057
5723
4978
4954
8821
6568
6368
6634
9086
283
7283
4912
8369
5959
8022
4781
4442
9404
7256
3613
8782
6429
2871
9129
3022
2760
5668
8203
9300
3991
6745
5653
1210
4708
7121
2170
734
5359
2230
1976
2388
6012
2435
7954
6100
3995
330
7067
7068
1740
7391
9800
2578
1549
4784
386
7244
1804
863
554
1054
113
4107
1346
4054
8144
9593
2803
9943
1699
8275
1031
999
8472
4968
7399
2536
9536
2817
2594
6882
6942
3881
7761
9789
960
4069
8278
336
4210
5561
8356
1203
3317
4698
2389
5280
1738
9915
6941
6129
3473
4573
5189
7051
4001
7799
6339
38
8918
2974
3271
7183
7252
6631
8066
6339
8519
609
8273
6896
3007
2672
7708
7404
182
8331
8479
6971
9653
3590
3483
1664
3156
7214
9052
122
8735
7045
4965
331
6909
1380
2595
5166
8289
2606
6600
1473
9511
799
6441
4288
9190
4613
9682
4741
6968
9351
9432
3994
5294
7501
5914
7905
4125
6702
8659
4893
665
2045
9447
8494
8435
46
8178
8944
7774
7593
5747
8141
4769
2670
568
1352
456
6414
2085
5107
711
2863
7808
9103
240
8068
9513
3654
886
4029
6638
1234
8577
5007
8764
3933
9821
1441
3139
4639
5199
7924
2149
4516
9811
9909
6639
9486
7790
2105
5589
1934
8299
3100
3656
8133
7256
9175
4362
8915
2484
4080
3293
8995
513
850
438
8431
8525
6199
7447
5079
723
2822
1482
1374
9100
1965
6535
5958
2552
1664
1690
8780
1833
7527
9807
8036
3855
866
2100
6704
867
436
9618
2302
5236
7628
6655
4787
8727
5620
5980
4080
6942
9332
8612
1860
4806
1408
4188
4704
761
1872
499
2271
2482
3174
2776
1374
7832
9383
9063
9937
1288
8897
5500
9769
2366
5101
9405
7096
4418
2990
292
255
6156
3181
2888
5903
3917
9789
5264
9626
4444
8353
7259
9461
3406
6813
9225
2418
7671
4534
6900
7895
2657
5187
9919
4722
7038
6077
5399
9407
691
5144
6720
2753
5970
1176
166
8560
2057
3590
1295
9677
783
5979
2682
5230
5203
7232
7059
7243
2637
5071
2297
2260
7117
4588
6704
1649
1025
1949
1804
5022
4019
7252
2657
7774
4999
3915
4123
3013
3099
3899
6754
4956
6968
7622
2552
3875
6510
6321
7173
4245
9058
1024
9575
8071
4161
7693
6859
7875
1409
1752
2611
6416
1514
2771
9904
2677
6782
273
8320
841
2827
194
4121
186
9211
7916
3015
7131
3495
9179
3778
790
7156
7673
8755
3045
5661
1488
394
3109
5902
4181
8370
620
6775
1010
7587
8153
8754
5848
6843
3214
2857
9078
8007
758
2883
5909
8779
9893
899
6056
3735
9393
6773
2463
1339
6682
7107
2446
5284
5208
6611
6462
3602
7605
9043
516
3489
1888
1681
3576
5596
9183
3668
6929
1396
7568
7092
6079
7166
4411
1270
9605
3639
5143
7216
3044
985
7149
841
7461
3162
25
3232
5044
9935
1751
1987
1221
2190
5825
3197
9483
7230
6076
2410
7865
7084
3916
1631
6079
8668
2389
2084
528
9184
1121
7691
6119
1780
2096
8297
761
2509
475
8568
4697
6810
4349
4328
9082
9454
9611
4641
6636
4422
726
7591
4342
1980
2383
1732
6503
8446
6954
94
1902
5814
688
2542
489
7918
6575
7059
5134
1728
1721
9724
5170
5609
6462
1316
2871
6374
5347
1082
3770
517
7343
2317
8887
7482
3068
8642
2416
7970
872
7483
5340
9583
2135
5176
4078
2298
4037
8438
3189
1446
3691
5953
6248
4839
7027
9916
276
7945
4538
6437
4763
7801
6887
55
7578
6982
3800
1276
8661
1109
4189
5604
7408
7262
6283
9423
8360
1793
6311
9680
6600
9624
2988
423
7528
1806
4753
477
4395
6232
6252
1733
5219
7894
4618
9747
336
5859
526
1183
1426
4326
4856
8930
8298
5345
5698
6161
3460
2914
8032
2728
5898
8473
5287
5867
6797
1495
5454
4791
3881
7333
9981
3430
2418
8508
8041
352
4768
1764
768
9916
2857
2618
8838
7817
2552
4780
3204
5217
3622
3363
8762
2706
3888
1050
5298
3221
9620
971
1271
554
7763
7674
2900
691
7013
699
8560
9942
5868
6594
9335
5727
1319
9933
475
4538
6672
8720
4390
8669
2126
9093
4855
4888
2163
1152
7795
6706
3783
3557
852
9139
3790
6580
914
9400
4815
5013
9239
667
6523
9569
7995
8561
5932
3140
5130
4244
4010
8383
9716
7707
6457
5122
992
6114
1146
2456
7419
4134
9091
3922
3505
2778
909
2608
5765
2834
8871
1444
902
2457
1925
9671
9035
3084
8801
9261
836
14
2458
9119
6528
4286
6863
611
6391
8266
9139
8937
8738
3346
6868
1990
5642
6728
6760
1101
4790
4603
5510
9637
8448
6840
6250
2045
8283
3774
8672
9095
1409
8684
5644
5130
3352
1421
4207
535
2837
7864
4262
8034
5733
7632
4323
3873
547
4351
6421
3580
2387
4808
9653
542
4436
9441
5033
1538
3162
9921
7190
1719
6989
4601
2431
7474
4334
4501
151
9217
593
4928
4228
3150
4989
2135
2288
3012
9002
6197
5939
7624
6729
7452
8602
6574
537
4233
9132
2731
4355
7158
6712
8034
5225
5907
5513
9837
8057
2394
7405
2339
6415
7436
6701
6040
1481
2222
6614
553
7452
8831
2360
2904
7138
676
844
173
7828
5279
7161
2931
9271
2151
7326
8341
6767
6219
9367
594
2724
4530
9538
4203
4064
2370
2611
4878
4384
829
4975
1099
4136
355
1881
5856
9962
263
2601
270
566
8505
8153
5823
4784
6478
553
6259
8421
7921
5767
6476
6194
8501
1338
8225
6981
5373
2896
9125
3964
6244
1665
5651
9028
1559
5502
4286
9936
3844
6282
6355
1083
7571
7821
3501
6690
8169
6043
801
5305
5469
7262
9259
5302
63
6060
7480
2290
787
2482
2316
2310
8890
1063
6634
2021
4379
4224
4397
7998
1830
8292
9766
8442
4495
9982
2118
7249
5030
7682
596
8538
7854
5848
1521
5728
3522
654
6193
1208
6946
197
1214
5006
1804
2053
1931
9409
7865
2248
4657
4120
4140
7240
3406
8413
8201
4737
1644
7690
4715
1960
8371
8489
9563
5008
1452
1708
4805
9464
129
5372
689
1277
7677
4904
6083
4830
9967
3451
6361
4341
7117
502
3838
3764
5662
3026
441
1025
6906
6592
9506
7697
4139
1820
2798
4584
1078
6396
306
1547
4138
183
1265
2117
8984
3384
2646
3275
7963
5767
8266
1708
7490
3369
3789
314
629
7431
5605
6439
277
8692
1864
6844
6549
8111
1528
3720
394
784
1773
8151
5023
4691
6358
928
1760
7498
9820
8993
7872
956
9604
5387
2459
5819
6893
564
5988
6046
3669
9745
5601
8479
8833
1417
4327
1915
5595
9406
6002
9001
2320
6718
6444
9797
7115
2738
1810
5560
7762
2538
3670
2091
1208
6647
821
2294
8964
8771
6567
9874
5985
4089
1624
5546
92
5801
6250
4220
6729
2035
4217
7745
8447
1652
2837
6941
9362
4858
6682
9569
697
439
6199
805
4843
4011
788
2420
554
1165
3147
3080
8344
6780
6847
9112
945
2400
6343
3387
9742
673
1860
9616
3065
3673
1497
4507
5019
9753
8268
3626
282
5767
2032
1406
2772
327
201
812
6146
1663
2771
9795
6146
834
5138
444
6705
1337
4206
215
8463
1166
1147
9652
6316
8317
4192
6161
9505
931
1222
6905
6215
4226
9660
5668
9595
4789
9613
6238
6589
5860
6460
810
6328
9265
3640
197
7598
2787
5607
2492
7478
8055
327
1903
9974
320
2511
1788
6421
4337
3761
6420
1511
5437
211
3157
7064
9884
6670
162
5894
8045
4971
9043
5338
7118
1372
5116
5905
1324
5305
4068
6893
1275
938
4414
679
4242
140
4233
2068
3324
5086
3594
2625
7233
7287
428
1159
775
1632
2207
9392
7835
374
5433
5338
9809
2892
9431
4060
9810
4710
715
1252
1230
1213
3427
9497
506
5635
9537
4762
9310
4077
7927
251
8219
229
3750
2261
3746
8789
6488
8780
5462
233
77
4624
749
293
2736
7971
6279
6876
9791
5721
2231
8592
5619
2672
6236
5486
8453
1576
1481
1557
7394
8189
4805
5456
1833
5418
5152
1047
7658
1464
8581
9011
1314
1330
217
7302
364
954
3383
8369
3007
7661
1259
3459
4575
9983
2936
428
5836
2786
1603
7734
4269
292
646
60
5725
2142
2551
9346
2029
4303
6244
4263
3638
5279
2440
5575
649
5508
3830
7499
4525
5817
2123
4061
4855
7737
4233
6075
6550
1032
8771
4054
3164
3390
4834
6502
8198
4015
5062
7722
8689
452
3092
758
5013
8634
4380
7766
9784
1059
7452
5696
1179
1355
7742
9078
2335
7559
6784
9191
5653
603
9653
670
276
651
1724
6792
7190
2247
292
7757
4467
4467
5438
6734
3601
9789
1379
9507
8530
9352
2612
364
8008
8565
7031
6933
6680
4588
8651
1672
6464
5211
7328
4110
5532
976
8949
6430
2409
2741
4984
6077
528
4187
3951
8811
814
5359
6436
2888
9068
4795
8722
8137
422
1468
2739
9859
1541
6058
4074
8546
3106
7677
3427
1129
937
4417
55
2158
3756
4802
8348
6622
4382
9089
8728
7246
9061
4334
6967
1988
6496
1860
2457
8715
4318
2703
202
4153
6048
132
1006
344
2766
7998
8353
8020
6121
888
2395
375
1998
2806
4755
8276
8914
2531
2985
618
7446
2017
9578
9537
1628
5117
8552
8699
5675
3781
5929
9754
5476
7090
6378
2317
3466
8234
4231
6493
1475
5667
5229
4914
3924
4220
7948
8525
2292
9280
3192
7784
968
9528
1906
5830
5724
9147
1079
5042
1092
630
388
1030
4022
3445
7223
990
2978
5202
7596
1321
8413
3574
6093
1594
1301
4800
1373
9910
8944
2698
401
3875
9742
227
685
5084
322
5100
1496
313
6418
6118
807
4422
7092
721
3651
9369
6583
4810
9396
9522
719
4872
6173
6040
2042
4311
8076
3636
3570
9720
9971
9999
4431
5013
768
876
3834
6743
801
153
3976
549
1785
7702
1611
8935
7478
4038
157
4394
186
6529
5585
4422
778
2161
4581
6049
6510
4665
5099
3357
2220
9261
3594
9133
3980
3573
7201
5536
9170
991
8948
4786
3786
6043
9623
4483
6615
5259
3996
2063
8400
6123
6601
4611
28
5276
6988
2152
3435
5258
1314
6155
2207
7325
4525
3519
4412
6083
8439
6415
3522
550
8107
8122
8506
7265
2602
3749
7254
3460
1783
1683
4219
4790
4849
8172
4859
7227
8115
6920
7085
7237
3531
1853
1778
7301
8567
2204
5722
4836
7938
4680
5422
5385
2007
8169
5673
2076
540
8370
9686
463
9230
1966
2952
303
9105
2194
8077
5202
5781
6586
3499
6287
6886
9686
5578
4652
8445
7549
36
4769
4321
2673
8209
5823
2649
78
1424
9624
7909
3276
5952
1929
802
2409
6183
7823
9901
8682
937
7344
7830
250
3118
6853
1084
6190
7077
6144
5891
5233
8440
5414
8416
5736
770
8851
1592
437
4930
7839
6694
7992
9935
9600
6197
3331
8585
1524
9296
980
1867
7187
5773
1164
9228
3685
4486
9717
4543
6741
6782
6364
886
3679
460
9527
4143
5580
1489
450
1771
9208
4641
603
3172
9281
1472
2076
5119
1444
8872
7639
1927
719
57
9913
19
43
7029
3703
3649
593
7409
9689
2546
9346
4298
443
2051
9271
2147
8763
8919
6322
7580
4086
5852
5665
5182
2686
8456
843
364
2085
8066
4192
1276
3385
3297
1920
9981
4351
9473
4552
9600
4532
3150
3839
3444
5340
1444
1997
9196
4860
218
656
4444
1199
3190
7163
8779
6610
3789
5566
1688
6911
9286
3662
7651
8707
3287
6457
8499
9421
1310
6302
742
6735
5989
1159
6781
4344
7099
3622
9042
3201
6003
4231
8534
4821
3898
7286
627
8660
7700
1019
4609
7280
8784
228
2086
3817
6703
511
4402
837
4903
5033
3151
1660
2802
2796
3472
7110
1433
8193
6557
8664
3098
465
8397
7176
1208
1947
6218
8335
6643
8730
7099
1697
2534
5814
3970
6333
3287
994
2502
710
20
8486
3531
823
5639
5093
1134
587
6946
5938
6900
2747
4266
8901
708
2557
3094
7901
2555
1505
6655
9303
9301
1531
4399
7987
5628
6058
3188
6080
6456
1383
7902
2925
295
2974
7163
9716
724
812
6922
8061
3902
3468
7495
4307
2819
3067
220
9071
3263
4955
7313
687
7932
76
4407
8920
6353
4610
8966
9120
7387
7636
7514
3015
4586
7167
439
4003
2725
4529
7930
9251
6878
6398
6522
7782
5707
5744
3396
4017
962
2806
1656
4670
5232
6933
8632
6326
1995
5799
6243
6612
4611
867
6914
4127
6888
7027
1297
1389
9051
1469
2895
1126
2992
3301
109
9782
7582
329
5542
7257
3542
7391
6070
7522
2732
2940
4346
6104
3239
9247
6399
843
4273
9458
3503
7253
170
9216
6272
1588
3470
9371
1105
804
8256
2747
1284
7547
7172
5643
4376
5064
9362
6169
1964
5927
9219
9348
7420
9751
4958
1161
7172
2968
2099
7318
350
8358
5239
6178
8746
5857
5362
4365
6916
929
2849
2402
5999
6222
7545
6361
2943
8034
3105
3284
5885
5761
9448
8455
9659
9593
590
6502
2438
9889
7375
5553
2239
6976
7478
7566
4465
9501
2604
139
7742
1434
4265
1325
301
5494
1858
357
4230
6693
79
9680
1949
519
3574
8171
3322
1223
2520
9919
7470
9916
2262
3089
7370
3284
6293
8208
6418
9614
8482
2378
5396
8702
8678
6870
1102
8943
6574
3814
7152
7872
5375
1292
6019
7713
7652
3121
1994
829
8884
3005
3290
3913
8701
3564
6870
465
4575
8711
70
5479
5554
5997
4808
4307
751
9263
284
3069
3188
4565
6203
1927
5537
2756
4007
5547
5440
5054
8477
4372
9967
1414
9942
1962
4429
560
6722
6609
5250
7201
3487
113
4879
4513
2337
9736
652
8961
3191
6648
8525
6541
8587
4973
5699
6979
2824
5456
4470
6126
111
6123
2702
252
3560
5004
5854
274
2417
2510
9278
364
345
5130
239
8012
8516
4796
2238
8173
9765
4106
4548
2351
3536
8108
9867
2267
3519
6583
962
5366
6169
3726
1350
892
9601
9844
8349
85
5843
3320
2666
2374
8235
2253
1877
6159
3553
6250
5242
719
6593
4191
895
2409
8085
1838
8887
2778
5537
1384
4563
1302
9519
4849
323
7113
4785
1215
1252
1746
2088
7286
7212
666
3170
1751
2609
7476
9953
6765
4840
9236
2906
9924
2488
5050
3924
2952
3962
6700
5895
7723
9459
3960
7366
2244
8541
431
4163
5610
161
8410
4467
8308
2701
4737
6718
3949
9634
3326
8998
5053
2699
946
5027
7930
6874
4004
6925
8295
6351
4870
4870
4244
130
8188
1016
5659
4336
6198
1989
5311
6908
1356
6951
9898
6986
4685
9547
1581
120
3499
3906
9219
2181
5964
9585
7750
5557
54
6052
408
3716
5915
8877
6742
8410
2905
2235
3848
8300
3502
8548
5718
6521
6573
7060
2488
7451
1378
3124
6132
1477
1425
2429
4416
1884
4821
1807
2721
8524
956
7167
3319
1153
7869
2549
9675
6605
2430
5790
5208
9415
6235
2434
4893
2951
8301
6832
8496
4128
3557
414
2889
3881
342
1325
2920
9863
232
877
2510
3769
9031
3169
2007
7439
737
3380
301
2092
5187
6433
8233
1843
2908
8947
5093
7772
6307
5533
4823
4341
2244
805
133
1193
5750
6243
7521
6796
2239
7220
4113
282
9349
1711
5614
1153
629
8448
129
4175
1548
3028
5031
8956
8018
287
6530
2507
8127
753
1642
5827
2102
7169
1777
5263
3912
1032
6810
7437
7979
1550
2593
709
2830
8899
3255
5069
385
8248
193
2935
1197
7225
5776
2742
7493
5065
8026
7851
1992
951
7358
7612
8803
5214
3110
6553
8139
7991
1204
7967
894
9413
8698
1309
2053
5718
9916
3151
1606
1042
9227
7743
2610
3916
8440
3986
1980
4003
7184
7099
5956
4793
4029
2272
277
9929
2935
2702
4651
4802
251
3972
9776
3603
7853
1588
2478
7865
7628
7282
7511
4103
1546
4257
6101
8864
6353
9733
7259
7218
166
7380
9305
6195
7320
6384
7389
4679
6118
1966
5498
6724
1571
2796
1028
4514
8080
7367
265
4912
6598
2521
5487
8108
7063
3862
9163
8008
548
6595
552
1075
2197
7915
8897
3696
1719
3923
9244
2389
9104
8013
2439
1285
9437
8699
9153
9345
8988
2952
7470
9432
8241
67
5445
6706
8915
9057
1987
7083
2776
7955
7101
5516
6314
7629
9154
6698
4653
4494
3424
1509
3083
2751
2149
5900
5482
7549
214
7348
9715
7604
5838
8332
6605
419
4135
6446
7829
4268
6117
9024
3278
599
5973
1911
2329
165
396
2746
3115
3480
3806
9315
4403
995
5840
7570
1753
3433
6853
5408
9608
5960
5133
7772
2191
1276
7119
3722
2757
5608
1169
2043
4762
5782
1328
60
7138
6999
2124
8899
1483
6354
884
3406
4006
6537
5415
2204
9093
9511
7208
3515
6993
8604
9122
3478
6579
602
7676
3986
1305
9180
4432
4606
5316
5556
911
5002
8638
5540
1044
1861
258
5103
2219
2813
2393
1161
9756
8879
5895
9432
1624
7151
3944
7760
4021
3710
6416
7717
1260
7567
9670
2462
9086
2000
3427
4284
6475
5771
4132
4670
9861
5485
6210
7047
4262
7299
3010
8416
4111
147
568
5868
6280
3089
8965
314
1436
2398
931
9243
5143
1361
5134
9448
955
4266
9694
6244
9448
1441
8662
8553
4725
6721
7998
4785
2653
6297
3729
7431
8974
6937
5886
1320
9815
1708
4643
3915
2521
8146
804
826
3675
6029
8260
4463
6358
1991
5721
9668
3825
5837
9278
1188
9259
1097
9557
1214
8940
3172
4063
8001
2377
9352
7893
9383
7495
7824
7532
7970
7858
1542
6524
7559
8882
8809
8825
6260
8143
8461
2571
5451
2101
5483
417
3442
9893
1038
406
8080
9241
9836
3197
6307
1195
970
7670
1776
2175
5910
94
5922
8714
7504
6392
4494
5794
9843
7929
6509
7161
5582
477
356
5324
3235
9278
7950
6817
2970
8724
5405
9382
7053
8126
9940
6440
7006
8024
6629
2548
2151
6125
9018
5721
2211
8766
6161
6145
8875
507
5061
4991
5508
909
2911
7924
2013
3172
4549
5432
7291
4727
1637
3421
3383
2589
4051
2933
4531
4575
4110
9293
7761
6651
8402
441
8796
2499
1695
9821
5802
1383
5789
3608
100
6917
9799
975
5436
1149
6481
1006
9295
662
5503
8824
4344
8797
123
8929
1327
2
7088
1503
4785
425
3765
2849
300
8806
7518
9238
953
5923
9372
1734
1012
7874
9645
761
3856
9313
7485
8790
3812
3233
1831
4866
9209
1329
1079
8235
2821
1381
6290
2162
9603
4932
9323
9677
6039
5107
1854
3609
7071
827
1611
3617
8748
5433
7705
5948
841
3990
8882
7234
549
8592
2515
6712
7377
8013
815
4425
6113
5285
5394
8467
9900
2744
6614
2445
9307
2610
9160
8283
3326
1140
7852
9288
8333
1811
1846
9394
7425
3161
4276
9375
5678
331
5419
6223
7797
2637
6270
3936
762
9957
5082
8982
1136
3623
3898
762
542
3053
3236
8933
7386
7072
1657
8138
9821
7796
4363
9734
1341
6815
4171
205
2412
3100
5019
6287
6114
3530
3138
1233
3974
3909
5326
293
6085
9379
9162
1252
1295
38
8615
6227
3591
4207
7482
4792
6346
7891
9953
3208
5082
7353
9242
96
5105
573
400
3488
3921
6768
9178
2134
1833
5357
8301
1607
6839
3638
7953
7669
3891
185
7239
8259
1224
8897
8807
4441
1220
6315
5433
4625
6544
7983
9933
7098
422
7251
6926
8025
7520
4582
9170
4381
3867
1327
6130
7250
5956
2749
4363
6990
6457
6161
5151
5321
5767
7425
6975
9768
8715
1275
7885
711
7915
6062
3484
3307
7993
8553
8237
3290
8437
262
6139
6588
4730
3782
2923
6166
8042
9507
4637
704
9816
9940
7362
5226
260
4615
5883
4187
6129
5468
7851
5904
8112
5758
3600
5426
3453
7420
6447
1904
5364
3932
9936
9317
3796
9899
4987
7495
4257
4228
4754
5050
2397
2795
1161
3815
8885
5192
9685
8887
4998
7389
1633
7567
3541
3821
5189
3864
1934
3416
6002
5235
5996
4096
4101
7425
2378
3231
4614
6982
52
1846
6033
2779
8627
8840
1182
125
1943
5244
7681
8626
4921
6504
8845
3040
9168
3925
5258
6551
5733
1473
8455
9302
1572
6724
5777
7324
7506
9117
1262
2542
5851
740
2731
1091
1121
4370
9238
580
8545
7007
8573
1705
4752
3415
932
6974
2849
2679
2642
9429
7570
8274
8132
8129
2175
1080
5086
9328
1236
9331
4318
6223
8813
7256
8515
1173
9907
4974
8764
5131
7475
8921
8268
3416
3870
1691
8779
6702
5684
7164
6642
5461
5358
1043
3612
4342
3769
2382
8346
1613
760
7494
1884
5180
9075
7655
5568
8257
5712
3798
392
6323
1230
3848
7345
3734
4809
5154
3101
3470
9074
1199
8159
5315
3772
4815
4529
5068
1212
5665
6203
2913
4331
3284
9067
9957
724
8028
3314
6091
6632
4923
8839
3697
2118
4500
7322
5198
6185
7035
7503
1719
2450
970
4540
9879
8103
2639
6893
5261
7691
3876
3101
6951
8473
2292
8165
4053
3807
157
4155
2302
4438
4615
2372
5154
2817
2797
9183
3153
993
85
3230
7246
473
5241
2543
5963
4292
9988
9187
7651
2066
1610
3229
8298
3363
211
9064
7103
6278
6481
8766
7654
5654
8976
6632
78
3676
6527
1419
3245
7601
3037
2253
9425
5435
243
7972
484
4660
7320
8632
7504
2417
809
6595
8354
1332
7745
6225
1078
1033
8854
7256
7142
7905
6858
226
3693
4261
4650
4549
7588
1156
923
8702
6614
9008
6028
6530
4674
4958
8042
156
6287
6860
2071
2564
8391
385
8696
7762
6457
3213
2125
8968
9852
2540
7172
5369
9279
345
1574
8591
7090
8351
4586
9789
9635
3294
7007
6818
8692
2447
4498
3265
8738
8094
9824
5248
2247
8069
575
5501
9407
9789
4668
5437
9294
9940
8387
6129
7902
3866
1493
564
8029
4338
4820
9680
8413
9579
9546
9485
3664
7952
3404
6032
8956
8706
5620
9881
672
2931
9095
2457
583
6677
2547
6160
5818
3688
9871
8309
3327
4977
9493
7290
6977
5032
6127
714
5978
4804
5678
3311
2706
2316
4032
7641
3490
2058
3303
7712
8187
6272
3702
4272
1297
1201
6919
5940
52
216
2727
7413
3662
5453
5698
5836
1804
1248
8334
9663
7389
4780
2934
4301
2735
6988
1540
1435
8180
1650
6738
9466
8362
5130
2411
5315
5466
4740
5992
1668
6259
626
1893
2774
2348
3437
497
4723
7850
1743
1258
5451
9431
8702
4444
889
6011
5793
1495
603
1172
2966
6526
3945
4305
3423
316
980
4947
3706
2273
5471
227
9041
9390
2842
8313
4554
8748
8800
6214
3758
9835
3264
5751
406
1206
5214
9174
8497
2772
8312
7460
3813
3299
9410
2882
634
1359
5793
6684
2745
930
6342
2515
6587
8601
1063
1578
4046
3498
4576
8272
1825
1351
3107
7998
9356
5948
8036
5593
7334
6399
3810
369
720
9769
6878
5944
2516
4104
43
6939
4565
351
5023
3164
5758
5629
311
9003
6358
4126
6389
982
3218
2076
7309
8010
3678
5835
3671
2472
3966
393
6424
1682
496
1794
3019
675
9341
4495
7451
127
403
6049
5493
3848
1693
2393
5859
8885
8458
5938
1513
1031
8591
8574
9464
224
3124
8877
1268
9133
4802
1709
7457
8872
328
4329
248
8345
5888
7687
4468
474
5982
8230
528
8740
7918
5202
3227
5104
6764
4537
2644
3091
9933
6768
2236
7359
5242
4480
9047
3429
4354
3484
8556
1405
4174
9220
3796
351
6524
4523
8874
1749
1303
1614
9489
7620
3289
2844
9758
7792
7904
4410
5477
6920
8738
2874
374
6712
4104
7129
3014
8473
4374
3002
4856
8034
4768
6999
9964
2618
8788
4153
4514
8804
3076
6143
7815
6368
2651
8392
6512
4463
6027
3796
536
2624
1778
1966
8140
8776
9178
246
6640
7422
7512
1352
1641
1375
7491
1003
2721
4920
5630
1938
1069
9618
4065
6138
1560
6759
2607
536
255
1983
7550
1430
7242
395
7256
8986
7552
5948
9452
1030
3410
1503
2771
5145
8647
3394
5189
1621
9399
3318
6
3903
991
519
6422
2929
4900
1797
6840
2092
6447
858
6951
2200
9261
3211
6548
5480
7884
2716
8883
1177
4948
1310
1433
7216
6141
8778
4992
652
2050
4414
1508
8303
7389
2317
5830
6460
9283
3039
9915
1790
4774
4179
7554
860
3795
892
6313
180
9780
1065
392
6066
7743
2477
2903
1756
2910
5857
8260
1909
7210
8477
541
1398
8039
6789
7531
6316
9612
5584
706
6871
583
2003
4293
7408
7608
2500
5462
6975
2082
40
5524
7226
487
3058
5191
6594
2173
8438
5001
7174
7325
4339
7505
5956
1195
4908
8632
2352
91
1706
9989
5575
4958
6248
5237
3968
4910
8509
1986
2278
3290
137
6041
8678
9512
9655
2935
7345
2319
3348
7769
1601
1358
9121
1241
3874
615
5432
6655
8850
1938
9780
6757
4177
5076
1548
9680
7198
5060
7802
3021
3268
8996
1633
7624
9681
9665
6923
1465
3878
3523
3500
581
433
6626
2708
8381
5054
5616
4038
9085
753
6066
8979
9205
5138
4582
7269
9674
8686
2125
1647
2936
5108
7343
9554
4772
7386
4891
5864
9396
537
2742
1050
7881
306
6514
8605
8530
73
115
4968
2063
9252
2219
4167
7194
5830
9105
6
2189
9154
3317
731
9751
4714
429
8344
4692
272
7337
7899
4553
5626
18
9770
5920
8229
1603
4060
2290
9481
150
8501
5720
3298
167
8181
9114
8933
8856
2750
844
3006
9719
3695
3027
5103
3967
9918
5149
1681
421
4758
3235
5524
7333
6227
8847
6927
6239
7653
9573
7201
6524
466
878
9617
4360
6160
6700
867
6831
967
4861
630
699
7675
726
6363
156
4898
1164
4646
3474
5769
5820
6926
1613
6882
2243
2229
3244
3431
3893
8227
5451
2839
2616
6321
9014
2619
8842
7651
208
3356
2618
8076
6799
4799
5720
9379
7310
6679
3592
5251
2928
1548
4457
6635
5149
7190
8761
8906
1450
2010
601
9946
7936
7961
16
9386
3499
5458
9964
1266
7434
2500
9029
4484
9740
4066
2315
303
7284
8680
4539
5089
6181
6010
4686
2024
212
3578
5128
5849
5635
5567
5135
900
8251
794
2666
5596
8481
7793
2200
6446
8364
8428
6839
178
4770
7709
9388
4858
8650
4826
8744
3030
7131
6988
8022
5543
8470
3966
524
6796
9865
4229
8171
6461
7340
7958
3257
6186
2150
889
2888
1787
9667
2678
6488
6789
1131
2723
202
8012
8525
1257
6444
7793
8
2760
3510
4150
430
9117
6700
7758
3213
6098
2027
8943
8075
5396
5769
3507
5708
4945
2802
6278
7294
5307
4543
5365
1304
4505
2568
2709
6168
425
4961
9741
4595
1914
5999
6766
9002
6590
2260
5006
6021
6836
8751
6711
4709
3867
8868
8059
7700
9506
7754
9731
3403
9803
4366
3574
927
1401
1441
3136
8778
1476
8153
9657
7583
1301
5709
4565
6811
1417
4710
9019
7465
3719
2715
2230
1023
4933
6279
4568
8782
3417
6694
7028
5436
2814
8645
1280
7706
6554
9059
4871
6078
4599
347
3161
6833
3964
8843
4474
1327
7213
3666
9391
2938
9988
4476
4087
9948
4084
7399
4534
8450
4634
5200
9418
4611
6663
1413
6669
4136
2643
6132
8651
6773
6834
7168
8639
9537
2992
7375
4703
5656
5269
1017
9576
6078
2502
6211
5397
3615
8848
5394
2515
2884
6843
9295
3065
2706
4306
3722
5519
9190
4069
4100
3293
1870
1491
6327
9177
3343
6829
1692
1810
1727
4688
2055
2632
6515
8311
2380
3559
1254
3919
6003
7068
6505
6730
3433
5150
352
338
921
5475
4886
4651
6023
6445
6161
490
7555
9545
1500
2484
202
834
486
365
5206
6202
7179
7808
9404
6941
6543
6794
9655
2833
9054
9044
5540
4507
7280
9977
1073
3075
1946
5720
4622
8170
4207
1507
9721
6040
1576
8699
5960
3427
7707
4970
8430
1033
7472
3660
9738
9251
4314
8789
1577
831
1953
236
5233
9977
2624
5917
6453
3912
8883
6635
1836
9409
9430
9074
160
3435
6694
4118
4824
5727
3365
3960
4112
8096
5166
3218
1210
7440
2055
89
5819
2262
7543
5140
3257
1361
1613
2928
872
9633
4921
9936
380
7821
8888
706
2004
2360
8408
7589
8905
7444
3650
3000
4693
9334
5843
9857
7680
4073
9260
9544
6915
2297
6282
7557
2965
4396
1341
17
7003
5145
569
6053
6365
3669
4292
6477
4462
1826
126
5246
1185
2667
8569
2575
7054
1791
4924
4034
3
232
4188
7716
6964
1765
5654
3020
7535
7799
6612
9125
2429
9401
501
2062
9865
8873
5196
8642
3803
9029
7455
3813
9780
5617
3299
9489
9080
4849
230
2775
9379
6570
605
8543
7329
49
4647
1029
8262
7001
8757
168
8397
6797
933
7515
3778
7893
7926
4590
1952
3721
9259
9133
4525
3643
8988
4845
6584
9032
7091
4691
1567
9289
5302
776
3047
6823
7601
5929
8072
9498
7423
1810
4800
2591
1854
2822
2468
737
8294
6485
9600
7667
8960
9049
1639
7516
1921
8999
6989
6568
6027
1051
214
3697
8091
5409
8012
8375
7203
8881
8278
9503
5587
1754
2806
5656
3933
7113
5523
6822
4096
5196
4447
6273
9663
3924
5926
2140
6887
3269
807
525
6622
4809
6214
461
5479
6787
2553
4114
8497
8969
7383
1351
2537
280
2487
9087
1874
2776
840
7442
2435
5019
3805
978
6639
4048
9790
2668
3843
3522
3209
7299
2184
4679
9305
5565
8745
7248
9255
3886
9896
1526
3256
4153
4985
87
4384
2408
8363
2997
9322
1285
5833
9944
4566
4600
404
7397
3391
4511
5109
2364
2107
3480
2157
1401
5546
5026
7877
8908
3560
5624
4071
3361
4851
2771
2011
4978
5441
3199
3013
7566
6610
3187
8145
7413
1217
5051
9801
3065
7907
7295
9488
7578
7979
7831
4145
7397
4578
896
6131
2348
7620
2360
3904
2462
629
9348
7401
1110
8706
3753
726
8407
8471
5152
5091
9051
4351
7171
5279
8435
5328
5685
5696
5818
7383
284
4231
1464
6352
4921
9011
5028
7797
3086
8997
4512
5777
1560
6033
2803
3462
9194
7253
5665
7278
6705
9990
25
4856
2245
6789
7624
5526
6793
5485
1590
8182
1471
2848
6840
4863
3584
3204
1972
238
6837
1409
8907
7081
1546
6792
7556
4196
814
2877
2014
887
6350
5042
2203
4711
5906
9271
1985
3142
2724
7938
5673
5152
1933
441
3489
6524
4836
7649
5649
7420
2458
1752
2754
3944
9980
4430
6359
6756
3132
2152
1694
4822
4993
2292
7153
5621
8308
7245
3127
9563
5847
9151
4452
589
4424
3
7588
8059
6006
7728
9698
4326
5860
6430
6399
8665
3768
2684
9394
9630
2462
484
8368
7995
9964
5095
4076
1164
7729
8126
6408
8829
4681
9276
5294
6759
6528
863
9287
8782
9729
2684
7298
8344
5479
6912
2369
347
7083
9360
2813
9493
6450
7931
8709
2865
7631
5410
5684
5025
1169
6523
9338
9561
7786
4694
7097
458
3821
9439
7035
7595
2145
4288
5167
8973
325
8150
2820
6065
6056
2173
1118
6095
5574
3425
2670
1807
2135
6918
4024
7420
786
1937
6421
5798
6877
1820
4424
2463
6943
6347
2057
4394
9410
791
9943
4882
8041
1968
1368
8702
3059
9759
9906
9102
2949
868
2791
7543
3434
3290
6786
7142
7406
6916
4428
1102
9910
5978
390
3604
4632
2722
2839
4590
8299
4525
23
2673
4596
2658
2383
9264
158
790
5382
5644
42
5847
2601
2707
4911
9543
6977
1713
8968
5140
3014
5356
9064
5527
2629
1936
1474
1304
6520
9762
8174
2279
7908
606
6781
5095
8124
2034
1689
5670
4070
333
7927
4267
3362
1318
3250
2571
2212
729
1383
8140
7601
1354
7403
7987
5483
3320
6382
4100
1839
4891
8002
1380
9329
5820
594
6040
2085
880
3805
3631
1983
9325
2016
2561
7852
2828
7405
6718
4667
4665
7915
4952
9077
2433
5065
5660
8739
5936
5855
8237
6862
1107
6113
4696
8028
9389
8008
5213
242
2591
9291
2530
3983
51
1178
8295
48
4244
3307
1849
9523
2919
9064
5642
5286
6106
6421
7914
1
2297
126
634
6915
4576
1612
5330
3108
4011
4740
6041
3030
926
7328
7552
1945
5465
6246
9860
5582
2591
8864
421
9936
6598
9651
6726
2504
6296
4085
4163
787
983
9054
1581
880
594
5213
8971
8919
3565
586
9688
289
6302
7623
9307
8846
7527
6095
6450
969
9561
3932
2530
1235
8902
8304
382
9927
694
2153
5044
527
7019
7790
8476
50
6258
5395
513
6942
2065
7197
5917
6216
4042
1373
5573
3313
4260
9691
9702
6735
3329
788
7948
4281
1850
4227
7057
8924
6156
8653
7177
6192
5653
2579
7319
2324
8883
1462
6292
2592
8261
8090
3060
8975
225
322
4935
431
4671
3347
6209
861
922
7354
3292
6509
2461
6475
2827
101
6345
4087
6782
714
1960
3305
7578
968
8088
2913
5574
378
4056
8102
4284
2192
4529
8827
9655
7465
2978
4911
7349
1110
5642
8513
681
6943
8343
9959
6542
4717
2341
2785
9533
4334
2324
2124
4196
1835
2334
791
3428
5719
4204
1316
2691
6439
3706
6873
9022
5567
1252
5822
9819
8452
1544
7129
561
2729
1427
1655
3157
9482
3844
750
1615
653
5238
7570
1566
4855
1603
9450
101
8564
3001
8159
9555
8764
7515
244
8723
4772
2459
9677
5386
4730
8285
2177
5138
2763
3140
2137
3418
1466
6812
3470
9297
2891
3367
5151
1782
7849
6456
2157
522
6861
5338
5605
9754
5346
2150
1260
3916
9263
369
4838
2878
8473
6474
4159
2637
5030
2588
9009
1268
3642
8393
1958
9212
9236
7276
1739
0
5271
5770
7223
2343
7076
2180
1784
1634
9118
565
8793
7335
4967
2071
5673
1420
3614
2724
7545
2265
4598
4743
6027
7593
5197
6085
312
789
5989
3230
4279
6352
2974
5938
4376
5434
9317
7086
9872
4054
3043
3433
7751
1666
7317
1509
7552
4719
468
8603
8244
9545
255
9621
4127
3730
4118
9912
2559
9579
3459
9004
5765
8067
1534
8539
4516
959
8372
2332
9029
5325
6905
7140
2938
5221
1655
6271
3283
8158
6263
681
7692
521
5284
3686
3377
6195
9504
4382
1968
2708
8358
4216
773
750
1363
1642
6169
5375
4514
6811
8330
4792
7894
8847
6442
2856
2082
4829
8419
3338
8328
6690
7187
7711
6385
3475
4572
4006
5952
9768
960
7185
1451
828
1738
6208
8140
3289
1156
288
8095
1286
9203
1053
1103
1834
6688
9016
1240
4315
6964
3757
973
7990
9460
5120
2793
2535
5517
1410
2881
1345
8548
2670
6731
4542
9103
9870
2867
6695
123
6649
3541
7224
651
6386
8686
8187
6262
1359
2732
8986
7958
1395
1386
9237
4296
8662
2696
6408
6796
5756
5892
1346
8584
1557
8788
7753
8408
5955
6242
3983
9213
6211
8885
7472
7868
5223
5498
7846
7395
8617
2765
3408
5748
7561
761
7132
4365
1126
4388
5969
4733
8387
3842
1531
1130
3255
6634
4943
6997
2734
2655
6769
3053
6633
9682
7176
4172
1787
7228
7584
7440
9592
3821
6005
7264
7288
982
5495
6492
8667
4649
1394
9229
6823
4056
7221
2181
1054
2863
6574
6751
5771
7122
2870
3214
4820
9169
5709
6054
5133
2881
6433
9597
9002
7344
3408
7800
1378
3652
7503
6697
4609
8345
6551
403
7974
9298
7997
7288
5205
3194
8602
4361
4924
1484
6785
877
7900
1940
3881
2524
9709
9562
9695
5085
1099
4368
9151
3945
9428
9845
9701
5143
9045
6212
5854
8814
5283
7349
5508
6805
7930
8141
357
627
3632
9715
9256
1987
4585
7428
9616
3195
5573
9872
1517
5461
2962
6124
2942
1571
4186
2286
2936
7348
6004
5098
9820
8725
5677
849
295
3190
8921
8244
9625
5722
4726
554
8338
5217
4169
2153
5083
8206
6667
9619
1335
502
1799
4368
2683
204
5933
8933
778
3585
750
8409
3830
8895
1645
4191
3721
4944
403
4570
7090
9737
3333
7988
4426
9648
4890
5518
2749
9251
5161
7196
3854
2584
9932
5658
2802
5638
5417
961
8519
6044
9018
7258
5998
4630
4765
2486
6634
1849
7153
457
749
4936
4597
9002
4936
1005
5880
4764
8970
3435
9756
2313
3619
2372
1221
647
8905
2712
8779
8216
9838
8575
9258
118
8420
7606
3739
9950
9774
4105
8960
4738
1759
2863
619
9564
434
3281
3158
727
757
6535
1645
1989
5884
5955
7064
4080
9131
5348
9199
2853
9918
2033
7009
3701
457
1922
6758
1593
5496
4569
6619
269
2868
6687
7692
8213
7880
3037
164
7012
8689
4489
860
961
639
7050
4266
5086
923
6657
7284
9425
3259
1605
7568
5472
6172
7205
5302
1187
7321
9430
5818
711
4067
9297
3267
9224
9925
7027
570
3752
8637
9440
4743
1893
5968
3509
4928
7349
6849
6034
5814
6686
1353
722
5556
9699
60
9120
9499
5296
4232
7786
4391
897
6363
472
3168
1613
3423
7849
5018
8295
6118
5980
7468
821
7017
5902
9197
2981
2036
5135
8265
6067
6568
339
6804
6883
3334
3242
6495
2086
8866
2071
9359
7048
8512
8330
2355
3088
7820
9972
4403
5366
7929
7021
2647
904
5495
2871
8940
9268
9622
8169
5982
848
7178
7577
831
9278
6291
2558
9416
4912
8230
8813
3416
4176
3574
5162
1689
3923
7634
5617
8244
6596
5520
508
2757
7301
7156
9393
3111
5226
7512
3481
2837
4350
4294
5677
4903
6814
4165
3042
1650
2118
2299
1523
1371
385
7143
4977
4354
9073
9264
8693
4333
7964
7503
8565
4123
8346
6233
1961
89
5504
418
4366
5414
4568
6490
1215
8496
4054
2628
9467
2137
505
7823
7614
5609
8369
5360
167
9083
5265
8052
508
9464
7468
1282
4845
1274
8843
3840
7467
5381
8651
7252
7133
2781
9946
6588
3659
8098
3911
5164
9583
3898
2953
9271
3265
5115
3305
3910
5898
4723
3335
8457
8014
6035
9071
7412
8299
2908
4191
5776
4503
4521
4061
9160
181
7547
734
6817
2207
8024
1727
2857
6856
2190
7146
6707
8659
8684
5206
8816
4036
1601
4606
3584
2343
343
4379
9598
7978
1249
2795
1993
3528
7969
5847
7890
8977
6626
4215
6199
703
6342
4843
9069
2782
3828
4538
3561
4086
3316
9196
1727
419
6782
57
3919
6760
3094
8434
1007
1078
9372
3328
4309
4169
2182
7097
733
7367
4016
85
8410
1556
509
589
2912
7894
208
9377
3420
7790
8899
9861
6963
2089
5720
8105
94
391
1301
1782
2135
3617
5049
2592
6142
2206
6512
9612
1956
6006
2500
8302
7748
6764
2206
4522
9728
1763
8532
9929
7273
3426
7219
606
5012
906
4748
3058
5083
7422
2383
3554
5093
8699
8703
6728
8259
9321
4497
6612
5811
7386
4725
3365
6096
4895
6214
7617
9327
9434
4999
4515
889
9742
6149
8516
2002
8121
1031
4749
6300
9343
8237
8360
3133
690
5026
4750
2755
9614
5026
8534
2278
3965
6952
3137
1578
4541
3714
8676
2298
7599
339
1582
7699
4327
8717
3470
8726
8891
376
4534
5335
2143
1953
9332
4340
4024
9901
1113
3547
4387
6760
614
6446
847
1199
3531
8310
3495
1615
9958
3255
2144
1667
3229
9991
6816
1609
8729
4429
1148
1985
3304
4829
1534
4199
7310
9486
1362
2864
7501
2282
1644
4805
8132
5331
1472
5291
2460
3489
2721
2347
9422
2371
2735
5479
1536
635
6738
8173
6149
5455
7088
9722
1600
4282
5422
9706
6356
8763
2330
7920
5821
2539
1899
9037
7797
9820
6828
2282
3481
6713
2588
8732
5798
3863
8979
4398
4112
9086
4251
3981
4662
6088
1498
5152
8142
435
8872
9727
8170
9807
4631
3418
2119
8517
4208
6623
3582
9477
9794
7267
615
9651
7046
3029
4790
3067
2847
461
6038
6421
7940
2147
5600
9686
999
2170
1398
4931
2731
5233
2542
2137
7166
4606
896
171
6400
2374
7035
4972
7322
5547
5039
8240
2308
1683
4960
3087
7414
6872
5906
1150
9187
8683
8362
5961
4952
6437
5385
9174
4224
6092
294
1153
653
5774
2916
3652
9487
3071
4772
1685
9292
7771
7275
8797
8489
1820
3267
6047
349
8280
4275
3122
8894
4600
8111
1772
4295
4054
2765
2614
5329
9021
6503
4514
9505
7994
3683
5135
2456
1680
5389
8126
5882
11
2799
1483
1226
6240
7677
6760
9090
6346
2187
656
7136
9911
9267
2359
5141
5010
9488
6534
8113
1997
6897
1919
6188
5009
7491
7549
3351
254
3749
7986
1957
9552
386
4592
1973
7700
3658
2261
3387
2378
1410
801
7861
5150
606
1048
3093
5895
7766
3006
395
1104
2320
9388
3850
9162
7962
637
6384
6679
3391
9698
6028
6884
4318
1000
1376
9742
6302
8876
7741
2510
6633
5984
8056
7623
6915
6190
679
4637
7368
604
7728
2510
9393
5487
6543
9320
3675
7644
1319
8387
6985
4743
9317
2327
8390
6373
5824
1562
3480
6343
5687
8635
4688
2679
3663
3634
2178
194
4718
8674
2203
8577
1895
5196
8828
9901
6723
4931
3967
9415
8243
3802
680
7059
2791
5647
7005
8990
4380
7543
5371
8143
4682
1843
8211
5337
4886
7222
6674
2853
1525
721
305
5996
4005
8077
2881
2292
6783
6628
6904
8798
4666
8450
4753
9794
7715
76
3099
145
7252
9943
6756
3489
8291
183
746
4587
117
4699
1879
9698
2128
2543
9573
712
4967
259
890
4871
8246
2393
1370
7557
9167
9642
2163
2937
7125
1589
6293
9401
3877
1826
5388
576
2589
5024
5260
5764
6772
3705
6341
2528
8573
5969
7993
8802
8991
8704
4414
3885
2199
1267
3320
202
1483
3587
9072
555
6694
2631
8894
7755
7660
1760
4751
1539
4921
8146
7700
2220
1103
6552
7277
6311
92
4495
7497
6702
3578
4389
7786
5124
8236
3946
9927
7153
4825
9826
1293
5833
6522
7921
6040
9791
3991
2042
1689
8161
7420
2624
9313
7295
290
8447
9482
8387
6320
7454
1804
7726
9711
8277
9468
5642
8452
2664
34
4128
8149
2900
2660
2442
273
1263
5329
9969
55
1715
7750
7997
9084
6242
3882
3532
2459
6522
8849
503
1336
1215
4378
5445
8367
8545
4794
4984
1757
1677
8867
2719
5139
5692
218
1036
2480
8377
48
4281
3713
7514
7329
4883
3942
5464
3194
6821
2858
2314
2113
1323
7961
4063
3436
8275
6535
8698
4809
8521
4627
3304
4179
3582
4713
6095
4797
7317
3509
9265
1528
99
4384
495
8610
8777
2452
4998
3289
9317
3415
3620
3786
8035
4573
6780
5034
5192
6365
2241
3185
1249
9197
3384
5211
8501
2494
8773
9242
7458
9566
8450
2669
3981
9190
1905
1251
537
7266
9923
7325
8345
3342
8725
6486
3782
1131
1661
8243
8362
6684
6565
191
6770
9231
4759
3103
8724
9916
533
113
8267
1352
8338
4370
8046
5540
6721
7687
5354
5317
3625
7949
5153
2592
6401
9339
5684
4592
824
4054
6591
4216
5502
1666
6942
5410
7739
9147
7194
3645
9640
7844
8353
6634
2622
4601
1242
2114
85
7315
3181
5400
1615
2161
8256
3041
1284
2133
5688
6937
4838
3899
6678
7785
1555
9348
5716
7130
3135
3032
106
2732
9079
5844
4935
7562
4454
9152
396
5772
4867
1024
9428
953
6020
7882
7627
8607
4460
1225
3485
8565
3670
9779
7891
8070
380
97
4727
4704
3927
1449
6276
9159
6531
8698
6777
4259
5483
4747
5112
9385
7738
1826
3229
8025
237
3255
6449
4539
4954
7932
1659
7816
1418
5702
5393
8916
1040
993
9915
7440
8849
2969
453
8708
616
6872
5571
8314
3459
5083
1690
6925
6420
2503
5457
190
1251
5796
5789
7614
1260
4390
6020
4726
5961
6374
2715
3112
2421
1637
343
7838
8252
5251
7460
5342
4427
7068
963
8865
9277
7463
4628
2327
2905
4667
5006
318
8536
457
7015
5655
6135
6437
3868
7548
8086
656
3580
9229
2323
4390
541
4841
6122
4045
8886
1496
6669
6960
7641
4854
4761
3995
9515
7439
4022
2226
418
2500
346
2755
9122
6843
4777
6646
3065
1673
7825
4504
2508
4068
2599
1846
2369
7597
4838
1645
2151
6885
4121
9469
4469
1622
4944
4161
7498
3645
4998
8169
7391
8887
3755
4080
6970
7601
9861
602
4641
5596
2922
2312
8329
9833
9096
9756
1069
1919
4081
5514
8294
7124
2222
1307
3468
2955
4424
543
3890
1167
1125
3476
9081
6601
36
1219
262
2717
7468
111
4111
9123
4223
8338
9126
5887
729
2498
1547
5618
6032
686
3469
209
7701
456
5218
6690
7041
2220
1581
8473
5071
7407
5391
533
3895
8028
6923
3363
1496
107
2934
4215
9608
744
8277
101
6598
4344
8691
4303
8064
256
1600
9657
4998
9955
7139
9969
7876
2836
9788
3868
4778
5533
2301
2245
8926
7089
7378
743
5505
6379
7469
2417
17
8980
2945
1915
3874
4036
1910
8120
9156
4884
6306
7309
7103
9071
947
1580
9855
1397
6151
3536
4109
7056
1316
3380
5196
4400
301
3943
6038
3859
6557
9697
5172
5786
6195
5626
2050
900
5526
2321
6796
9865
509
2558
8700
4088
6552
662
6813
6230
3215
6615
1818
9375
8421
8259
7948
5941
4029
5842
3600
5034
6481
8366
3290
969
4397
9283
2489
7888
218
2863
7754
3085
9836
6075
8233
9808
1076
6219
7291
8969
9405
3072
5204
7015
1125
3477
7108
5212
2275
9035
7668
1086
3253
4902
2979
6452
8631
6155
8454
8752
6106
6870
8047
3796
8604
1212
8216
4123
7358
2783
8159
3622
3894
7485
8059
3072
1477
5875
3923
9914
8983
1470
2160
740
4646
2885
3143
2811
2259
9625
8800
8653
7899
8691
4027
7833
822
9686
4284
2855
723
9879
9904
9684
4896
4686
9302
8661
3554
1675
5140
2248
5710
9728
5145
6030
6507
161
7816
3974
5296
6276
5167
4339
6822
116
2275
2264
5760
3188
991
6167
8611
6784
3109
8011
2196
3690
7871
4188
7533
9426
3694
6165
2761
9273
5152
6247
7008
4834
4046
4817
9598
9350
942
1839
1968
8216
9205
4
8018
9152
9018
1032
4110
417
2816
3642
4802
5452
6162
8054
7485
1503
1176
6416
7265
9447
2638
3224
8546
2502
3143
2444
4217
1540
2145
4635
4073
9772
9263
1346
5031
5062
486
7698
3271
6936
4120
9908
4855
8322
334
2561
9811
9156
7430
9534
3361
5271
4813
3999
423
531
2045
5861
891
6573
2130
7356
6047
6686
5563
795
5793
3089
4800
1271
9885
1336
5941
3326
9627
4657
3240
6868
3092
8968
6155
533
872
2910
68
7535
5898
9134
6635
4629
8397
1332
3493
9729
1460
8707
308
678
2575
348
7869
981
8192
6249
636
54
5785
9906
5311
1032
5014
1464
4301
9745
6920
2729
1996
4253
3916
6519
6343
3777
8314
3660
3668
410
5723
7219
723
981
8685
6909
270
1644
5915
8745
8100
870
2802
1320
1312
702
3637
9452
3351
8491
8807
7231
8466
9082
8708
980
4963
5341
5419
3509
4741
6223
146
7497
9390
8909
2089
3836
781
9021
333
7386
1455
1626
7248
4487
2669
5414
141
7991
7606
4399
8172
4738
5127
9543
3221
2283
1501
1911
8747
5049
3843
3211
2861
871
5701
7736
7122
9096
5860
7718
3736
8539
583
2200
9386
523
5299
2972
9639
2494
3568
5394
4376
7665
1643
4033
1405
799
9593
1516
333
724
6128
3103
4185
493
7332
9025
1908
2064
3060
8102
7737
469
4477
2586
9574
6535
691
2742
3055
9448
685
8606
3341
63
3811
1604
9275
6847
5573
7253
8479
837
6026
5836
9015
7009
2350
5886
4372
3739
4692
4954
3759
4339
5650
5404
2820
7709
3260
1913
409
3222
5849
391
3489
9760
5833
6369
6526
9361
8932
473
5285
4251
9019
9145
8893
1545
3631
1106
1251
4143
9541
1572
8490
418
7663
7834
9215
1102
6526
48
4779
1844
6983
9542
6995
4358
1562
4578
6616
5163
8189
6645
3662
4368
6688
3832
9513
3798
1816
1721
5061
4652
8635
4123
6127
8741
4302
4130
3028
5829
3700
2771
5003
4516
7809
6229
8064
624
9109
5971
3870
7796
9186
8636
9576
9884
943
4628
4413
3821
8321
4100
5744
5437
411
2896
4577
530
7576
3369
6530
8670
2058
2939
9381
2008
9575
7753
4948
2398
5019
9946
406
4484
3207
2533
2735
2328
8539
3845
5468
1292
4778
2358
3030
2651
3235
9329
4386
9176
4463
4411
2635
6325
5389
9835
1855
9082
7851
9767
5604
4472
6382
3278
728
2080
1614
7125
5952
4025
4185
1927
9498
3848
1109
7573
3524
6701
2070
1344
2062
8671
3910
1353
6588
1460
1771
8563
7712
7050
9132
2323
2657
8222
7906
6402
8704
2681
1236
3127
4328
9525
4482
3021
404
3168
6639
6426
7934
147
9364
5712
3090
8443
4714
4735
1432
529
8534
9758
8990
7992
378
5614
1508
2083
1979
803
6898
8759
1036
5584
2877
705
4225
3910
3906
1387
5531
9948
2709
2486
9704
8061
8075
6441
142
5243
7060
3436
2216
3755
1705
6617
1593
4322
8971
6879
2412
6157
3145
2118
3864
4825
3661
1858
8995
6534
516
7078
2706
7963
4608
30
8683
548
8564
2569
385
6410
5430
4759
56
4708
8919
4229
8803
5885
4783
633
6316
5896
5546
4923
4871
8513
609
2326
5168
1521
3708
7034
4407
9103
8371
1091
1170
6041
9893
217
4271
4263
3376
1554
891
2884
8219
426
2057
5865
528
7734
6583
5620
8098
2485
848
6288
8627
5983
9161
4666
7503
889
4984
5063
709
4159
9193
2323
1218
420
1803
972
193
8770
4555
259
7824
5429
6875
6608
7241
1518
6482
6600
7221
6503
6880
6447
2470
6850
2188
6014
7307
1927
2168
2185
3591
431
6435
9838
8553
2892
3045
1768
3067
5844
7295
5144
382
9118
919
640
8226
72
7903
8668
1890
4437
9439
7284
3654
1222
7218
8927
6648
2883
2458
6874
6097
8497
1191
918
4569
1217
1218
143
2618
8563
7757
3993
4926
9553
677
3889
6911
9659
9808
3697
6276
136
3872
710
8790
8635
1616
2626
3666
4974
1157
2062
2921
3897
6671
4578
8954
7371
3851
954
590
3638
3468
299
8716
3653
167
2177
2220
6682
6794
8442
3723
6084
9886
5661
9285
9785
112
2411
2999
1100
3870
7291
1002
1704
7647
3461
6751
7555
6855
7887
5791
1812
3888
6299
8808
2
6160
464
9524
2840
7628
1392
1976
2692
3227
2184
5719
5235
2843
7168
5207
2946
4975
7443
7769
8257
5691
9358
9434
4877
6728
5783
8843
5192
8994
2248
115
5419
2733
1645
1014
8351
6950
6374
2684
4887
7220
2716
5157
7130
9150
6223
4493
8449
2408
8020
6001
9864
4717
5815
2399
4744
5718
7552
8681
9768
3958
4565
9910
1875
5287
1687
3642
8284
8211
1742
8666
2978
7453
2892
5607
9114
7474
3426
3710
3570
4100
6161
8342
1373
6515
5952
1838
9416
897
7237
4082
6775
9994
1949
596
3710
3533
3727
6167
5551
7935
222
8446
2735
8843
7084
4374
679
8803
7253
1180
581
2466
8606
8884
1780
6803
6005
9352
4151
3081
1194
7876
5151
717
9579
6649
5330
4846
3491
5567
8366
8472
3636
1416
9810
1774
3853
1096
3722
2497
5714
9156
8026
8065
9141
4548
3462
1849
9326
2400
6376
8213
1333
9334
9107
9963
4713
2491
8059
3581
7704
709
3845
8574
1960
1126
7037
5750
6628
1634
5032
3609
1933
9706
5515
7467
2396
497
8373
511
2727
5829
5414
8739
2062
3429
5390
2232
3811
9668
4852
7502
9352
4515
8135
3423
9778
9281
1062
724
4777
1360
8274
6206
5490
7606
3811
1489
5573
4934
1775
7753
7514
882
4036
6038
4748
7150
8825
8883
2415
2756
9264
6306
4987
1716
5108
7387
9351
6973
9331
9882
8953
8090
2029
1331
3733
1594
8580
5752
9413
3652
8435
2777
3929
9532
5775
1962
3607
8143
7660
9105
7461
978
1913
3938
1870
388
2042
5814
2105
3360
8274
1882
9779
9381
8742
3281
2241
6168
8177
4863
7244
7883
6464
1562
4414
7149
1136
8440
4401
6347
2979
7053
5104
8157
6129
1566
7116
2745
8951
8871
3033
7235
2185
1962
7168
2533
6465
1002
8085
8670
398
8503
4861
4294
1712
9591
4450
1446
1102
8281
2473
858
5891
4343
1533
6729
4273
2535
5457
7093
5091
2304
7004
6153
4896
5459
3954
2713
5715
6683
9983
8418
3237
4726
4229
8497
9066
5110
5550
2886
6343
1568
3216
4219
5700
7086
3294
6326
8783
7385
63
1909
28
6554
4160
8922
6855
6914
4583
1584
397
7652
5702
8657
6187
8192
5134
3115
8873
5740
8074
1395
8384
5324
8110
1554
7488
6785
450
958
1306
1595
2198
8995
3168
6680
8837
9859
8500
4021
1100
4507
99
2638
6290
8394
1646
4214
7041
8148
733
1800
4003
6952
4237
3611
838
1119
5034
3603
2714
7585
492
6449
793
9887
6875
76
8751
4756
4225
3212
4492
1258
7436
2248
7590
7480
2326
5354
9794
5253
993
8787
1477
2404
8089
9774
1107
8747
1403
8308
2348
9852
6301
3107
2570
5924
66
2462
5292
5846
62
882
604
2162
8763
8030
131
2867
9362
7998
9300
5847
2615
8155
8720
6311
8193
1005
5168
532
2467
5612
9698
2697
5398
9740
3468
7258
7476
5433
4820
659
4887
761
2983
589
1344
3292
3451
8308
7245
6981
3331
2209
8641
1306
965
9518
9509
1178
9426
387
7341
2160
3552
1242
476
2645
4973
6908
6788
8851
6017
6901
7541
2802
6811
7753
5443
7530
9277
6082
2283
6042
3860
3350
53
5892
3319
3067
9438
839
3745
5680
954
6384
7811
9849
179
8764
729
8469
3857
7476
4948
1766
7492
3906
5516
8594
5175
2872
1360
3619
2344
6343
8175
2477
4207
1758
8668
8876
2917
6554
8315
1153
3013
9182
6720
9663
8551
302
6558
8115
7388
1546
6234
132
5326
7090
5707
7957
6532
1680
7221
986
8976
5565
5732
2925
1304
3950
7100
1592
7881
2383
4670
2081
7944
9749
2080
609
8175
872
1320
8147
6485
5984
6226
2351
9259
694
8164
3503
6396
8875
6418
4285
6420
6521
3122
1624
4985
6011
1215
7893
1410
4599
569
4470
9779
20
1559
3817
4217
7949
6928
8406
337
8675
3248
7165
8723
8213
1884
2904
9903
2711
3286
3011
8716
7453
7274
9111
2133
8606
8519
5375
3809
5554
6542
3760
48
3614
6505
7910
645
22
6184
370
52
1594
5146
2259
8009
5923
4843
8257
1176
8297
3812
9421
1173
3000
3627
245
1721
2829
4770
9976
4303
5892
8695
1990
5819
2569
620
6926
6546
9606
8351
2057
7900
8364
5830
9110
1202
5357
6438
3277
4177
7130
5902
2146
9588
5216
2513
4860
7088
2565
1469
5723
5147
4203
6179
7331
7169
6198
1167
9389
2239
4938
1984
382
8961
5452
9934
2985
2896
1994
4108
4756
9044
5378
9949
4492
9625
2598
6699
3648
7280
277
8228
3521
8506
8503
3700
915
2026
4165
9969
4962
7221
1005
3
9612
2657
2885
2256
1289
4736
937
176
942
8561
3679
374
8914
6732
4427
9817
1002
7397
1074
5466
3976
9503
8922
4979
4042
296
1980
3317
3004
4531
7779
5882
5699
2501
8917
1438
1122
1101
6295
4720
145
8697
7628
6879
3307
9070
2207
6403
9102
4971
4397
5951
2964
6739
6381
1266
3683
684
3436
7790
3108
6070
2686
9622
4289
1961
815
4720
2470
7066
545
9754
6188
5321
3721
1594
5275
5332
2823
6737
54
3422
3693
2030
1023
88
6422
9703
8636
3414
983
3791
1985
9439
216
5437
7326
6367
1878
9670
8251
4309
3105
9583
7761
2007
7514
7085
6108
7149
315
1822
6563
8848
562
9597
385
3092
5991
3233
4853
1579
1822
4340
5868
5710
5769
4866
4715
3271
2404
3403
3747
770
5407
3734
4994
9863
9934
2975
6499
8104
8936
4687
4585
8253
6010
6297
4035
9345
708
6200
7974
8041
3893
440
7475
6368
7488
7241
7318
9285
1037
118
5765
674
3603
9662
1930
1721
3531
5874
5227
6140
9262
1069
751
6576
6068
8028
3825
1661
8567
2725
8712
44
3612
1303
1264
9650
1612
8642
6750
9304
6450
8852
874
6784
9014
5165
9102
1562
7138
6735
2799
5783
6016
4694
6651
5642
745
5811
9009
7656
2301
2643
3235
9185
9345
6041
3789
590
1466
8953
4518
1600
131
1763
158
1233
2032
6472
8187
9323
7909
1632
6193
4996
4268
8524
3824
6071
2724
3578
7387
8975
2012
5797
1101
7661
1757
7140
8150
8912
1230
3402
2520
5468
8266
6566
7574
36
7961
7648
6897
3423
252
8954
504
4566
8866
7122
5955
9215
2586
4608
477
8050
3599
5640
4331
1340
3875
831
3436
552
5192
1107
1233
5815
3344
6115
9830
7249
1118
8515
7546
9544
5714
3409
8253
5507
1099
9296
3086
1047
600
294
7018
3209
2503
6441
8407
1592
1142
2355
3047
2406
7886
7181
5792
7364
8966
1564
8227
356
3195
4304
6417
3767
7923
5376
2831
5902
5604
763
8635
637
338
3145
2207
2634
3035
2946
1533
9282
4674
9091
7976
9375
632
4288
5332
6153
244
3586
1957
1512
1918
9209
7582
8155
2375
4999
7687
9665
5907
423
6455
2865
3740
4587
3199
8597
2369
1775
3989
579
6606
9265
1172
4286
7213
9931
7396
919
939
6702
3618
3819
2085
2921
2681
9330
5204
9370
9898
6701
6676
4093
9390
2458
5354
3435
6333
8439
2160
4078
4879
9882
8029
3880
8469
5574
5879
597
2766
164
5943
2152
9547
3379
7613
1240
1769
3026
5371
8967
2005
6489
3537
4687
7036
6410
1531
3333
871
571
9616
6650
2655
1498
1458
6840
5156
2000
2537
3525
6529
5022
431
2663
8338
3802
9493
3458
4058
6116
6448
844
5198
6484
822
7040
5206
2345
5203
8096
8748
5188
691
3384
6261
6218
8561
1561
3032
7561
5504
4092
5909
1645
9150
8936
6172
8774
4060
5327
3396
7372
6572
7442
7485
7828
2961
5361
6280
1628
805
8029
7263
9166
2044
8224
4173
4184
6832
7689
179
1894
1740
6093
2241
4582
1130
5775
1220
1034
8556
6971
3371
4258
8420
6646
4912
8697
5170
7223
2583
553
2052
9346
5672
8199
1935
7389
4500
6972
2239
9889
9693
3599
1524
9697
3029
4536
5449
785
7251
9525
1025
4210
6195
7739
8717
5418
6539
8283
1617
1316
9768
612
8701
2373
4633
3507
1464
3319
333
9043
272
3787
8828
4399
8383
2311
8770
587
8218
6160
6804
8426
5036
3717
4255
6719
8617
6290
8825
7379
2924
4420
735
8670
7899
7524
8738
8340
9482
8378
1230
1653
1357
5348
8989
4550
6549
8586
4631
8985
9181
2075
2307
5571
720
6086
13
2203
2278
4281
2655
466
760
5466
4819
3220
6812
933
7748
8357
880
8414
1768
3881
5821
6600
1756
3834
3659
8256
4113
4682
2043
946
122
5389
8585
757
406
3278
8248
3959
6503
3935
3657
4231
991
5989
7978
1117
4652
6897
2328
204
911
7542
7724
3212
6988
285
5148
4774
222
3893
3445
7638
4500
495
160
31
1812
8201
8143
1625
9521
2012
138
5147
9546
4651
6144
8207
713
7788
9083
7171
5806
899
8148
358
7528
9098
6232
9278
7513
3886
7011
2468
8999
6893
1117
4573
6443
9279
5183
2064
1656
4028
2235
209
6061
9373
2514
5209
8
848
2940
7258
3514
3480
7780
8780
8639
8428
1863
1600
5841
5927
5911
5240
4917
9380
8774
542
1905
5843
3659
4758
6550
3036
4588
3207
2760
4997
7080
1781
6187
8119
5991
2470
2702
1240
5274
6428
1545
5620
5530
3921
1845
2339
3597
8908
2855
6508
9532
5363
7865
8499
6602
6805
4286
2153
8042
7348
8962
730
9345
4250
4720
7800
6516
2053
4490
7593
4224
2381
9581
7447
3715
1780
8510
8823
1585
5818
6179
550
2372
5378
1989
2005
2305
4432
2940
1237
2321
8698
1477
4761
2832
6222
7215
5171
7578
6212
8938
6182
5000
9136
3885
5288
6027
3579
982
7731
3981
711
2319
7382
7332
6593
6657
6325
9767
6380
1710
2458
1572
5054
3771
4383
3619
1579
1551
961
3936
3770
5935
7120
1101
2989
2238
9521
187
6613
7614
8398
1346
6648
129
7437
3691
1636
2289
2770
8952
5741
2754
5443
8414
8768
9949
8154
5564
9545
2993
1586
6131
1555
2036
6573
732
9643
9617
9107
3437
5868
3907
2109
479
9715
7293
9374
4877
6872
5021
483
1264
3215
7005
5630
261
2983
7449
4721
6462
8508
6743
2399
3437
2261
4650
1158
7832
4900
1687
6419
2375
2300
5610
8837
3802
151
2053
4314
7122
7283
3504
3445
7494
2255
6150
9378
65
7249
6931
870
3392
6636
9816
9170
2099
9117
160
2112
7552
3123
4045
4306
7300
7966
303
5585
4606
6581
8298
5519
4804
6136
6959
3742
7821
5952
2566
4511
3469
2761
6583
6552
2299
1047
6933
9274
4714
8320
7238
3614
8435
5182
7045
6231
2950
2872
9307
7502
9185
7037
2105
3648
9452
4653
9436
4626
2564
9145
7364
683
8677
422
4700
5540
7284
7849
3854
3052
3187
7192
7516
844
4598
4061
1505
9852
2815
309
5620
9295
3501
8497
6732
5922
3493
619
9641
3363
1282
625
1454
280
7500
1095
4913
9369
9460
8536
5490
2565
1804
6032
3956
3376
8177
8548
3210
4669
8389
6716
1815
8526
4536
2130
44
6601
5949
318
1055
5391
7564
1321
686
8296
6776
9896
2584
5900
7453
3359
7115
5324
2888
930
6532
7543
6668
5025
9710
1618
95
9847
4245
613
8471
2223
4065
3387
6688
4367
2804
8091
7141
1573
1529
6387
4275
6161
7682
89
6424
676
1986
4933
2598
8310
3428
6223
8231
1436
3067
8327
4485
8500
3643
4952
1823
1261
751
6318
2154
5174
6658
288
1603
7759
9535
4584
7935
5290
9323
8415
6993
5486
4140
4969
6257
5381
4940
2982
2923
4484
2862
3904
929
6018
7877
3228
2740
8173
1671
9035
3816
237
3398
430
7868
8441
949
3188
1383
1676
9525
6855
6688
105
6475
928
1953
9564
1250
6210
1846
1210
122
7863
359
7475
8605
3826
8489
8639
1406
567
9307
4456
5361
353
870
3361
6966
5717
3819
6906
4218
1999
4667
5677
2013
6868
9773
9556
2767
596
2599
2107
5415
7922
2854
9097
9990
3788
1626
3893
5938
772
9482
120
4579
8702
3867
4250
4822
4958
4828
3285
8102
6817
5055
9678
4388
4607
3134
7116
9062
2257
9858
7371
7171
1396
5174
1169
5466
1592
1757
4388
3247
7783
6702
2479
9736
8768
93
966
6499
9707
3942
9464
3121
6477
1215
3822
5719
9264
6395
7250
6816
6107
9856
6751
5907
3293
461
3423
1659
6716
1782
8602
4521
2761
3405
6419
2684
6257
2542
5047
7068
7476
9858
9589
9108
5939
4458
6067
3163
4877
6573
4682
7932
2039
8014
8581
1172
7161
4201
5487
2848
573
4853
3956
3103
7722
7939
7560
6851
5534
3089
8610
7784
1578
5233
4598
8558
4061
8427
4761
9239
5738
6991
1187
5590
659
7763
9243
718
1121
443
6259
174
7197
2940
4671
2949
6512
821
4900
3843
8219
3719
4353
1443
2217
9831
4013
5154
7892
1074
1060
4947
1444
7248
6037
5688
9652
6492
6195
7190
3445
9133
7412
7831
9966
8355
1826
6625
7823
1850
5323
5900
2464
5721
8800
8487
8976
3450
6245
3721
2947
375
2493
293
982
2488
3602
4751
7086
4312
3044
7548
6676
7140
6117
1558
674
5341
5200
4608
4507
1964
8383
3138
5637
144
7209
163
7380
2597
7417
5519
6097
1199
9027
5460
3885
9017
533
211
4873
4510
5824
2365
1730
2903
2199
3663
4823
1246
9747
3838
4215
8234
5902
822
3468
2416
4662
4101
6526
5659
7505
2424
7330
716
671
4837
3321
7720
9430
9691
1834
1109
2506
1877
5485
8953
9436
8327
4139
4578
7513
6458
941
6926
1430
3363
8124
7709
5173
622
9201
1085
2622
7932
7239
3550
2485
9699
8351
7239
9943
9188
3918
7974
2888
7415
5468
1506
5748
9598
7808
9333
1300
233
7259
1349
5821
5948
3436
3781
6007
6806
7023
2103
278
7496
2989
6293
5654
3850
2632
5899
615
9341
4419
8967
621
6395
6931
8226
5973
1464
6564
9608
3208
8220
491
9149
1088
1772
4152
7004
2254
494
6758
3034
1922
3056
7609
202
2092
3455
8133
2212
5802
8016
842
9864
707
9972
3573
9486
1413
9132
2520
1456
1548
2291
7175
7829
5489
4845
1865
2465
1913
4315
9590
5557
7748
7579
8976
1629
1797
5953
2067
4769
5554
6311
4128
2786
3020
9041
5429
4449
7443
6087
1357
4662
7523
5478
9471
9055
2676
7735
7388
2140
6929
506
6901
4216
7807
474
9107
989
5059
7993
220
2099
3663
18
6564
5701
2967
8706
8734
268
7508
5231
3849
7632
52
3509
6768
7241
5737
8600
6404
1629
8005
698
3694
5781
4484
4016
1585
2101
633
6396
6694
3126
2871
2659
4193
7073
7207
7442
2245
9942
895
3520
2457
3438
6197
336
6354
5538
9490
5413
3988
4054
4499
391
178
1516
1663
7902
3616
6926
1423
296
3748
6047
2927
1713
5614
5232
3674
7774
2318
7906
6294
7364
6069
8828
3292
5303
903
3898
1296
2024
3003
2658
9910
8533
956
2697
557
9668
4283
3792
706
2087
701
4566
7783
5642
4489
6192
7999
4540
6758
1264
4137
129
6577
8108
4654
860
1173
6761
3391
2397
5182
6870
4026
9440
1591
6024
7146
1033
5053
497
2301
146
7396
9438
6589
94
32
5048
4789
5204
8890
9430
2833
921
663
6302
330
3489
922
3626
5000
8609
4893
833
7000
3535
6997
3666
5111
5244
5099
7248
1134
3707
1834
9619
9015
5768
9647
5727
8508
7115
7716
5903
8394
1869
5016
6963
7331
3610
6687
9507
4782
7282
8474
7261
5246
8336
8029
4310
7438
2958
2400
8434
6829
4867
2690
855
9675
9839
3816
6783
8588
5094
1930
2829
4928
3227
7481
4284
7121
222
9397
8657
7927
1268
4441
83
1536
5971
2639
1887
3346
1700
9395
1135
9928
2208
1264
1603
670
7697
7777
5045
6975
9184
3401
4850
4058
9552
3328
7000
7016
828
1049
7175
780
6706
6456
8147
9673
596
9835
729
2372
6223
6774
7179
5313
6948
3396
239
6355
3996
3359
3110
279
7218
6904
8871
4563
8513
8726
4692
4155
5551
5088
3234
8492
3583
3264
2058
7181
6659
7962
2867
9048
8431
4298
4022
6815
2081
9112
4142
9254
2642
1482
3646
9223
5372
740
8998
8456
8144
4308
2469
5114
4030
988
7976
3577
1205
6582
6486
2924
4217
5230
6578
4328
2367
9028
4965
6184
9641
5961
362
9883
3656
6052
3400
6345
7647
2937
7077
9788
4217
5259
9489
2311
2295
8798
2221
3370
2647
4077
3330
9483
4721
8501
5294
5508
1361
1279
4211
3351
2344
1063
4275
9703
7351
3264
8612
6408
2378
647
5247
692
8855
5165
3816
1053
4558
6279
8533
3626
9670
3853
6162
9630
9139
457
3768
1443
2801
2041
2321
8787
7609
8869
7326
3941
7327
3933
6246
219
2713
8251
8134
2666
7499
6068
2870
3199
4030
6285
6483
9062
2329
7661
3014
2875
58
2655
6848
1991
1042
8745
336
122
8558
759
4812
4323
3259
3958
2743
4047
9048
9048
9565
5879
9898
4808
9339
9692
5219
6054
5786
762
7966
2874
988
9548
1586
5839
7304
2487
9107
7688
7134
436
1946
6737
928
5673
548
2338
1465
6582
6635
2
1838
3869
3353
2583
7490
431
6890
5548
4127
1146
913
8415
6063
3861
1356
1170
6013
4967
8980
4357
7602
3947
494
8571
5413
3476
3720
572
9564
39
892
8481
3206
5757
5540
79
7249
2749
6169
2336
7357
1875
4269
1356
6589
4980
409
4271
6975
7892
1123
2902
6858
9597
1718
6059
3676
4878
7808
9841
4140
7125
2059
1541
3119
6344
7991
1794
1507
9499
969
4231
7990
6910
940
5789
2580
4244
1551
2137
5441
5337
8244
897
8724
3039
8758
6766
6872
2149
2347
1622
7900
9360
3677
2523
2081
9002
6008
7914
7142
2399
8562
96
9643
3819
2691
3216
9555
4591
3069
8073
1061
5735
1283
958
40
5219
9931
4282
1086
8880
6116
4432
1368
6865
6415
5019
3105
5273
5662
362
1918
3338
4751
1100
953
8758
602
9503
3976
5766
5366
5147
5165
7419
8360
223
5654
2156
5795
1148
7190
2207
6530
6489
1922
9123
7282
9678
8383
4005
8713
3237
8559
704
8685
2027
663
3412
1886
9420
5521
8478
8917
9997
161
829
4061
4472
1168
4523
6290
1370
22
374
5874
6799
1691
8371
2682
1121
5536
4284
3801
2304
7990
938
315
663
2881
5554
2691
5322
3752
2109
7587
8390
7313
5177
8386
2607
7778
4113
6837
7886
4388
7789
9467
6676
197
7257
6022
2214
128
3389
250
7871
4286
9118
1846
4414
60
676
7185
9869
3037
4294
332
3796
8412
2916
4788
49
4187
1576
6892
9035
7687
4012
5177
5098
194
7279
281
7646
8483
4107
6249
7207
9464
852
4436
8265
7349
2921
6553
8190
7968
2728
2969
6189
3760
310
3383
3027
6813
8002
1979
3333
2638
8806
6022
5215
3696
3132
6299
7216
6831
1663
9202
9496
7425
3168
5310
4980
6563
207
5099
6853
5423
1976
9984
6126
8360
8877
3645
2125
6103
9771
1069
899
9452
1582
1947
6155
9255
7070
2682
9400
5238
3653
3547
5584
9709
9363
6761
5420
2231
7986
300
4450
1951
3261
2142
3870
290
4803
4459
215
4332
3776
4332
9900
3439
2901
1817
5944
2280
5826
4741
6085
1672
1011
7044
8497
946
7205
2659
1341
2582
2593
488
2094
6648
6257
4782
3933
1840
1642
1003
2943
2776
6630
2739
453
686
5885
277
159
4320
965
7379
2910
1443
3669
1186
7009
199
8627
9023
7707
1593
7494
483
6864
7090
5099
277
6657
3635
3094
9568
2203
9190
1619
8220
9795
623
6247
2078
5224
6443
6287
899
3791
413
6666
5270
9018
8642
4984
2366
7947
6349
8423
3958
2366
3687
1422
5831
9502
2512
9650
7405
4941
818
1705
4212
1191
4206
2808
5830
5203
4111
2757
6967
1507
5984
9266
4805
7872
4364
9726
4307
3706
3943
9933
9051
9568
2434
712
1255
1247
1567
1979
578
427
2673
9725
5824
8896
7579
4161
9574
9558
6770
7127
3881
7057
5884
5709
2050
1968
3652
1464
5809
3418
3809
7949
4763
4506
2767
6771
4487
3156
6940
1340
1645
1419
1318
4270
748
8590
8496
3000
3368
4047
2389
6792
1628
468
4717
5141
4334
796
6181
4979
5397
8463
2557
5343
2687
810
6850
135
6870
5996
5222
126
6912
3615
7023
5836
5172
3567
5667
7873
7296
5303
1200
8649
1136
740
5904
8814
6679
3461
4876
7031
8526
7826
3501
9647
4224
593
3991
6788
24
7087
9323
7625
5149
7230
8390
7356
7458
2525
4480
8539
2229
5103
6823
125
9361
8461
2627
5357
8953
7496
6274
549
8672
7458
6050
5665
4279
9185
4813
9592
4379
9067
907
5390
5014
8747
4515
6949
6537
965
7638
357
1918
1297
4116
4552
1542
2737
9790
8604
1512
5160
9882
8099
5186
3229
2819
197
3930
270
978
9072
61
7848
2178
7986
9384
6165
2331
8811
419
5704
3580
5713
570
1686
3675
2079
7200
9785
5125
6998
6833
7510
4936
2295
8878
1731
6304
8730
3757
1967
9415
9149
4600
8261
7547
4508
9174
3475
1144
4323
7887
8795
320
4935
604
5229
4448
8978
248
6605
307
1408
5341
7120
1607
4
443
7491
6690
6837
3408
1455
5725
4853
6229
7591
2216
2066
8282
8539
8826
442
5375
7874
9848
9939
9880
5692
2332
4978
1871
2486
4847
1709
2631
6492
568
7524
1124
1912
7723
6534
9310
1784
900
6540
4622
939
6887
5762
1886
4216
5269
4756
2376
4429
5594
9190
4783
5999
3459
6588
4844
4255
9143
9155
8495
6072
2866
5920
6836
1168
7584
855
4450
3859
5109
7972
8568
4781
1797
1742
2159
3490
9744
6204
3333
8324
3403
9041
4994
7138
4720
767
1903
1007
4718
7891
1103
1860
9229
2245
4996
2942
1606
7033
2914
9597
7161
9975
6892
8304
6897
7549
1277
3368
5181
3987
6804
5629
6871
5283
629
8433
2937
3983
100
7795
4278
6799
9767
4542
7604
3840
9905
9210
7910
8216
9459
4393
5018
1991
7715
457
5075
3656
4976
5000
7595
987
5223
9968
6788
7962
3751
8312
935
1573
4826
7046
5670
6437
6314
5014
4219
4934
9933
564
2075
4225
7193
6742
656
6687
7855
6375
6518
7334
1780
8698
706
7467
6638
3163
8923
7934
9976
9721
6029
131
5924
2273
896
420
5934
4389
302
8353
3261
2624
421
3427
1572
8312
6146
1334
1142
5823
8344
8121
7578
2432
3625
2852
3346
8495
3665
19
8896
7359
5438
8993
2514
6459
440
5322
257
3412
9731
5145
1519
3221
7888
624
577
8727
4531
9217
5109
4455
5433
7191
6692
9015
3454
7574
1131
6623
7563
6611
3451
3883
9468
3305
2667
2193
8986
4784
9875
354
9317
9056
5154
7437
9863
2175
6670
2661
8862
6442
3726
9444
454
2191
9084
3267
350
5985
668
1458
3429
2025
292
9780
5242
1938
2156
377
7265
4162
3828
4398
7256
2994
843
121
115
1416
1503
1426
5756
2681
9241
2217
3416
5020
3364
1803
5846
771
3779
6224
6188
681
5280
8748
4329
1730
4214
7183
3452
8430
2870
8870
6598
82
1327
2716
7313
6711
7031
3433
6992
5177
5318
5628
6868
4840
539
6656
7556
1329
5442
511
2347
310
7960
664
9505
357
1996
9064
9953
6252
4986
8380
9011
9781
559
8610
1889
5953
7682
5373
4992
8828
6923
8913
5983
2776
333
3014
5612
2169
7922
5127
2353
528
781
4670
7351
9334
9939
4301
4752
3144
3264
5607
984
8841
6011
2819
768
7115
242
3396
9123
4123
9923
183
7641
7176
4803
7917
7926
5349
4658
5522
4022
1821
6545
436
3182
119
96
9702
4429
3952
696
5524
4183
8079
8663
8884
1296
3149
9512
8879
4047
613
4948
8057
338
526
4022
3459
2378
6640
1866
7981
4746
909
824
9274
2812
5898
1908
8750
9926
8095
8419
1716
2648
2954
2958
3026
8842
5390
7712
6674
7123
1789
1515
3123
5271
2817
5928
675
183
1235
7989
4461
5098
9793
6058
9865
8961
9475
4580
1942
6980
7830
7757
9860
6294
7406
1674
1759
9997
8268
3063
8702
4799
8809
6005
5894
9672
3107
5015
3383
3748
8966
4499
6355
8850
2308
4792
9928
218
7642
8048
4312
931
847
9136
9630
955
2162
1698
4127
5784
6877
4107
995
8969
9564
2978
9350
9741
9466
5149
5875
6648
4434
4452
9332
9967
8015
6270
1447
5398
7970
2649
2549
444
9062
666
1261
578
2286
3514
8089
9008
5419
7415
2679
4492
8180
9931
7002
3717
1211
9490
5480
189
8069
8283
5631
9359
4844
8728
2258
2617
3111
2541
7581
3403
8163
4505
7837
3850
4825
2693
306
4058
8666
1802
4582
7137
6552
3836
243
6455
2713
3925
2570
9830
6270
5425
6484
1648
7296
9915
4083
2095
4678
1199
1336
5526
4320
6158
1754
7691
6016
2970
4239
9320
5556
9056
8015
4156
343
1851
2713
646
6240
5082
383
4774
2046
768
9060
171
4664
2164
3318
5889
6491
1344
7729
5573
780
3294
1933
1464
8543
1376
945
9172
6877
7386
3128
488
9362
3733
9
8134
1964
5327
7451
3784
4941
4390
6124
8943
3938
2795
9559
1064
2455
6846
6097
8931
8321
7209
8280
7303
7282
6554
9056
4980
2742
9765
8631
5055
9280
6212
6837
5764
7663
9336
8541
1346
8069
6227
2607
7487
3416
2431
9782
8475
8755
2942
9009
8604
1662
6841
3938
2745
3925
1570
9726
3816
9287
7138
6905
9343
8614
598
5255
4744
1103
7050
442
4290
958
1316
3920
5941
1830
729
6286
5792
3708
4798
4182
3099
4771
8032
5409
6660
3960
668
3476
5127
8863
6844
6603
228
6214
6135
9537
7284
603
7624
9101
9196
5173
5465
3999
7640
1163
1948
6405
5419
3980
3691
1967
4459
953
3355
2185
7423
3186
5956
2779
6320
1538
8823
8435
9189
2483
9262
5450
7290
4521
6936
3570
2641
2500
9125
443
2888
7166
9115
9081
8225
3172
18
6886
914
8186
814
74
5864
5708
7950
1137
2230
5083
6384
3580
4722
5635
5440
6152
224
5586
2388
1139
6415
5061
5643
9838
3868
9728
752
1535
9113
2840
3077
6352
2703
1240
9814
8057
819
1367
3154
8552
1540
3761
1509
8028
1405
8125
9297
8253
4421
8982
5157
1962
6512
4534
9950
3066
3883
5745
1069
4351
8060
2116
1049
952
9149
2782
1889
150
3444
3211
7938
5713
4313
6099
9019
1352
8477
3606
6322
710
6817
7245
5278
5339
4364
5599
789
8469
6941
4264
453
7195
2764
1378
3819
8506
9688
4136
4067
2770
1183
7888
9179
9446
6758
9514
1313
3385
6876
2905
5100
1024
8988
6242
3616
5856
6028
1695
4158
3745
5137
2140
255
1685
2391
3827
8634
3037
2521
2047
6250
2438
6524
2045
7619
5991
9838
9799
9604
9559
5525
9379
3912
1850
5713
3768
8505
7659
4393
1235
5286
5321
8704
3603
8901
5200
6193
6252
1914
9200
2687
8166
5860
7550
7294
7686
817
1190
7071
7397
6713
8373
3743
6924
7558
1371
7722
5522
5492
7082
1805
9379
3859
3564
9027
8720
1362
5557
1147
8436
7166
8909
8493
1321
5297
513
4219
5776
9299
1753
784
5255
6187
117
1728
6574
9210
3432
6889
1539
4318
3603
9030
5616
5947
9977
5950
7759
5420
2599
2601
825
5915
7346
8129
4303
461
1785
1514
7203
4382
8646
7984
180
4368
255
795
6794
6266
2211
4292
7897
1606
9723
8147
9740
4568
8271
7380
5099
5867
7648
7753
666
8756
6843
1008
5407
6494
8538
2079
9643
1081
8942
2743
8362
3263
3797
8560
7062
6095
8785
4731
7977
4095
89
2460
4287
5490
823
4847
2356
7
6641
3672
6186
2124
3479
6197
3798
7782
8482
1852
3122
7125
4491
1096
287
8540
7995
6977
9609
9121
3457
3135
4324
2159
8633
4454
7149
2475
6061
4478
7809
8184
92
4498
7174
3845
7585
2073
4122
9185
2238
6588
8036
2915
1221
3635
2531
9136
2853
9255
4980
8215
2114
7981
4551
9748
4353
6320
7841
334
6647
9222
9400
8720
3437
9609
899
6971
2992
8678
7699
9781
205
8532
3333
5685
5070
3135
4490
6379
8460
7229
6896
7492
429
97
7931
3071
5870
1807
5425
3167
4008
839
2541
5885
8382
6333
4920
639
6524
3900
8930
657
8897
2443
5494
6446
420
2799
8362
4154
3653
3068
6915
2186
1496
6924
3514
935
4391
4822
6112
6654
3402
95
6520
833
3989
5408
9982
9134
2312
3837
5892
9546
1109
8801
8942
414
3878
1004
9438
6877
9918
7422
847
7744
8990
9312
5901
2611
3278
2606
5538
7228
1177
5803
1932
7232
7498
7951
5793
7782
5179
1883
6227
6594
6538
8771
1596
1195
8434
8678
7671
5747
3466
4604
792
789
3485
47
4029
4232
310
5471
644
1200
7643
4927
4835
8203
7557
4166
3780
7192
4612
6307
9702
3628
9983
8901
6620
3344
856
9843
950
9403
8926
1223
9456
6854
2705
9978
2785
1159
5375
3974
3360
5646
328
8389
1180
4719
646
3018
1803
1608
9160
5695
6977
2692
9447
2581
5176
8886
4663
264
1436
7926
7831
2164
9677
5910
2483
6819
743
3329
1102
6376
4455
0
1825
7763
898
872
8470
9934
7300
6561
8329
1576
991
5530
1565
7465
1951
5396
9408
6444
491
6268
5292
1059
3578
4080
6367
4880
4852
2592
8579
1972
5483
7941
9944
5105
2671
8963
3176
5999
8308
523
822
5550
5388
9703
5115
7763
555
6215
8459
7329
2213
1357
222
2785
1239
3935
1524
8566
1469
4320
4457
2317
2817
7599
1029
5181
6771
8177
4760
3859
5798
7752
8506
1482
9438
1700
5181
4919
561
223
5957
7155
2524
5558
2207
8787
9769
7907
5131
2899
6321
7867
5729
8147
8113
7727
9849
6283
6638
8936
6460
9534
8511
2889
8309
5341
3352
790
6522
8540
7962
9956
7473
4943
4417
2067
6652
9539
5195
5663
575
1283
2179
7864
3912
7629
3758
5163
4869
1060
1813
6429
8041
5399
7585
1049
9373
115
597
7014
8285
4141
5223
200
2504
7931
6221
8393
5257
6012
9602
5253
8050
7107
7647
4324
483
9922
6996
7824
3635
7228
9261
9058
5738
4559
2047
4753
9111
662
5487
2032
7548
2775
6621
5992
9045
488
6885
7142
6395
4814
5022
5460
2499
2810
4673
622
5167
8409
6698
463
9413
2150
8110
9317
3292
8396
8908
8951
3420
1050
3917
852
1020
5692
7423
4059
6747
4401
6370
8929
2099
5313
7363
3798
8402
6032
4997
2968
1227
3143
1472
6594
5248
3065
7522
4311
6130
4846
4127
67
9064
7335
2722
3864
5521
1859
9527
6334
1660
5365
4681
5666
1514
6129
4643
4581
4220
496
4229
8793
6658
4734
8230
5786
1427
4175
7316
9752
1148
4888
657
9932
1113
7376
841
5051
8237
2618
2370
2114
394
5586
6225
4839
8732
9305
4810
5473
7457
2224
9419
3109
7168
3453
1690
6340
3044
2046
8776
516
9614
6787
7872
771
7900
1354
3916
4670
424
7296
1055
6925
7138
7519
6054
4915
2663
9886
4147
8326
9937
2157
9359
8219
4774
4652
3342
9917
1066
351
6030
416
4374
4093
3006
9141
6148
494
692
2287
55
6025
5433
811
3255
2154
2230
2206
4339
7930
231
6291
7820
5123
1414
5268
7738
9796
4864
6075
9550
7182
5631
8266
4006
8740
1089
3790
4870
6830
2089
8478
7196
1297
4476
4297
2388
1461
9683
3681
6128
7124
6321
5859
1596
7319
7852
7532
1088
4731
1350
8617
3896
7144
1868
5942
2715
4196
5899
490
6202
1527
5907
6662
4992
1185
8936
8129
2275
8867
1397
5452
2106
2325
9355
4929
6206
2164
4424
3894
3749
9394
8360
3731
2027
5600
7518
7538
708
4293
4040
1779
7106
1626
4155
4314
5718
4611
4915
5648
6702
5894
5345
8554
3761
4932
52
9089
8148
2871
8839
5009
1311
5518
4977
4389
9734
547
6089
7179
817
6261
3300
9146
7360
6433
2855
1120
3323
3347
4264
6396
7959
2060
6061
4416
6874
5909
6165
3934
7670
2351
8718
8381
5101
1634
91
9083
8690
6836
6794
9543
6351
8822
4861
8651
7103
9842
303
2449
4647
3517
4048
515
6552
652
2995
1709
3955
4130
3457
9050
8044
8464
2936
6899
6390
2411
1173
7705
2667
313
8887
7118
9320
6770
5135
4408
6752
7140
9763
6235
8346
9655
9213
5463
6772
9682
1072
2595
5807
5000
3340
686
384
7223
7267
3281
1405
9222
6551
6038
5737
4086
300
4037
498
3659
8660
8584
1576
2159
8550
6551
362
1554
7908
4129
9074
4278
1367
2081
5517
2862
1077
8533
700
5555
6352
682
7187
8629
745
1435
9738
2670
6691
6747
4337
1403
1469
3981
515
4418
4909
5697
2002
1698
8996
7963
5646
7393
816
4333
9667
5303
1004
1102
4906
1540
3475
3426
7114
3099
3638
6779
3931
7177
924
7695
5251
4330
37
499
2780
9096
747
1361
5135
7404
9194
9943
321
9603
4042
5059
5651
8564
6492
89
6649
9296
744
7776
9319
7362
6733
1737
1102
5602
7763
5230
4962
5472
4670
4486
7312
4941
1477
3034
9228
6584
2067
3960
4328
3417
7878
8856
7945
1858
5857
9000
9217
2504
2539
6010
9611
6805
4303
4994
9224
4690
2627
1278
9323
9384
6500
9569
4070
1953
3253
7760
3299
1307
8849
2704
4904
6004
239
9149
9448
5373
6195
1808
3631
8935
3233
8790
5626
8192
3628
1606
2997
6154
3580
1958
9405
200
2818
1712
2874
3237
7217
7845
1785
815
4865
370
1143
6421
5117
8294
7921
2841
7050
7030
8697
9864
7404
2665
6350
4911
6791
5193
8634
38
6358
2203
4493
4563
8675
2341
9545
8201
8013
4024
1633
8991
3647
8360
1599
1867
2032
5778
9457
6294
7038
6464
857
1524
8734
7281
1111
667
2676
8395
6608
2850
8532
8846
3161
9175
5627
119
1086
1177
3433
5147
288
8311
3823
5283
7102
7394
8838
8284
5569
2044
2711
1168
7606
2707
5174
3429
2006
290
5685
4933
6964
2006
8478
4325
9800
1572
2611
3257
2088
3674
9516
4171
6668
428
7061
5573
4595
740
109
9183
7397
4559
8174
7484
3552
9065
3326
9204
6601
8073
1853
2008
3364
68
3356
3170
1120
2957
5208
2470
1980
2584
4941
7991
4595
686
2103
3765
8040
1052
6842
7331
3891
2826
6394
6739
8071
584
6235
8779
1106
8134
3508
3402
6352
6864
1201
8536
3129
7198
9329
7502
3866
8359
6391
8191
8714
2764
4055
5496
496
1883
4334
6907
5166
3751
1807
7849
7866
7102
3245
3895
3200
4291
2019
6862
2766
5099
539
7935
4942
3471
5669
1905
6771
2358
6459
6014
2409
8760
218
7105
7418
1256
7618
6011
4624
2926
6847
4809
1866
4725
562
4085
730
1638
4441
7130
9854
2204
1824
2837
650
6021
2774
5340
6465
6206
9088
513
6221
7660
4182
3449
3157
9811
3864
8485
9352
533
5945
2268
918
334
93
5951
8491
4468
9676
3758
7304
5261
6580
1453
4561
4233
2880
6555
7715
2955
7486
6544
8447
8610
7685
3544
7173
3201
1260
1737
1109
1733
8386
1028
3334
3647
6910
4896
9023
2
3699
6606
2991
8883
4196
9749
3074
8769
3487
7140
2514
5959
2746
1429
717
7692
4370
1836
6237
3732
2257
1579
1005
8985
6583
6577
5740
38
2014
326
7695
4622
2789
1049
5933
3247
930
2038
6603
366
1449
6282
8478
8465
8174
4107
6383
7840
3336
7849
3901
4735
6137
8897
7550
6082
6821
8171
4047
3033
8538
674
7129
503
1754
570
5383
6584
4244
1057
4434
8891
1397
1376
6185
441
4634
4810
1928
5597
1825
3157
3262
1077
8485
841
5178
5573
1474
8468
8668
6720
9726
21
460
9582
2216
9195
6615
5664
164
8445
1226
6599
2596
3901
4181
852
7115
8949
9866
9705
3260
3908
7309
3868
2104
3629
3950
3714
431
5227
1200
6493
486
1203
6180
1096
2309
9920
4914
8170
9042
6352
447
2866
2835
7419
2853
2934
1708
2789
4318
4860
6830
7774
5289
2050
382
4144
4974
3244
5074
6749
1831
9013
1711
1906
2280
9869
4172
1832
1219
1325
4813
6639
8707
3041
4826
2506
240
4335
8276
2834
5799
1701
7773
8931
4108
8877
3698
5471
7527
5327
1329
2273
781
4300
4622
4446
5434
250
6461
4800
7863
7682
4722
5253
2584
8177
3769
7094
3238
5207
7919
1724
5601
7333
9287
5279
2318
5261
694
2134
1835
2091
3054
2677
367
4773
6580
1630
7461
2661
3234
8085
1579
402
8769
768
1527
7006
6354
9813
8289
6077
3242
7279
7306
2951
3477
7834
2108
3850
4754
8890
7342
7598
3365
2040
9323
6613
1992
164
1822
8320
868
3754
8791
6787
8205
8867
7498
6647
6278
77
309
3524
842
9839
4073
6358
7254
7528
7871
859
6635
7201
2003
9512
5864
5945
3069
7263
747
1244
5881
2234
4260
929
2368
1188
2129
956
2005
9390
2682
6636
5172
4953
5233
9260
1671
4941
2391
4411
3462
3498
9999
9282
9642
5687
724
2631
2680
7774
1540
2221
3767
6030
4710
9763
3263
1553
2544
5946
3625
8876
9435
1454
2681
4180
4169
5887
7067
159
577
7933
1878
6566
4387
1147
3694
8231
5340
5609
2891
8896
7704
5240
9103
7180
1815
7114
2050
1942
4561
7914
5141
8668
2033
8970
9122
8874
5770
504
9470
6209
4831
4638
32
9362
6745
6922
6000
1833
609
2785
5889
7495
1369
5791
7735
7162
153
9118
5530
9249
2454
4103
8061
7458
4616
4891
9211
6483
5733
8023
9827
6954
8952
7831
1325
4795
5864
2524
7548
9086
1384
2248
4217
7846
8513
2183
1589
5682
4780
2241
2100
4872
7554
7994
3997
3050
8137
583
2413
4273
4698
1637
2449
9790
6108
3171
3003
6538
1928
6622
3330
9101
461
2916
145
6022
6916
1447
9056
4601
946
6045
3381
4851
3388
8322
3400
770
5747
6940
5239
5870
3851
7662
332
4613
1514
2174
7925
8154
6349
2988
2132
7715
9012
3483
7703
1106
2729
6821
8287
8232
5751
7210
5884
9237
7728
1992
426
2079
4502
5118
6277
8837
4211
2323
8454
8234
314
7919
6736
4721
3483
6237
3081
7409
3413
650
2307
4376
9209
1932
9769
1570
4927
4502
7453
522
9121
3129
4941
4580
8997
8143
1447
1463
8554
589
1882
3688
5857
254
5112
7180
4719
3909
6167
171
7869
4036
3337
8374
231
9690
4506
6220
3972
5732
1568
1183
3754
9862
9309
5639
7680
2467
1022
9625
7562
812
8316
7167
2772
534
6747
678
1756
8630
7290
6885
4995
6980
330
7014
2299
1505
1322
6657
4991
3973
1995
7926
6827
7646
2743
8847
3999
9485
9786
3731
2715
7544
9666
3169
3657
7641
5058
2308
1839
1628
5213
3571
5839
4859
8994
3586
6436
101
2520
9090
7117
7227
4865
524
2678
5669
3087
5405
290
635
2247
7417
517
1948
6939
3976
8440
1073
9703
7545
9754
1424
6796
9716
4127
9734
9309
3221
3294
2041
9323
6441
3544
8636
5707
2879
7099
9857
5551
1448
1681
5187
4893
5388
4839
4357
3885
1628
4051
1281
914
8053
1263
7787
4991
6337
7240
258
7493
9604
5571
3704
8558
5114
4735
9193
7274
6688
5435
5528
7129
1592
3456
1452
5030
4082
6315
4422
2650
6985
1811
5329
1805
4338
5134
1284
4346
7853
1445
7172
3338
2989
2918
4974
6352
3651
3744
2012
6937
5189
4817
8380
2159
8134
4448
2943
6640
8005
5578
5544
8161
4081
2215
2362
274
276
9905
8367
1714
2204
2829
9478
4954
3650
98
3510
9415
8544
9489
206
2998
2473
3520
4372
8030
5238
9054
9852
772
7556
5112
6261
9484
5856
6595
7571
79
6198
8491
7400
2407
753
6272
3657
7971
1089
820
672
54
2811
423
9679
6764
4846
9501
8244
8583
8813
8054
9244
9156
2236
1614
9124
3624
4597
6215
1305
8935
3261
1721
1347
7641
7651
6970
7146
2727
4284
9066
1224
6083
4662
7715
6978
1573
1918
1575
1666
5400
4046
4910
867
9428
5606
7600
2454
1458
4174
799
1166
1543
4168
3076
4972
399
8179
7734
4885
6551
3057
9278
6051
4405
3628
5307
6760
3321
8563
7404
2447
3576
6650
9812
9455
7937
7944
636
2388
8397
658
4492
5834
7703
6480
5154
6332
2927
6807
1958
9972
14
3603
5802
4138
2185
4795
9374
8111
9531
619
3492
8485
4239
1723
9582
9650
7889
5729
466
4695
9183
2581
7115
5001
3696
3936
4338
3453
4073
1946
3244
1353
640
4451
5714
2833
7548
9108
9268
8536
4777
8659
9259
6862
7150
670
4799
9461
8510
1038
8095
9106
4943
6074
939
3028
5158
5116
5978
3327
7212
5351
7044
2550
7048
9167
6459
2880
3402
3511
6875
8934
4748
6606
3420
2594
4700
7898
90
6777
7573
9796
6644
1275
5600
9956
941
1194
5712
7796
7679
486
3262
8617
3407
9762
5327
65
8233
6019
7521
1583
7309
762
4508
7314
303
2271
9726
2976
1005
2247
681
3044
7480
4445
9043
1755
4090
4168
6036
4899
7865
2415
1434
6994
7348
1112
6773
4460
6401
1174
1920
8141
6225
6596
9265
2156
4970
7401
6851
3672
5449
7796
3356
9733
6542
37
1190
9005
5219
5665
6144
2175
9082
5149
6720
4873
6452
5566
6312
8031
7447
1479
5133
4130
2989
951
9921
5891
4969
1824
7205
3746
8244
8609
6000
2255
4401
5866
1075
8151
7811
4041
5290
4486
8007
3275
6917
7593
8405
4198
5055
1155
3903
8779
7210
8856
3856
7181
8200
6969
9093
5142
9836
6527
4828
244
9595
78
9521
5316
6325
837
3605
3353
2927
1195
9627
9153
6562
8969
7372
4313
3052
5070
3262
4148
1353
5715
8146
6160
6770
7161
3233
2891
4398
8703
5791
361
603
8292
2268
6236
3758
1213
5261
8009
7225
8210
1841
818
2633
2315
4250
4485
7283
4705
3813
1188
295
7108
2572
4334
4771
4038
2753
8538
7762
7396
994
2317
5793
3187
3322
4576
1179
665
2592
7460
3481
6350
8295
8496
588
3354
6165
8776
6646
4889
7444
5385
3611
9996
9240
3202
2566
6325
6658
778
6568
8395
3523
3399
6802
627
1464
224
8855
3409
935
6095
8233
866
9647
7445
8074
9547
6154
8934
9815
2395
7429
2868
7174
7304
4235
9020
7748
1708
8673
5156
8796
6283
2777
1394
6050
9276
7396
8006
7295
9646
9799
8440
114
7317
2397
887
738
3243
9708
4661
1946
3891
3347
5212
7328
227
7744
5754
2717
6701
8734
9412
6068
9664
5794
8607
2094
4030
220
5426
1116
1951
4144
7117
9796
9859
4163
5906
3139
1169
923
5409
8395
2528
7958
3857
8333
150
950
6702
5907
9528
5825
8068
8255
4987
2653
5593
6374
771
2982
6545
2156
7713
3509
3327
1050
6988
9107
8938
7609
5183
8400
2609
4822
4813
5123
3560
1086
9100
167
5353
9420
8573
5877
9998
5409
1039
899
9292
7421
4192
2175
4766
6293
5998
2698
7910
6559
4943
698
9153
9974
2096
2586
3762
9511
9530
4284
8265
6501
928
4054
6421
8352
1556
5643
790
1442
3436
4085
7312
9799
7156
234
9415
6298
1027
6793
2707
2798
2032
6406
386
9219
4563
8471
1011
4208
5959
4855
8416
3329
444
4339
7622
6469
7612
5732
5553
281
4456
5870
839
7266
9188
6342
6600
1002
8744
6645
9744
1834
4020
4559
6812
9966
2266
2626
8133
1098
6484
5375
2004
4382
8966
3550
8899
9966
2106
1647
5337
5173
9781
8317
8778
7468
1246
2366
1628
6592
1237
2139
2914
2605
7610
4538
456
3900
6418
156
1113
7760
3176
8118
1784
2788
9293
7522
5930
2434
1650
4870
261
5357
483
8725
2455
1934
3369
2389
3563
6542
4312
618
4002
2464
62
5055
2737
55
332
1896
9196
9779
6234
8956
4295
7112
1633
937
5938
9929
2422
5817
8062
8564
15
5849
4698
3267
431
4758
1646
1797
8046
1545
9125
8388
3065
4363
2098
3534
9046
7644
6765
8048
8718
778
2509
134
4447
6939
6869
9574
2404
9217
3747
6534
683
1396
1695
6799
2929
346
293
8084
7576
8078
6654
8418
995
1611
774
7160
5654
6330
8565
9435
2073
4753
3492
5478
7443
8216
4276
8425
7019
9270
5647
9883
7291
4112
4311
1946
159
6238
7396
1935
5741
418
4457
1973
6965
406
4295
1652
9040
4889
9262
6713
4425
3712
938
3854
2012
2585
5222
1034
6850
1151
4750
2775
2736
460
5328
2649
5401
8337
1127
8879
4307
7152
5335
7488
1657
4050
1549
9625
8756
1528
5617
1313
2808
5556
3567
3805
667
4051
7976
9273
8315
2063
3414
2484
8570
5267
2218
5992
6122
1450
808
9598
6393
7303
1278
8755
3316
8426
2889
6192
1250
3164
9733
3573
5010
3985
4158
443
6583
2291
5472
4513
7824
1691
9341
3807
1038
1886
4101
8395
5517
7288
7612
9112
8411
4232
4086
2455
1665
5807
473
7611
6998
6784
2349
1992
5819
3809
1227
930
4538
6291
6203
5223
5882
8509
7529
5866
4819
2080
8222
1627
1021
6488
6190
2191
3066
5458
7745
389
829
1119
6580
6218
5330
1579
7940
4388
2955
5242
4198
9430
24
6345
659
1543
4689
7542
5950
3534
4161
5784
3252
9683
2037
6695
3589
7512
4976
201
5186
2776
7859
6964
220
5921
3847
3375
5576
7822
8767
469
4127
3248
9307
2083
1583
2229
4127
2027
9640
369
3388
8893
7982
9152
4299
3039
8757
8877
1476
8170
7242
2001
7239
8128
4227
3029
8629
6252
4451
7756
8254
3559
5054
8655
6880
4453
8847
3928
33
6170
2969
8241
5955
7173
360
6210
4056
9188
7729
1473
4891
5888
901
3682
4054
9406
2263
9294
3000
8367
768
8704
7917
6580
4509
8916
5712
4129
3751
6408
3560
4955
6475
1129
8327
5001
5106
6341
9774
1909
9362
9529
8872
1504
6617
6778
6658
6819
3774
440
8080
5833
2194
844
1982
2527
7352
8343
2274
5944
3541
9741
9767
5595
5965
4380
3356
1198
7312
4634
1677
4571
8978
7361
6947
6597
3205
3189
9976
699
2335
5925
7904
2987
1891
177
1857
1064
1731
8456
7392
2155
3272
591
3700
7757
2882
6830
8166
3070
3146
1559
9250
2695
5274
1364
339
5091
5948
9264
6780
4933
5626
5357
2569
2994
9046
2143
5582
1974
2307
6744
6019
3635
3532
8860
6283
3515
9149
8653
7893
9150
8052
6181
6565
6512
9578
2446
3505
7542
610
7435
8320
229
5167
6595
9433
7964
380
651
9160
9705
6708
9402
3212
4966
9335
3436
4459
6235
3137
1849
8052
6493
1124
7582
3242
7598
250
7630
3488
7972
8275
8554
8085
6849
1336
190
3094
6571
2105
5807
3555
4277
4456
1217
101
5975
669
8695
217
8465
2178
5355
90
1802
76
2425
4605
107
1214
6621
4304
1124
9340
1299
5482
9067
8235
2110
9515
1577
5060
6607
6580
6328
6810
4876
1601
3949
4383
9804
9912
741
4283
8400
8267
8293
9640
3286
3672
2
5885
3054
7699
3817
5020
3267
7175
5847
4794
3283
4304
7915
2808
3626
8852
1722
6135
6070
1192
1720
7764
8201
4956
8494
358
8168
4471
1551
3590
6955
9288
8483
5330
8324
450
6812
8807
2522
3859
5327
8560
8335
4292
3340
9703
3696
5664
3941
4384
6279
9478
6793
7589
9425
3529
6312
8944
6127
9505
3428
6982
9501
9519
1782
8380
393
2595
6197
6273
2597
9956
2528
6968
9135
3327
8464
9848
1500
6200
2285
8257
7430
3007
726
2021
9197
1958
7154
7860
530
2918
30
6412
3183
3154
5393
3607
4479
3384
8499
2463
6025
2539
439
233
3152
2406
1675
5872
1484
1720
1621
2500
7798
3904
2670
4487
7203
9101
4988
7180
8747
1020
7567
9705
2206
2924
4527
8090
5111
2342
9578
4072
4472
1761
6326
8218
4968
9782
5189
4542
7733
1740
5079
320
9961
7430
134
9421
3420
9953
3907
253
2576
2841
1580
6882
2301
4097
8585
5948
7498
5901
5795
6230
3219
7529
6608
9990
472
5862
2785
576
9829
2446
9801
3739
2166
9399
4260
6124
869
2550
6963
303
6637
3442
7263
1615
9941
7277
7028
4311
1698
8722
2708
4106
2404
748
9267
9093
1004
8262
8301
3337
7748
9464
8967
9223
4254
6856
1532
4523
4897
3189
3401
6802
624
5156
5737
3682
5624
2911
8527
9573
4711
3143
5998
3826
5376
9899
1074
9621
3667
4095
3039
691
1049
2371
4307
6466
2698
1535
8287
6109
1614
713
6516
9279
4044
2633
783
9120
6502
4161
8502
9581
3127
4906
3723
7345
9297
4644
1121
2527
5967
1260
4287
9926
9888
1064
819
6196
3919
1323
644
2073
1641
4391
4035
710
8489
724
9006
9270
794
8824
4786
2812
1540
9218
7986
7794
9484
5825
6268
2997
3598
5561
2137
2666
7435
8878
186
3934
1021
5863
6354
3927
6614
1110
3152
4595
4383
9438
11
4121
6884
9526
4047
573
4779
5923
2544
9623
4216
692
8563
6208
2553
369
2936
6572
8545
7318
3924
6825
1488
6668
5176
4358
721
2703
3894
8155
6474
692
7994
8445
6472
4712
3375
6104
3303
2589
6903
7899
9080
8450
6642
2159
1183
5494
7889
8220
5616
1925
57
9297
2372
8928
9564
9359
8980
9321
3265
9096
6179
8191
9806
8231
581
7972
5665
9642
166
1398
5369
4370
8128
4850
9326
4297
7672
6338
1458
7762
6465
9756
7716
6051
6877
9148
5126
2084
2421
2340
3758
5575
2723
2756
6365
3779
2421
224
5360
241
4463
12
481
6909
83
6707
4237
9547
4050
2293
7455
4943
3859
6968
9404
493
8227
6378
16
5267
3089
7279
3780
765
5693
9738
5309
1116
8393
2983
13
3566
8519
6478
5861
9336
2209
3249
5521
9799
8340
487
6134
7348
7224
2098
4737
9671
2620
2479
1755
1521
5116
8299
3890
4203
41
6809
2060
5643
5552
1542
2889
2662
7118
2577
4621
6828
8902
8869
1206
5416
9774
1819
2808
492
5009
594
8975
637
8351
9797
1277
8938
327
7884
6614
9775
4529
7537
5197
1365
6613
6903
9737
1654
9190
916
1216
2049
2110
6650
8354
7846
6513
8682
2964
5686
8249
6853
6205
4172
9912
9946
8228
5146
1214
6357
7870
9763
2741
887
9470
6567
7268
2759
1721
3481
7600
9075
7929
2051
6294
5271
824
5390
7162
3037
458
3455
924
9003
8955
3579
2029
1127
3279
3225
5962
1855
2807
9693
7458
2626
1986
1237
8337
1737
2796
1448
6016
8344
4790
1543
3493
3426
3672
7095
8123
9497
3454
7477
928
9529
496
8678
2434
5528
3445
273
9799
2107
1954
7697
2083
9177
3939
5820
2083
8731
9769
242
546
2489
2829
1577
8781
3776
3932
7909
9581
250
1690
4651
616
7341
5150
7566
7323
9557
2989
2855
5489
6095
9624
9929
2654
5618
4268
6072
3808
8389
4410
5341
2002
3153
8015
6722
2498
1118
2398
3056
3312
2871
2611
8895
7440
3788
8836
9873
8813
6482
4292
31
6045
8441
7479
9725
1532
7593
21
7531
4307
9397
7612
8314
6015
9223
9894
8380
7368
9354
3560
2731
9964
6615
2124
9808
2303
1188
558
2085
2624
5397
2049
4055
4818
9580
9109
6700
6280
4043
6683
7467
9688
746
3074
870
2243
7936
8767
219
1399
1863
4735
6106
540
8922
7370
1784
6903
2261
4141
9718
6319
1214
391
3506
4039
2646
3528
8596
7525
849
1990
8215
1093
3753
8320
8009
5479
103
8259
9399
3242
9899
5698
4590
8649
8853
7632
3514
6791
8594
7884
7618
8647
5741
2379
2271
7648
5401
8512
4229
7463
3383
138
297
9007
8900
807
9147
7817
1412
2250
3857
5081
350
4305
5748
4180
7744
8082
3227
4724
2917
3527
1051
6043
5718
1816
6253
26
4790
6019
9438
780
940
1677
4116
3674
9889
2125
8282
4159
6630
4127
2874
6627
2511
8473
8237
4964
4039
3679
1779
7108
6
7550
7770
9753
7844
3833
6041
9208
838
5234
2919
7643
1852
9705
2959
8441
4320
5225
2472
5481
226
1753
8985
6208
4288
2918
2355
3172
5230
9467
3758
1108
5373
6573
6691
3561
8850
3585
2053
9510
6218
8427
9458
9120
1599
3014
1935
5821
7195
6994
4061
9654
1877
6358
3580
4248
9315
1133
6346
934
2053
1278
4887
9798
2887
4378
2577
6674
557
5277
1660
2380
9458
9101
676
7351
8695
2996
3591
9890
8266
4774
6919
7659
1798
6405
5555
2074
7897
5324
8033
6267
1435
4092
811
4146
7185
3338
867
1062
8517
282
7765
468
8087
4182
4487
6094
2486
6952
8123
2235
2859
2569
1114
6075
6236
9226
5364
6963
1037
9418
1017
4218
3333
3975
6990
518
5433
3844
4642
6929
6572
4947
9254
9838
348
1261
7324
3209
7303
1079
7674
93
3159
3048
5388
6845
3243
8779
315
1405
170
9918
250
3976
6823
3333
2411
8872
1288
1768
4489
5858
8423
4515
9130
7348
9129
3088
653
2614
9441
4530
1880
478
6374
1441
4222
4679
3720
9357
64
4331
4432
6271
5415
9912
1436
1600
4590
1718
2626
8238
2750
9336
7936
9582
378
6202
8106
7698
3245
5664
2937
4229
6853
3062
1092
92
3204
7273
8117
660
2950
165
5824
7890
6715
1732
5637
339
4582
8280
3677
6957
1170
1935
1603
2290
3271
9886
1857
66
2059
7274
6448
8929
5149
6414
3497
9777
7764
4139
8819
6283
572
9124
727
3780
3885
3777
8782
4945
3959
3958
3235
2926
168
8385
462
1910
7879
5280
2705
7618
485
6107
5386
1714
2645
8245
7465
5234
5156
3446
7221
9853
2701
3268
1390
9709
1889
6987
6247
1183
2562
9787
105
603
7096
8189
7494
4077
1619
5366
1022
8653
4369
5077
6401
148
5269
1854
7698
9161
6339
5933
1461
991
9308
8268
3664
8372
2597
1576
4365
5127
5101
9767
8761
5825
1549
1268
8855
9159
5459
3136
9603
8282
2918
5071
3129
7431
6792
9028
6180
6744
1568
8324
3491
1014
9649
899
8679
6514
9396
9793
4744
8436
2304
1208
1053
506
8152
287
1587
589
5404
9514
7123
7197
2210
9214
9956
6470
3504
2240
4827
7575
413
3732
9403
8275
968
8730
9436
7558
9939
6763
3953
4679
2643
2128
2272
947
7385
2872
1675
3875
12
1661
5119
6282
3958
62
9713
8642
5824
7285
8852
7336
6488
9693
5454
3585
3369
5424
7538
5843
1247
7745
4088
52
6788
2883
1607
1844
9635
4204
4142
4027
3025
544
2012
150
771
3209
342
3552
3093
4291
6166
3494
8216
5678
2876
4807
2743
1657
4528
726
3352
9962
2881
6323
5940
564
1780
31
4727
994
5051
2015
4902
9294
457
5626
9829
9798
5046
5395
7262
6420
9789
3763
7593
2927
8673
7070
9025
192
5210
5158
6809
5933
8824
5855
7486
6858
5449
6944
1375
4624
2131
6757
880
7888
1145
2163
9497
5539
8703
9707
6332
1124
6388
9680
9167
7753
9315
4312
5902
9871
7849
8486
8973
6035
7138
8652
3113
7863
5518
3187
4115
811
3093
508
7862
9367
4291
879
8072
4108
3351
1436
8282
6797
7905
8935
6590
9108
1932
6776
1169
4026
7365
2755
4245
3232
9913
8542
6755
3503
8116
684
6227
2410
5741
1759
7878
8125
7932
9508
8136
8124
8918
8804
5566
6364
9498
2481
6063
5331
4239
8224
881
7964
7226
3745
5543
9170
531
3639
9726
8660
299
2835
6969
2057
2661
3077
2215
3122
1124
397
2988
5977
1864
5848
3118
1835
7086
8304
1270
2054
9949
8997
4397
6865
4330
1277
4833
5569
5721
6359
6121
8304
7513
2747
7684
7476
2044
766
4358
8085
2778
8988
9662
5261
1548
1317
494
7827
918
396
3092
193
9511
8206
1089
3080
7255
2327
7041
930
2538
7910
2809
919
967
6313
9922
3794
7747
7985
2338
3898
943
7296
3670
7225
7437
4895
4553
3493
6520
1291
6697
6901
3863
5191
8176
676
8071
5357
9603
1339
4423
2578
2455
604
8886
1612
759
8094
7116
80
4302
9757
6933
8226
978
4837
2773
3587
8873
67
7688
3076
1830
2509
9828
8502
7128
7844
8634
5232
6018
2906
3385
2400
9236
3151
246
6965
1532
6540
1743
9270
8197
3237
6464
5909
6339
9953
1163
5019
3396
5919
8906
1098
8760
403
9212
1738
7221
970
7163
4041
6921
973
8391
9149
2888
1960
8080
6710
9148
8468
7902
2960
7495
5005
3362
1613
5269
2940
7889
5093
7610
2949
3959
6859
4573
3824
2920
4059
4984
1242
8851
831
6835
1682
4352
2419
892
6012
7569
9853
4586
8386
1531
77
4705
1914
7559
5522
4444
597
3372
3245
5740
7572
1545
5402
1815
2336
9525
8193
5678
3490
1417
3053
1539
7224
68
2636
2902
3090
3490
6387
1531
6235
256
2353
6212
1878
7994
3123
8011
6299
2824
5407
352
9207
8816
4636
8725
4980
9803
7568
8108
5590
875
6783
7461
9914
3322
7862
612
8690
144
668
1486
5663
5828
2677
4609
2452
5759
6886
4902
8906
4814
1128
4997
6549
2690
923
2081
7571
6995
5124
4452
9612
4570
2131
5787
9090
4267
6507
2506
7921
4540
6432
5616
4001
2446
525
7860
2562
4564
499
6570
4893
4054
5353
7853
3594
6861
8648
3109
7202
7358
2543
3491
8548
2956
5975
642
3565
2776
8639
2640
5006
6920
9088
1016
4758
7266
4731
8229
9777
2413
3215
5476
6653
3113
661
7522
2381
706
4721
3666
318
1942
3864
7371
2329
9427
165
7261
6992
6680
2560
7679
6614
6981
2286
2430
4654
9383
2168
9998
3539
75
2373
482
3031
2702
2805
2660
108
6085
2103
3607
5572
2391
6023
9449
9374
1021
6457
3040
1053
3424
2313
702
3460
2171
2291
4635
7929
7015
6372
7932
9130
6307
4005
6464
8900
5085
4244
3391
7282
5089
7859
4698
9026
6443
8156
7600
5113
939
6508
8776
3579
8161
8300
2980
4067
6129
3082
7519
789
8475
117
866
980
8115
3111
2341
2583
8644
8462
2715
8460
940
5461
6770
6100
583
6262
8905
8592
924
2905
8349
1706
161
7106
3284
9384
2052
7511
8069
643
646
3855
6184
9235
6590
749
1467
6950
6838
9306
1077
2434
4169
8575
15
9039
9752
8827
3315
819
121
2145
7590
6324
1645
5790
8741
2999
6011
4417
7786
8910
3317
4862
999
6228
5721
7579
6993
376
4032
9186
8028
6539
6557
2165
8462
9490
6498
4671
6693
1781
9912
6703
7809
4949
8366
5859
3766
5950
2464
1960
2230
803
6709
9643
4547
5342
704
1765
2030
1019
6221
4634
2081
6211
3161
8944
743
9635
3857
8340
2894
6493
379
82
1863
3698
6707
1717
7314
1364
797
9591
3884
3666
2926
474
5287
8415
6693
551
9132
5993
6297
9297
8839
3501
3482
9106
1707
5233
3444
9339
6562
9903
3816
1732
9251
2237
7582
8106
1713
7133
1970
6481
4801
5290
6114
9123
7534
8648
6906
581
6855
7727
5990
6743
1107
6837
4436
388
2842
2602
1091
5793
7476
6929
470
439
5605
9069
2079
7955
130
1391
6697
8303
288
5322
2096
8310
9391
9513
9002
8700
1705
7557
9659
1917
8964
6983
7193
8664
7579
3905
8915
5464
5994
3729
928
6189
9960
5029
9143
6816
7088
3418
3218
9127
1379
1290
7713
876
6490
5551
322
581
8963
5258
3757
6632
2073
7877
5212
220
644
5648
4139
9709
740
7558
9709
3251
7071
5451
8671
6194
3281
6802
3135
7344
6957
3215
3089
4631
2313
1696
3714
9803
2521
684
2506
2596
5440
9986
667
986
2461
6469
5014
391
3817
1847
3218
5465
6968
2528
8217
7109
1792
5978
4533
5749
5554
3336
1018
5734
7418
2253
1749
3467
5261
9141
9006
7541
3106
1971
9436
4803
3208
2656
8022
6202
3633
7277
9914
9425
9234
1708
2170
7367
3837
4503
8752
6807
5353
8496
7788
6874
5480
8768
4964
9523
598
8932
6682
2811
3883
3926
6857
4809
3545
1871
2501
4477
8304
464
2412
1055
7225
2862
6017
1619
3283
6392
5463
9968
3507
2623
543
9693
2553
5211
2134
9070
7673
839
8484
7115
3597
4393
2530
7500
1953
68
3466
8934
4167
4846
9005
3998
7453
2745
6906
36
4173
953
9851
5650
1401
614
9250
7539
4599
4978
6496
4033
3738
7220
2198
4226
1116
8929
6572
5468
2934
181
8286
6060
6994
5119
1822
3923
4693
6390
3286
7618
9318
1156
2296
8197
5964
7959
1938
280
6995
2280
8415
6915
1604
9001
6002
3631
4898
6899
3509
7450
5421
9513
2820
3293
7401
9567
7478
6764
3418
2426
2580
1977
5253
7740
8624
5235
189
5536
1431
8872
7894
4974
6573
7542
3773
1158
6151
4397
111
3616
2962
7136
6371
2881
9437
8241
4088
8790
5256
4332
8096
2156
4489
1372
386
1173
4192
7756
8537
409
8943
4099
5688
7941
9612
6626
9836
6022
5588
4007
5830
6039
2913
8916
6063
9837
9753
3196
795
8281
1702
5029
3395
805
976
973
9177
8991
8256
4936
142
8885
6397
2629
2314
3638
1696
7132
8419
2198
5658
4151
4898
3867
9414
6285
3983
7217
9727
2180
8599
5245
5431
6374
8426
8648
3212
5102
2148
452
5026
8466
1322
7489
187
7349
7356
7131
6069
1155
3378
7469
3747
3015
2359
2924
5542
3055
6609
5943
3483
4454
7729
8970
8821
3642
8996
9687
2582
4554
541
955
1876
9766
630
6739
3650
8542
5154
6280
3245
3082
5932
1019
5191
291
8789
7099
4880
3299
4451
9044
479
1241
9962
9515
8470
3725
8181
8776
5645
958
9328
8718
9173
732
830
9384
7739
8794
3912
2536
2813
9787
4296
1435
9174
1326
3447
2667
5124
6572
3352
4462
9841
776
9030
3850
5591
867
8804
4816
3984
7953
8445
2982
1147
2630
5026
3178
2247
6795
3572
4069
2364
9479
2449
6474
3261
743
8043
2686
5578
2688
3977
5819
2875
693
8765
6772
2964
5148
56
5318
6091
7211
2518
7357
1605
2700
5691
4884
4640
3417
618
8044
7216
4287
8197
7950
5282
4212
2408
2925
7582
8241
2172
4370
8599
7178
3233
5187
3205
6749
6866
9538
4137
6708
4221
7140
5513
9239
6659
6442
9107
1238
8222
6331
4923
1491
4708
4297
9939
8883
94
4480
7166
7829
1442
3783
919
4668
6135
5015
4156
940
1547
6356
6842
8351
4423
8284
1134
2248
4125
1693
4836
6154
4270
6781
475
1341
9720
7315
1271
4339
7828
9136
9298
5917
9016
5430
5826
5706
7046
4625
7800
1555
7218
269
3881
1944
6163
620
7192
5849
3050
5063
2304
9531
4415
6818
9572
4839
3353
8433
6014
5188
5375
2895
7519
5470
6063
8508
6957
8439
2305
6581
5702
3402
7523
6495
1161
1884
7085
9264
5711
2215
604
8026
3607
3213
5954
492
6862
649
3335
3304
4835
6455
8995
8065
9498
7059
53
5035
5941
3328
9671
6017
6401
9069
4044
6769
5016
493
5408
5661
7968
5834
8207
1210
5604
3974
3884
3678
7475
5115
9805
1178
3284
3832
2100
8673
9065
1955
1512
8666
432
151
6202
9132
7901
9877
2220
9529
4851
9863
8448
3331
3160
1181
6503
2268
7994
9455
4648
142
6994
8642
4854
2391
4373
3214
5470
8656
6718
2039
9897
9923
5974
9495
3745
2373
8423
5195
7362
819
8446
7822
4156
9720
8477
8397
4369
4577
752
4815
2835
2488
1162
7193
4283
5506
3471
9446
9477
1196
2878
6345
1573
4232
1949
4941
5928
1938
3741
6900
8731
9627
1576
7407
6893
8536
3299
793
7169
1142
5864
474
9171
6702
7548
5659
9782
7794
9715
6138
7822
7293
4945
7775
4148
3499
5239
8052
6912
323
68
8381
9854
3006
85
1885
33
2489
6996
7322
4536
2747
8815
26
4254
9313
8490
8791
829
1827
8121
2179
9093
6394
8608
1632
1723
9496
7841
3621
2921
1412
5578
1714
1351
6917
5354
9830
2059
1295
1323
5517
4270
4375
2596
295
5134
7509
7373
8347
5331
6065
1393
3735
6137
8854
5023
443
8919
9192
9447
3712
8951
9576
4902
8503
3697
8451
7278
437
7126
3991
6488
5086
5513
8131
5827
8118
1008
4383
2423
339
9967
2364
7202
3265
94
3790
8569
1970
8745
4487
5525
4743
1474
1557
1913
3771
1023
2918
475
8203
1413
2105
4172
1075
1861
4925
7995
842
9321
6273
1043
1969
7737
3219
5933
9382
5036
5411
248
7644
1481
7084
7372
6842
2689
9620
8440
9695
279
3221
2595
1401
5624
380
8669
8692
2653
130
2645
8255
5453
2760
7782
9211
1516
7946
6416
7428
9567
9476
6816
8464
9812
9416
1958
5123
4847
6497
8685
1590
7534
5212
5043
1953
2107
9028
4736
692
2336
8851
2194
5073
3694
8166
4525
2406
6140
2330
8194
5225
8221
9854
5431
2247
6963
415
3125
9166
8931
2121
6974
7349
1115
7073
1409
7463
2836
246
3249
6686
8598
4148
3678
8318
1829
9192
5154
6206
5117
9439
3086
1009
7088
7168
9533
1850
5844
2433
5896
5375
6817
8446
8762
51
6793
6597
1275
7583
8842
5948
8616
8862
8805
6293
3227
923
5802
2218
1083
7083
1556
8002
3716
4389
7493
7578
7554
4717
4930
8521
6082
5741
7773
938
9754
6684
7942
7794
4440
4471
8368
6623
6744
7935
6679
5933
5497
3010
6226
5824
2046
6864
2331
8788
3872
6081
8156
8066
9928
3675
9017
5968
9323
8634
44
4386
8262
4867
7142
1057
1682
1147
1938
6754
8262
6460
3882
7906
4186
9097
3489
4520
5235
3676
3587
1682
7955
5000
759
5388
3720
3157
135
8765
4647
5958
5483
977
1753
6824
5048
9603
9898
9974
8999
8131
4369
3865
3539
7996
6934
5761
1310
8760
2183
9864
3536
3937
7223
2815
3515
524
4539
6435
5510
8857
5017
3421
9077
149
5732
1194
126
9290
5781
5952
7829
3266
2968
7632
6121
4625
175
484
1163
5126
634
3091
2840
5637
7786
4291
5853
1308
3426
6037
2457
9862
3184
4139
6441
7661
2220
9793
5067
8781
7770
1063
7706
5615
9587
5882
7429
5334
1819
6615
611
7538
4007
4682
4674
3837
9313
4737
4699
4703
2997
5799
9837
2712
7477
2147
7649
1541
8606
4506
7631
5302
2779
8047
4759
7329
3974
3913
152
2939
2580
7638
9945
1176
5709
5000
7124
3656
2077
7940
3025
2330
2610
2850
4138
7405
6616
1178
7257
180
4198
1960
2488
2466
6535
6618
7474
204
3635
3200
9189
3508
789
123
6225
4086
761
2177
4417
8498
749
6444
9111
2030
6104
2481
156
4914
6453
3799
3104
5735
814
4406
5751
323
3437
5524
6752
2925
7762
4318
4629
5425
5087
473
5455
8743
5678
8515
7318
1882
8375
8245
162
2958
1835
4068
1730
7916
287
5461
7171
8945
6964
4564
6182
7421
6487
5775
7103
8599
3819
4784
7497
4353
3128
720
6336
6993
1649
5268
9232
6731
8207
1508
1264
5535
3044
1229
5148
7707
8495
8469
100
8767
1523
1503
6969
6858
259
4524
4822
8729
7082
1560
5868
7778
653
5751
2584
9831
9389
5003
4383
2453
7231
7500
7597
7683
4671
1243
247
9646
2652
598
5494
7172
258
2336
6401
985
1932
6205
8262
1629
6364
4182
506
2168
7573
5893
1813
5344
5732
5692
8481
528
4858
7063
1221
9134
9431
650
9293
8012
4859
2666
1137
9246
5146
51
1084
6207
8807
3806
2164
379
2069
94
4764
5640
2898
9890
2644
1777
2687
126
7213
1617
5713
2163
4500
1805
8074
745
7899
8741
1833
1195
2589
5439
5539
1439
7999
2831
7903
8872
1202
2498
6227
1971
8252
2087
7577
1843
4583
5286
5148
1144
6831
9660
3705
8884
8199
530
7011
356
69
9013
8529
739
9860
9455
586
641
7065
7471
7713
9199
9022
9798
8116
3903
6300
4660
2926
8042
9701
3194
7566
7395
6603
3535
2537
8384
8439
3931
4578
853
9088
1508
9960
7894
6344
1255
1647
9818
5370
2189
4766
4475
5986
2116
523
1260
7503
5938
2909
8425
8872
7537
5077
201
3918
6674
8512
9534
3052
3075
5224
4945
6503
2392
5531
9833
3906
5489
5873
9269
363
5743
2756
8092
7174
682
3960
8855
291
4825
1845
7373
3082
1881
9864
5789
6949
1303
1215
14
9867
5301
3194
8177
7434
4751
9806
9636
8668
4995
9292
2885
5784
6395
2337
6068
7005
3943
7684
7363
4456
7030
2140
6848
8530
5085
1832
9651
1637
3364
2809
2568
565
8313
9540
7240
9767
4371
6275
5793
6575
4078
4272
9254
2019
2063
8354
9804
2201
5112
6477
2890
5418
1355
457
6174
9646
6048
8554
1687
1167
6010
55
1616
7027
3480
5388
4121
1446
3352
5356
4055
2084
1358
118
9979
9774
6490
9449
6612
6606
7376
2742
367
9250
5404
1211
2995
1091
1273
2345
9414
8588
5435
3486
5803
2841
6587
7370
2284
3858
4233
7498
847
8788
9650
2394
7028
8025
5106
5243
5477
3738
6953
7810
496
3843
7090
9015
1559
9593
3880
5940
9241
5989
3583
5662
2503
6821
1578
3005
5574
3791
8656
965
2242
6824
9099
2888
9926
4820
4236
2658
8582
4945
153
244
8338
7857
1508
1803
6544
9508
7943
6366
1180
6528
2997
7637
1329
1504
1112
9794
980
9626
4080
5310
1774
5926
4693
2124
6838
9250
9020
9480
999
8589
5632
7054
9984
9689
4436
1738
9148
7899
4185
5734
3280
6053
1908
9108
9649
1152
3383
7388
8
1012
7414
9527
7279
1952
8209
2043
3660
2018
4894
8433
5851
5672
127
2189
1626
4727
1376
1729
2478
5326
6323
1676
485
7069
111
6138
9260
1370
3349
1232
5287
5745
9570
2070
4561
9743
2874
8308
9439
7803
9598
2009
339
7790
2969
2891
256
7464
5826
2998
1391
8214
473
1967
7678
1316
2307
3222
4849
2829
587
7882
5425
8878
6127
17
7395
15
8211
3126
6330
6791
475
2087
3588
37
2983
7125
3132
2408
3748
5247
4806
6163
4162
3420
9847
3418
3792
4175
8865
4307
4421
2644
6294
7242
1564
6971
4454
3038
1746
6320
967
3574
6102
2231
8750
8299
2765
6069
1585
9353
6145
5722
3477
4680
3295
5490
3211
6767
9563
3387
7546
41
670
1609
5096
9025
1277
1416
9039
8646
3673
5640
2779
962
3482
2602
984
6605
1389
3178
7042
1223
3633
6518
9104
5524
1999
2341
260
8497
6943
55
3630
6103
7759
5321
9588
4259
3451
4979
159
8568
5631
6776
8866
5284
1011
5148
3652
4599
6162
7977
1462
7256
3124
1572
9744
307
7059
3609
6714
5919
1970
7178
1931
9018
8442
1883
5844
7547
8691
6319
603
8720
6660
5596
4332
1316
9414
3878
9705
5307
1890
9271
8190
176
3571
9279
8428
4196
848
9031
8177
3606
1886
7621
1132
1320
2518
986
9232
4915
6925
7992
7427
58
3197
9666
6550
9016
5576
975
3173
121
6075
7081
3068
2524
227
1551
9313
9432
8629
5266
8024
2012
4398
5605
5581
5200
8058
1301
1357
2974
5837
3747
1733
893
3527
6545
9490
1659
3672
7821
9934
4472
9407
18
1313
8917
9144
6970
9522
6369
396
7419
2411
7550
5156
2191
4768
6692
4044
4074
4164
8237
3498
8689
8562
4017
2709
9964
7815
2099
8290
4147
490
2199
9413
3198
9313
6745
2097
9408
4069
4194
9564
7636
3447
7406
9531
1735
3242
2252
400
6497
872
1254
4475
4193
2472
8420
2902
3738
8878
299
5009
4523
70
8666
3566
1631
2840
4544
3503
9083
7138
3261
8729
9626
7061
1109
5066
3609
6578
7261
6744
1929
3648
3654
9868
5680
8453
6975
3133
6149
6652
6479
1401
1323
8384
366
3555
77
5339
6453
7514
3264
1130
4970
6843
2058
3339
861
5078
2206
806
1050
9495
8274
5579
7968
4401
7787
5757
2199
8102
6409
5849
1861
6323
2826
8339
2619
619
2875
4696
4137
5447
8469
7400
3191
8623
813
1483
8121
2032
6868
4248
7090
6911
2561
5699
9422
6723
2856
6206
2684
5629
5639
4429
3207
7661
9757
1783
2297
8381
7095
1765
2298
7448
8946
313
7189
3387
3622
869
5078
2608
435
6716
3258
4915
435
9793
1218
5504
9557
9661
6312
9940
6593
4175
1615
9389
2814
7885
8833
8612
473
8461
6208
9333
8646
1664
2242
6913
5827
9854
669
7847
371
1823
9828
5527
7970
6614
5638
6650
6192
5071
129
7708
643
4068
862
9049
2745
3160
9404
5642
381
143
186
4895
4422
9248
6447
8959
5067
5243
1352
8145
9476
4039
8475
4100
6248
3895
3194
3725
6587
2135
8767
9373
7034
6460
5034
9723
6149
7172
772
1136
4118
2512
7080
6918
7392
742
1750
5730
6024
1613
1054
9704
106
6589
4051
9781
3431
4096
9165
465
8304
2618
944
6162
429
7290
5437
1441
9200
3176
8853
1240
8352
5888
594
1385
3656
4569
4047
9984
5813
2205
6575
1619
6911
3583
5876
1791
4632
4692
2193
4778
6760
4037
868
5114
3800
7410
7450
729
2338
7297
1928
7149
9740
3300
6254
7268
7879
106
8740
2534
4217
3811
7838
5246
3332
7808
9825
6355
8082
9386
2191
6969
9960
9212
2326
276
9817
7647
3896
4195
9004
6854
3923
797
5867
3868
9689
72
7841
665
8645
3459
5776
6829
3373
9099
3555
475
9707
1521
105
3391
9433
7857
9487
6517
7957
2107
5730
4020
3921
1464
7392
8597
6765
396
4042
5626
7697
5835
5597
723
5306
8233
8056
3906
1198
420
3020
8290
7436
6297
9154
5729
6282
2526
1438
3410
6374
3504
67
1770
2409
6104
4783
5090
9109
9100
9569
5004
8039
4993
8968
5807
6559
9052
5102
7150
3549
2715
1957
3464
2739
1539
3141
8890
6490
6646
71
3442
8636
2046
2607
6053
8848
859
1386
9792
4695
6396
8052
9042
406
7223
3638
2071
1113
9384
8062
9608
9141
4013
7594
7960
4102
9819
9262
2477
821
1438
7910
3973
66
5271
8762
1701
4218
7636
1459
9061
3226
3371
4843
9112
4082
8548
493
2286
6276
8785
3736
8788
9562
6620
6587
7305
850
5232
7921
3336
8261
5674
7853
1957
5851
943
5706
4418
694
3775
5995
9177
9983
4976
223
6753
3986
6237
1184
2962
9696
3512
9234
9731
8428
6322
6858
501
5705
4121
2626
1924
9949
7479
3691
2698
2408
6855
7183
6065
9621
2736
8185
1019
4803
6098
1323
5798
3012
2876
1987
1705
9913
6820
9090
419
203
354
6989
5234
5990
4707
4955
5630
2000
9488
8563
9805
33
9463
7296
4803
4625
9745
1496
5091
8402
565
1875
2669
1989
1041
3473
269
9343
1268
7477
6976
687
6927
8257
871
5091
2903
3108
445
8439
1202
6929
9635
162
4151
9719
3314
4175
8425
6271
9320
420
6876
4260
9564
8500
3556
4975
1270
180
1245
3623
3771
184
9442
2111
3163
5536
4295
783
8053
3442
2022
8271
8359
2960
4080
1395
1888
4720
3685
3063
4344
6407
1689
5780
5937
4822
3172
4496
2975
4403
1374
2713
8980
8393
2106
956
3710
5549
7168
7470
6934
9323
4959
7652
7923
4080
5805
7280
225
6784
7309
763
787
4063
8903
9996
8554
8313
112
4521
7935
2649
9139
7173
5316
3045
8022
4317
8563
5018
2793
9018
8149
3858
1399
1128
3874
8338
2536
9859
4296
5472
6604
1818
598
7329
8602
3305
862
4837
3251
3694
7043
6046
3950
519
6984
4876
2996
6048
2513
9507
3525
7096
3445
7933
9204
1030
904
8378
4313
8357
7855
5892
4132
5487
6617
7956
1389
4117
4483
6072
5868
8112
7644
1255
2683
3563
5326
1362
6919
9389
356
1457
7156
3146
7198
6728
7763
3743
7226
3251
8607
8825
7015
9124
2545
9867
4395
1224
9010
9617
5738
6247
1574
4954
3262
982
9356
4619
2160
2364
9897
1433
7500
1121
9913
2506
2886
9371
3647
556
7874
7861
2412
8020
9812
5285
150
366
1375
7758
7339
7881
7167
7845
3284
5630
5715
3755
1902
8667
644
3504
6355
3384
3229
4693
5863
1412
7998
3797
605
448
3597
2276
1858
2424
6811
241
8120
4889
9189
8805
2199
3461
3025
7239
4368
2434
1155
5496
8276
4477
8344
3417
8221
6949
3833
5346
3367
8563
6768
8947
8158
3170
9887
8731
913
2910
9964
7119
709
9531
8041
7213
6578
2750
8391
6164
6685
8361
1195
4401
3107
3221
6043
3109
8318
8947
933
9872
2736
8466
2558
2935
1215
3302
5931
4749
7413
8309
7981
2811
6214
9092
166
3350
7902
7193
5917
2437
5775
7107
1004
666
5503
2799
2204
5847
3660
9062
5838
7583
1116
1960
29
2743
1262
7554
2396
2138
1738
1111
4584
3791
9508
1205
3904
823
7878
7355
228
8452
2326
3719
6594
6293
1489
560
2753
9385
3141
8813
1008
7238
667
524
3935
3011
1027
7592
8209
8360
9250
814
1307
2887
3630
542
2607
5967
4793
584
2166
8700
9840
5271
5421
6935
5500
5230
1772
5873
8964
9856
6740
733
7620
6925
2216
9780
3589
9105
7331
821
2984
9480
714
8085
5631
9664
1476
6890
7397
6137
8143
8874
1098
9171
402
93
3928
3204
8840
9332
52
1624
4920
5303
9246
4958
8015
6677
7815
7123
8816
872
6369
4460
1089
5500
2260
8455
92
9475
9241
4013
8837
7932
5761
8822
7824
9908
9397
4722
7345
2559
3323
6273
6879
277
1441
4695
3497
5321
2041
5047
6961
9523
9959
1173
5261
1699
9488
4505
3556
9569
1051
2014
1875
3825
9081
7879
791
2910
3775
6692
5478
8244
4319
556
1809
5089
9105
3334
5084
1707
7171
7926
4230
227
5473
8319
570
3111
9039
7207
707
5082
9593
6707
9020
1901
8165
8308
2681
2641
3084
2626
7141
7285
8483
660
6573
4408
7945
8775
7019
1954
4290
2306
1871
4947
3666
3984
530
5541
1316
7490
6102
7988
1972
9416
7897
3481
7661
2902
9738
8629
2753
4380
2541
473
2845
6220
5944
7377
3841
9125
4421
716
5766
5088
4747
5600
6886
2115
6731
422
8429
7817
6322
4067
3284
964
7710
7678
1237
6127
8488
6164
8804
3798
9035
6232
4494
9837
6228
1347
3448
2450
8303
3941
903
8891
1518
2510
7161
6313
4002
5370
4756
4005
6794
1951
9755
9244
1395
7780
5037
3944
1552
1689
6667
55
206
8551
3695
9577
3529
6642
7830
2566
752
8138
202
6736
4773
71
982
1422
1806
1968
78
5988
5010
6964
7967
2433
1180
6901
3227
2520
4500
5057
5816
1297
9734
4972
559
2504
3162
2379
1517
6370
4173
1963
6986
520
1862
8663
6426
4423
6712
2734
4634
3815
9420
3182
5729
8548
7931
5060
7583
9034
2363
3577
923
9906
2068
5066
9525
5246
8951
6776
7927
2664
2775
9292
5457
4496
8798
6394
1032
8574
374
6468
3581
3520
8501
9049
5286
704
2771
3435
7587
8803
1539
9216
1578
2185
1964
2925
9571
8193
9195
508
3843
7622
2439
5713
895
8034
2558
6467
4186
5771
593
447
8962
1966
7563
3631
997
1030
6279
57
216
4541
2959
5165
7840
596
180
7544
8521
6482
4270
85
4750
2107
5816
2461
6715
2963
5181
249
6922
9669
5886
7632
7110
8965
9564
1128
8004
3857
670
2728
6165
4033
2866
6363
3878
2759
5331
5791
7884
5619
823
3214
1188
6864
9074
4946
8806
2092
7054
1474
4807
9670
278
5880
933
3941
7017
3252
5319
5778
1546
3247
3443
6838
5349
9676
9468
5958
2522
3314
6117
761
1594
4016
6108
1810
637
6436
7163
940
4176
9231
4617
609
3520
8977
9758
9538
6554
6561
9110
4207
6386
4414
3759
7071
5170
7288
9534
8009
2417
2326
9567
6515
1826
7985
8926
926
3973
8304
2796
9739
5652
4334
7303
4655
9786
6275
2636
8532
2647
1066
5353
3614
6335
233
9026
508
5855
5361
3933
3080
4241
9972
4306
6448
6053
5677
1155
7963
3731
6778
7534
8558
2565
912
4869
5140
4115
9369
739
3946
7983
5344
3090
8004
5303
9617
1326
7903
1227
9676
3373
7399
4614
5322
122
4669
7817
5709
8040
5498
367
4373
7238
6798
2605
6255
2418
6596
6910
156
1765
6359
304
5877
5583
7862
817
2018
8699
5402
6276
7117
1361
3754
2266
8584
1057
8402
5025
8632
8505
1899
2595
1882
348
7027
8316
2255
1485
7044
2076
442
3075
8417
4551
4886
7009
942
5469
5446
1156
386
3488
4200
5583
73
4797
2645
1861
8427
4775
4259
6426
21
9890
9133
8471
1729
2757
5279
552
5050
6593
1873
4501
5280
6398
3720
2692
3456
6926
9388
5954
5827
6579
2526
5086
8904
3954
6733
388
1880
4260
9891
7920
4001
9020
3039
5814
4410
3844
1960
7780
3055
8302
9408
2451
9723
1848
6516
6718
5092
3513
162
1399
9174
9215
1767
2387
6759
7237
7488
5062
5037
6790
8409
1546
6148
1406
5705
2913
3802
8657
9130
6141
3217
7460
8931
8137
8969
6897
2635
8730
4305
2952
1897
3904
2564
6346
7295
3910
5895
3159
5925
2680
1084
1262
2570
8392
7121
1279
3604
8441
7654
2554
957
5044
1233
9235
7068
9583
3939
7932
8869
5712
2134
1192
7027
2478
2228
5442
2764
1071
2979
2993
1847
3950
837
23
3722
5492
589
2924
3497
1673
2633
8283
8137
9090
3646
764
1241
7646
6439
3660
9126
1601
4455
6373
3996
263
8221
9538
4372
9622
5781
5864
9487
3223
8275
7706
4411
4915
4698
157
9385
4497
7334
8199
4022
1754
8383
5801
6971
6626
7672
6660
4351
3227
7425
8460
2470
8026
267
791
6295
8540
6491
2901
5312
5992
8193
986
7881
3607
6660
4165
1208
4376
9671
5847
8758
9019
9071
9896
640
8274
6890
8998
6992
4284
9212
7311
6746
2426
5249
1115
8426
6934
3946
1292
5328
6073
9746
2316
6861
5364
7152
8149
5596
5924
35
6461
3168
7378
3115
2135
8181
2997
4126
5835
5069
5315
4481
1777
7901
5139
3636
4043
1535
3279
3683
7586
6581
9670
8676
1513
4571
4047
9764
865
887
1473
6527
3104
7352
7389
7278
2444
1496
5080
5124
42
6538
5467
9034
5741
9272
1083
3909
623
1026
7750
7212
2425
3141
3698
6392
7057
8658
8566
6381
5341
6050
6943
1175
4160
6443
351
1250
7046
7574
3395
7126
5958
1982
9859
2250
9970
853
6653
9628
7890
5346
970
8939
2880
6543
2609
8016
3378
1701
5468
4792
857
4365
9945
7590
4541
9022
2370
2661
8973
1022
6817
9807
4151
4662
4269
1588
4791
5988
2760
7737
4178
7399
4095
7011
8439
6259
6599
7822
225
5009
1359
4488
2900
1633
3644
2172
5947
4865
2065
4141
1904
5270
4242
8792
1585
3882
9282
1757
8069
1014
9493
739
4703
2821
7554
2809
3290
9121
600
7574
5984
4882
3189
9939
4343
5850
2678
9651
5609
2481
1621
9742
733
8168
8741
4210
7212
3524
2774
8525
8856
4819
5387
4335
2133
7347
8679
3312
6904
7906
2680
8728
7024
5700
9302
7864
8143
5212
6599
361
4422
3461
4432
3578
7593
3222
2230
3956
3512
5803
5530
4349
2752
7881
9104
8738
6187
5700
6949
3512
9063
348
1722
8635
9343
1224
4587
1878
2732
5621
4864
8621
101
4204
7547
5224
5850
8905
2905
20
5502
7126
6698
8538
4965
1231
5755
5356
53
3600
4377
328
8044
3540
6550
3101
3196
1740
9623
289
1199
8132
1194
8201
1662
4766
564
2673
9922
617
2258
3045
1838
2215
2839
3049
4662
6834
8765
1409
4156
8339
9038
4010
363
2187
2010
9982
7228
4905
1413
8834
8810
7474
7698
2582
3395
8387
5116
1540
2244
575
1623
9392
3617
2252
1780
6056
1902
8567
7094
4094
3625
6645
224
5870
3969
7972
1562
8895
7064
18
8219
862
5997
2150
6019
4517
9946
4440
5027
7961
9748
3280
689
1847
7294
2818
1866
9202
2746
4599
6026
8309
1805
217
7403
1343
9292
4772
750
4564
4171
4460
9670
35
4104
1082
7968
1717
6595
6630
5384
4295
1936
8389
8224
4544
1301
9526
2975
9012
9496
9826
7087
743
7779
1415
4327
3515
6111
4136
6080
1802
1999
7628
3776
3960
9091
4922
905
6558
4914
2626
7644
6129
7760
4270
8979
4188
7028
3748
4523
3952
2663
871
3331
5658
2284
3188
7796
5500
9193
2123
5153
6260
4071
9873
9046
8334
6054
1215
5838
9092
3006
5161
9236
1099
4047
59
5553
4040
9759
7249
7947
931
8325
4605
5004
7149
2200
1211
5251
5379
4437
7931
7980
2916
3427
1746
6522
780
9024
8604
1972
7147
9651
3193
7977
9972
8742
8595
2755
3037
5483
1889
6626
8037
3954
6817
9184
6479
7453
1904
8839
9206
1884
2442
3305
4277
4080
9088
4021
555
8628
884
8955
6282
2380
8575
3603
2861
6390
6174
4367
2647
3205
6111
4208
1342
1429
3768
2925
4612
2177
1478
4295
175
424
6570
8362
3011
5802
2368
5795
9993
3353
9802
8033
9429
742
1538
776
9221
2171
1195
7967
6233
8258
7134
1810
671
2751
9749
931
2554
6272
871
2901
5062
211
1896
8482
2331
7522
9316
2221
9923
6994
7868
2008
4463
2479
1176
4792
9682
8549
4911
8964
9798
2751
4187
23
4725
6717
2378
1855
9412
2327
2576
9464
676
6463
4605
9959
4135
2905
4634
1707
7012
6093
8253
5362
9583
5830
351
5064
1734
5031
267
5908
5469
2879
8140
3260
9918
9553
1315
7481
6397
5860
6784
5496
1886
8383
7620
8448
6485
2242
8068
8337
5574
3966
4843
1184
574
6408
887
3411
3223
2041
7002
2634
4239
7905
4234
679
490
1956
4475
6550
1114
6807
3834
7016
8144
6756
2764
3725
5439
2733
2555
1183
2809
8693
2941
4552
9400
6285
6110
701
7683
1002
4687
3646
487
1982
1281
5535
3794
9274
9614
8672
2814
5915
9110
8763
4151
4783
5593
6300
134
8307
3353
4925
1111
4250
2472
8281
8156
6512
3832
8213
2627
3841
4266
3661
6830
5866
7608
859
9250
395
5551
1024
6430
2317
3763
2224
4836
1256
707
7481
9234
4866
5138
602
7278
7500
706
7538
9965
7019
2734
1124
5221
3815
9204
7537
9022
3472
1902
4469
3994
7660
7993
7421
8128
1430
8455
6058
8641
6941
5931
7396
3578
8172
8431
1670
6062
834
470
9206
9828
5633
6088
3820
579
294
4972
8874
6438
9879
1264
6288
8417
2485
3125
1710
6620
2104
7606
4552
7922
7317
5457
8101
1947
2062
6762
576
6152
7634
8492
1342
68
6978
9008
5982
6972
8712
2698
7074
8797
9763
4651
1734
8809
6196
8138
7381
2921
494
7407
6624
8366
6658
174
3675
2198
365
8278
4880
457
5591
3111
8955
1236
5825
1927
5254
3052
3192
750
1037
9449
1488
9683
8540
1513
6416
7945
8757
7161
9517
5343
3443
6490
468
7724
8303
8702
6454
455
6428
4656
4854
7546
7050
5194
8394
9731
5547
4292
1911
6861
1881
7590
8577
9503
2122
2098
7714
9085
9060
5767
8601
5139
795
1620
8718
765
8322
9091
7667
1160
9292
2457
5014
78
3082
267
1555
3895
8233
4737
7748
8060
2728
7780
6795
9426
5483
4966
1975
3161
9805
2895
9111
4655
6829
1219
3870
2566
1882
5726
5217
6278
435
1737
2841
7963
6150
4965
2506
7662
1127
4667
807
286
8802
4266
7270
9615
6615
2054
9019
4544
722
8901
3630
7932
5560
399
265
2381
9721
3203
159
3507
8363
2154
9598
4782
7205
1104
3856
9655
9860
7276
1535
7253
2856
5773
6299
1071
988
4907
9291
9555
3642
6306
8451
4275
93
8930
7018
4637
8853
3529
7679
173
868
8492
8647
458
6909
2261
2256
2638
5889
3499
4394
625
5560
9914
3914
8873
3751
9379
6560
4526
2165
9813
9446
1531
1058
6418
85
3308
7431
2895
6601
6559
1710
972
5277
885
8474
7973
2150
7430
6159
217
6155
1324
7116
145
7026
5849
9538
7745
4004
7333
2486
4444
3638
1308
9368
9549
8229
4001
2751
9176
199
7657
8221
633
5359
6851
364
1948
5775
7094
2127
2109
4165
5399
8205
3080
5788
2888
4254
1265
206
2209
6598
1057
1382
7936
5124
5178
7599
4312
3075
6286
6255
2487
9955
7109
5447
1180
7627
6649
8660
5663
3470
9632
3669
8100
4799
5798
8776
9105
8702
5299
3028
3774
130
7955
6247
8103
9790
4670
3555
2819
5936
1922
3775
2835
5441
1353
5249
3916
7655
2491
9267
517
3326
3461
7396
1087
9631
4989
2113
3206
4587
2952
2422
4890
9211
1876
6887
4403
4815
3161
3044
9775
8623
5369
3906
2148
5028
7783
3046
179
4661
9157
6138
5293
5433
175
2081
3114
8423
9558
4658
5872
5994
4942
6841
7869
7549
2693
9740
41
1586
3437
8448
6239
6742
6983
5779
3524
8148
6748
3201
2912
7835
7266
2305
9091
3356
582
9916
9851
5247
1516
6496
3796
9244
3402
950
5878
8311
6004
9947
269
7490
4739
5941
7015
5839
8363
3261
4720
8409
8873
7269
7576
7208
5670
8353
2276
1991
1326
7304
3026
1714
7558
4394
4326
6934
3430
6563
5825
9410
8824
1283
5910
582
1379
9731
9093
8837
2214
930
1192
3182
207
2418
2861
5880
6039
7218
1250
7998
2293
9300
7636
4166
1713
9093
4507
872
4389
8048
8375
7388
672
2008
202
2319
6768
9527
4745
2370
1725
5406
1967
2212
6837
4426
2366
4323
9035
3295
2379
7581
2611
6231
3919
6586
1252
3182
9318
5070
487
5421
1304
6285
5709
496
1758
691
3158
2089
2689
9201
3056
1130
3539
5736
9187
807
9920
3883
2132
3899
6023
4532
7111
3410
7509
2113
8180
9946
8439
9176
1139
7601
6209
7551
7201
7168
4486
9411
9991
6555
2922
9840
4222
739
3360
6644
1839
8939
4727
2978
117
3076
5477
8185
6789
1064
1598
5882
8817
1915
2427
329
2902
3580
1689
9088
9038
2345
5832
9319
6004
4249
57
8104
7178
5419
1690
9960
2492
7797
9897
1379
3508
7847
6378
3272
7200
9618
6112
2525
9035
6455
5949
1355
1247
4579
5943
4054
3936
2991
4445
8711
4271
4406
2263
5331
9124
8105
8866
7143
1574
9983
2901
7533
7812
2117
2457
2988
9700
4442
9564
2002
2403
222
9104
6729
1489
9584
8175
7999
173
4735
3230
9478
8308
5307
6402
9521
6515
1900
1573
838
1842
6029
3798
1446
3010
2181
2428
9156
1946
4055
3200
4057
7082
4730
2554
1331
1107
8530
4150
8213
9549
3281
7122
5242
6216
7503
1775
1736
4903
2953
7180
7680
8303
5839
2317
6259
9427
6142
9766
2944
9449
8403
8623
6966
5624
9948
7891
7885
2312
8114
1490
2800
2086
1054
8042
1163
148
1179
6390
2457
1290
8039
9889
6768
7374
6563
5195
3523
615
6335
115
9931
8382
8276
793
3316
8728
121
7914
6531
4830
7622
7871
121
1728
8133
8172
3391
4045
6197
5064
3189
8817
6250
6055
9569
7944
3320
8682
9693
7491
5297
1076
3085
5918
7956
8446
9975
1075
4633
422
6339
9598
2182
495
5374
8258
5218
7399
4137
4912
6413
4800
7357
8528
6738
4276
8224
7339
7229
5268
7483
47
2386
1800
3038
3630
3274
5140
9231
7991
8443
1532
799
4893
3510
540
385
4780
1604
7659
7640
8509
9240
4013
41
9706
7660
4414
8753
1073
3785
8706
8748
9846
2137
2409
5186
6006
9933
3689
981
5248
5024
5640
991
8426
4738
5548
1287
1128
2363
4513
3418
7055
4177
789
7022
7845
8518
4323
667
6466
4524
3409
1530
1227
7197
2158
4366
9847
6709
4160
5854
302
8868
237
9548
1035
6790
8890
6712
2833
7245
8325
4662
4136
3530
8706
704
7668
5605
5129
9751
8731
830
468
3494
7107
6342
7353
8612
4419
9625
1774
9702
904
1744
8821
3329
3662
4708
3759
6426
1290
424
638
7202
3279
3461
5943
465
3399
667
8855
9270
9863
382
7007
5802
7314
494
1395
5003
7476
8973
1525
6821
7689
2555
1290
7677
203
8142
83
2256
6160
6406
2113
1917
1836
1490
1994
5610
7098
8891
9214
2845
3922
4583
694
4412
7222
5016
1935
4941
4935
8677
6049
3774
7063
9623
9941
5993
4772
9955
6671
6853
3902
8592
4008
3724
6520
1643
902
5430
9460
9603
7930
4227
9642
9699
2543
1466
873
3825
6312
4136
5993
9299
4479
7596
1646
2161
7905
6426
8340
7582
4480
4515
304
1039
4990
7474
9738
667
8191
5493
670
436
9782
7507
3466
3691
5077
9923
2505
1987
4942
6024
4529
4052
6958
2070
1767
169
2345
265
2287
4518
18
868
2273
6309
9556
8343
6887
1341
1494
686
153
8891
9555
6297
7367
8165
9498
6850
1755
5722
3886
4841
2854
357
5935
4801
561
8243
784
5014
1332
6904
2567
3206
3157
1839
4480
4110
5256
6097
5007
3359
3774
8762
2680
6486
7360
5722
5670
4543
7478
3321
1510
8823
8556
5799
9791
6241
1123
4077
2413
4871
5506
5525
6988
416
9696
9477
6558
9352
2598
7674
9183
2913
8234
9304
8861
7068
4312
8430
7840
85
1953
6381
8995
6613
4888
8668
134
7750
8579
1391
1976
6088
1230
1482
5060
4375
6358
5554
7126
2374
4931
2119
6656
3839
1440
5302
6132
1071
6827
657
595
4001
499
3185
2149
1338
7457
8030
7916
7901
296
6508
2727
4839
5103
4754
3363
8690
1954
6501
1811
9030
4409
2666
6854
8572
4244
7181
773
5346
6228
334
7295
6702
5763
883
516
3553
1642
905
5993
5314
4695
9241
6468
4999
8044
3175
1717
7865
8090
6740
9812
1061
8451
9080
2973
339
4002
4624
3759
495
1816
1518
8902
6582
5557
7087
5374
9721
2273
8591
417
2470
8423
3733
9156
1915
5464
9694
9366
971
9151
2437
8998
5878
4809
1309
5099
3012
3892
3707
8520
1136
607
2014
1109
3524
373
1976
2983
8908
2207
7143
545
7913
5576
8567
8584
9720
1825
3147
1414
4989
7240
4118
8530
6403
5520
4432
3702
8714
5023
7404
4830
3690
5223
9275
2538
2785
1848
161
7749
4413
4403
2219
2857
4059
6328
788
4498
3947
4023
1336
4668
3891
3212
3717
6418
2443
9582
1743
5807
9567
11
9965
9362
687
4638
1130
2703
513
7547
7848
4449
7667
3820
1807
4145
4803
4686
5529
9436
8030
1131
9396
7908
2729
6325
5474
3456
6088
6053
9398
2593
6086
7664
6458
6883
2059
9121
2108
6213
4937
7988
7359
5650
2928
3846
2852
1824
6829
292
2839
2477
9952
4176
2564
4391
8450
3087
7426
2653
6576
5718
7734
8884
7053
9957
3822
9465
809
5164
6911
9346
6376
5119
1879
1192
3838
8130
9271
1136
1011
7916
7200
984
8129
2393
7296
4164
735
8609
8419
2180
7695
8147
9693
7879
5151
9518
9715
6893
4472
3512
2186
5530
2984
8288
3250
246
809
8281
2317
1542
7319
8027
4049
9036
4578
1395
3930
4245
5362
6776
8667
3785
9211
8343
7992
6384
3023
2254
9298
5322
2012
1337
3199
9648
7885
5257
7978
1119
1611
2111
4291
4165
7731
7348
810
1602
8317
8757
3419
9996
6358
3883
8842
5706
6444
6476
9045
2935
3901
3187
338
174
316
9364
9996
5902
1302
3233
2105
292
9573
8626
4107
7656
6888
7542
9413
8811
7768
1945
6594
8539
9884
6524
856
9344
299
5966
5646
4227
5774
2594
3365
9403
8368
8911
2083
7241
6585
40
2418
5692
618
2672
618
2569
4719
5422
4401
4628
7122
1008
2798
9817
3104
2184
6226
4868
1
9999
8252
1116
3675
6275
4390
134
7768
708
3280
7342
1067
5464
3322
9662
7661
3553
422
2680
6573
6216
2217
5941
82
9410
7631
5782
772
3280
8052
3249
3982
4133
4261
3669
1618
4285
3573
2732
5329
2997
9176
5142
3529
2124
3836
9439
174
6633
8594
9095
8321
7261
2085
4908
5684
868
4192
4710
5889
9849
9696
8923
5995
6655
5792
3044
2233
2980
3781
1835
8246
1521
8892
3411
9878
1098
3078
9670
6732
1376
8934
5145
2642
9312
7060
9606
3369
9291
9770
7181
5062
5471
2868
9589
960
4708
4540
6709
5738
5101
2893
5627
1403
797
6543
258
728
6903
5991
1494
970
2414
38
5290
8203
6826
4198
9625
3275
3310
5236
933
3120
4163
5725
5852
9434
6880
2304
4415
3375
340
4424
2264
6011
8477
6995
1526
3365
3785
2285
3820
8506
5314
7764
9647
6279
4220
9974
2486
4503
3884
5387
3997
1349
7316
4384
6437
2638
9319
1684
7859
1245
4015
8208
6790
2967
9170
120
8553
2942
6785
5639
4878
5920
3278
6253
3893
7543
5728
5813
3836
6683
3873
4464
4290
869
305
7517
4339
7221
7954
9531
4236
6033
701
4934
1830
1343
4186
4710
4034
1070
622
422
5152
7686
3715
9357
9379
5360
7954
536
7205
5109
3681
6637
8628
1428
6863
6121
8180
617
7962
6694
1250
2500
5938
2746
1396
922
5217
2179
549
8300
510
7345
5460
3511
7765
4516
5537
7731
3399
2070
2940
1205
9941
8125
313
4849
7566
2658
4313
6555
8223
8991
5571
9462
3376
7363
8496
2699
718
2904
9061
8412
2580
7791
2722
7416
2635
1285
7121
2054
8199
2419
872
5177
2968
9452
8302
1628
1164
8577
747
7377
6057
5877
441
6291
5805
657
6143
3943
4167
4373
1118
4627
3482
6641
9305
5797
3105
5100
6071
7775
1912
466
4357
1357
4637
5564
5564
3137
961
4157
2289
7859
1129
3404
7694
8843
8587
6977
4854
9864
12
8049
8674
4552
9729
339
3693
7999
3526
7581
8014
7024
5457
728
8624
9782
6589
3996
1875
3052
7164
3370
8693
1898
1952
5427
3381
7613
1242
4987
8789
8166
3272
448
3781
2351
6398
4028
5942
9168
5314
6588
6992
9801
243
1626
1474
7076
2447
1675
8541
3075
4029
2292
3026
3738
1441
2364
7897
9337
7356
3014
449
8102
1692
1537
9682
1794
2987
9787
1297
3455
1254
6784
3073
9748
5164
5870
237
1090
8879
393
1137
4094
6553
1822
2769
4847
172
4884
7254
7303
7390
4603
8923
124
1704
6866
6579
1061
2853
2042
6235
2231
1
5243
8338
6220
8068
1734
4501
4190
1761
2367
1705
1763
3863
4561
6855
4843
5182
3463
7826
4210
2104
176
9741
8216
9861
8746
3478
6867
6529
6248
3160
7071
789
4164
8616
2617
5040
7503
2484
8102
2213
9007
8359
5401
538
4459
3935
6539
9453
1511
1892
1488
4220
7667
8838
6679
6730
7215
9049
1378
2293
11
5754
9446
3825
3844
6524
2456
5747
9531
5425
4979
1716
6254
9552
1083
3029
6201
7494
4159
1900
7363
9257
3271
6725
7497
7374
7765
6345
3079
1584
3386
1141
1742
882
6185
2272
836
8980
2673
7518
2578
3688
8621
4560
8156
646
3514
2095
6120
474
2793
9247
1360
2035
9486
9345
5635
5685
5830
6108
6981
7304
3499
2340
9676
1867
361
9181
4231
610
6229
8989
5822
3723
6217
3059
1903
3779
7731
5343
6672
7600
6566
475
2960
812
5526
2823
1654
1001
708
3444
2354
6712
2197
7100
2845
7829
1884
6421
416
7048
2453
6659
8053
5073
710
8700
3697
6406
2241
5362
8494
8087
2263
4076
5486
866
1279
3824
1041
3012
7907
1576
2819
7956
5288
7345
7191
4852
5796
5599
7526
1622
9468
6043
4653
633
1526
910
4112
6753
6666
2579
2307
111
3610
6615
5862
5301
8901
2174
8003
2315
1378
41
8205
7464
1815
5699
4797
4200
1353
202
1035
6879
4662
5555
3605
8937
539
7446
7536
5653
2733
1691
6662
8281
3537
2192
2007
8529
4335
3159
3243
6366
3252
8815
8862
5643
8432
1360
8720
5235
5307
6212
7185
6517
4061
3134
7194
3632
8837
4628
1665
7835
9446
6905
9498
257
8411
7934
3639
5551
8345
2655
1274
3498
701
7280
6056
6411
2828
1255
5855
8879
3605
9811
537
8109
3243
5092
7547
307
8325
7432
7412
3681
4032
8544
9171
8919
4558
6275
1888
7380
9347
4652
6038
3211
8846
4934
8824
6172
8705
5954
6597
8326
8964
7373
3844
1768
8516
3469
6906
9313
4385
4999
2201
8155
7898
7747
3185
4154
1482
1712
2681
8475
9173
8617
8375
3370
7280
484
7651
3840
3753
9273
5431
5165
358
8430
4547
1565
1705
5970
4851
9363
3047
5552
6959
7626
5137
9706
5283
815
2111
6829
8263
9097
3135
8884
3344
9012
8628
415
3270
8863
4171
6147
2389
2526
6741
5727
1435
7123
6539
3325
7761
141
39
904
9515
2527
8089
3165
7904
1502
8914
975
1383
260
8875
8772
9762
323
5416
9078
3282
7205
7989
980
7323
7912
9271
9925
6052
3424
5744
5378
8815
8923
121
8658
3266
4696
9280
7823
1899
4309
8848
4999
4307
8239
4948
8675
7996
4066
1025
9459
125
4788
5806
2825
1217
2411
2730
3791
8340
6399
764
9288
4306
3873
6044
8222
3376
4537
2013
6579
1623
7827
878
5300
5024
7290
100
2101
4545
1086
7097
9733
6511
1158
9381
5526
9208
7058
5519
6615
8728
5962
1187
2983
4180
2732
4083
2405
1033
3214
3424
2036
3622
2911
7594
9026
6624
9950
5703
1918
2310
5002
5584
294
6136
5979
7726
9934
6874
3046
8682
2693
4817
9725
5838
7047
9213
2355
3815
6796
2950
3666
6621
8549
5226
8560
8821
2815
266
5083
2146
4663
4758
1521
6679
8172
1895
3638
2202
5549
7639
3021
3656
55
6361
2803
7808
9994
9452
8189
3373
3831
5701
172
8604
3807
5687
8014
8949
4374
8077
2854
9764
8380
7161
3647
1604
4639
2689
1707
8549
1212
8882
8264
3041
5819
2258
3636
7711
2440
2280
5322
8453
7000
6700
6702
1113
6165
9752
819
3158
346
3846
4789
4504
7513
9838
9677
1519
5134
9894
8915
9960
8467
1466
826
3801
7887
9312
7674
5185
7361
2839
5186
1783
6169
92
3992
8899
2270
456
1633
3896
7665
7618
5286
3642
6288
419
2144
2495
6316
7694
3829
3634
2327
7608
5299
8170
5934
4096
8450
2238
7852
5879
7600
4805
1276
8899
7218
3347
2155
2591
4523
637
9164
3082
2571
6270
917
1452
1487
6481
403
2348
7637
9002
756
2022
8275
907
6966
1137
4554
6127
3597
8639
108
9832
9667
8484
8917
8527
1856
1227
7288
3290
9660
8480
989
3053
3856
6747
1853
699
9511
6583
4954
9817
3610
9283
8128
7354
4235
8110
4644
9157
5690
1769
3148
3113
9101
4229
9004
4752
8416
9952
6919
6613
4142
4109
9072
1875
9248
9476
7826
9913
6875
8734
8985
6444
8767
1665
5521
182
4714
1321
2022
6756
2478
8259
9379
1381
268
4463
3739
2848
4099
3932
1682
9553
5507
7771
2878
2349
9913
845
9686
1901
5908
646
3495
1555
3802
8772
8110
6770
969
5467
3961
7655
480
4678
8329
9950
136
6792
5835
5453
5749
1699
809
6650
9593
3448
7038
420
4624
6658
870
3912
7207
2350
4138
8203
787
9832
7637
8942
2293
8179
3984
6121
9720
2811
9283
3894
4586
9601
9685
4697
407
3997
3326
2129
8302
2795
3859
4217
7769
2256
212
1371
3371
6954
7939
9540
4080
7881
5219
3969
9263
6283
3917
4754
1996
951
6697
2314
4733
3159
4320
8431
8147
8473
4715
4140
727
277
2546
9429
7662
85
4302
2011
7676
2669
8858
6835
653
6297
2876
2006
1090
9305
5995
438
5204
469
7729
3143
7607
2395
9254
1471
7071
7948
9027
2107
7244
4923
3587
3220
4921
5233
1436
3461
8466
951
4843
7957
8564
4825
1447
351
2759
195
3857
6449
4403
8663
4331
2813
7897
6346
2679
163
3823
3213
5941
8596
5606
8885
5347
5088
144
17
5056
5934
8664
5365
152
7541
6394
1775
359
6676
3954
6436
9487
1554
8676
5328
9250
3848
5137
7467
1912
1059
1083
53
354
799
9975
231
6596
9465
5906
366
2555
6339
2018
2446
3912
9452
4559
626
1733
2984
9653
7650
3639
4597
6836
2437
3398
1231
5210
127
8949
3539
9886
8005
1003
7268
2293
3794
1597
3012
9546
5059
6312
3980
3962
6038
6783
9552
1609
9491
4060
9127
6974
6349
1191
2411
9994
8660
5221
1534
3894
2382
9711
2015
2062
4095
7964
6998
3334
3858
4556
8782
9904
4697
6618
8983
142
7606
4564
5706
7319
4965
7007
4755
2091
5160
5908
6204
7293
4377
1178
9518
4743
2711
1905
8088
3445
9239
9456
8532
2470
1722
4382
3083
3260
1614
6131
4917
6945
8294
7923
7611
258
4722
4408
24
8297
8653
679
3125
3163
3154
813
3493
9538
4307
756
6130
1575
4408
3323
8447
7901
9975
1458
8719
6134
1291
9182
228
2143
3961
428
6561
2538
4220
4758
433
3726
289
1244
9292
8630
1436
7666
3590
4888
3374
8903
3398
3318
7469
9290
3128
4979
5733
9379
3346
889
2062
5253
2712
297
5189
5621
8059
528
1178
5070
8408
3181
6137
3793
6971
3165
4807
9592
9398
6746
7050
9406
5017
3310
7214
4752
3030
1345
5315
1392
2184
8864
6788
9279
5020
9618
4567
2891
5029
7976
4794
9725
7316
8604
400
6033
2634
2770
1078
2144
7894
3305
6113
4601
3155
4644
6603
2889
7745
7209
9880
8928
2296
5106
9254
6803
1980
1464
7441
5145
256
9554
6958
6836
950
7048
8912
7002
3297
5210
4514
929
1445
2516
9388
1811
2541
6042
5328
9103
1297
5530
3863
1244
7762
5173
397
5364
329
6355
5720
2687
6365
3598
7256
7863
9177
2934
4377
4342
9564
8990
7049
2650
5723
9364
6857
2141
6115
5845
3077
9220
1376
3133
3620
2727
7112
5662
1174
8366
9064
773
4365
7567
9023
942
6921
1781
4165
1967
6977
5872
3312
9497
5221
7511
3940
227
5595
9602
310
4246
9850
2325
1000
7956
2580
3057
8995
9013
7757
3267
9811
5309
4220
3399
7147
7427
184
7421
4549
8001
7351
5938
1446
4902
2974
7370
1760
1682
7860
4615
8314
7033
6453
625
7945
7413
2631
4725
2612
9468
4521
3949
4425
7695
6906
4720
9149
4500
7180
1912
723
5439
8439
9382
7170
3175
2090
2090
4124
7417
9930
8074
3262
5590
3787
9422
4789
8870
1637
6445
5386
7989
467
35
5482
5850
3681
2901
1038
6221
4249
3678
1944
4099
262
2390
6554
7941
7398
3872
391
4103
2312
1386
2149
6937
8899
4454
5594
5840
9392
8359
4409
7351
2942
5642
5751
8925
1492
8082
9652
8133
427
8124
5359
7867
9892
9331
6274
8522
8394
8265
8334
8226
5332
3910
2953
8302
9017
2684
7720
1260
2628
7430
1027
3914
1821
4224
1967
9891
728
4520
5282
8031
2441
9996
2856
9574
1873
4618
9012
7845
3591
7525
4533
4684
4972
6792
7005
1960
4133
1411
6867
1835
2288
2954
151
3465
6670
4551
9305
2155
8391
4482
7162
679
5832
3581
874
5347
548
4985
7900
3407
9420
9976
2345
187
6892
2366
8603
606
4355
8095
1619
7063
1897
1183
9648
9373
5535
9048
3884
8174
6956
3003
4819
915
898
9182
3881
455
8182
9970
7496
5475
5703
9028
24
8629
5101
8317
1784
8066
2562
3014
5982
9714
9501
8249
8806
2031
2816
6121
7398
4579
6516
617
1488
6700
8326
1982
5278
396
6015
4329
5795
5886
3612
9708
2542
4647
2326
1995
9648
7538
8453
7051
789
3999
8914
5909
6585
8627
9405
368
5162
7500
2004
161
5735
8585
5502
9067
2268
629
5478
4071
7334
5659
7047
4254
3500
4178
5095
7947
7775
5546
4499
8370
1864
8014
7609
6611
2632
461
4312
9523
2688
3014
3279
8907
283
3356
1645
5529
5454
9154
4831
414
656
7535
7330
4300
2454
3084
2469
591
7252
9341
7304
3788
6365
4294
8378
1723
5988
8938
8805
6342
7906
6998
1033
2017
6506
8360
1860
6196
4185
5346
5334
3656
576
5404
166
3087
6886
980
3684
121
4109
7185
9314
936
4028
1008
9231
3885
1721
4986
973
9835
6981
986
1031
1756
2842
2294
3653
7616
9383
2524
3591
2071
5764
6582
9227
7682
926
1636
4107
5248
8051
2907
2744
1539
3624
7815
1221
8120
5173
1943
4662
1569
8841
2482
5548
6971
2829
6146
8873
8200
533
900
6525
6503
536
7510
3742
1009
2622
6255
4506
7623
8712
5785
4684
2751
1751
1916
264
9506
4409
7913
3512
7023
6117
2621
9353
720
6893
9586
408
2133
9741
4058
1019
1710
3429
710
3061
3093
4853
7119
9222
6966
3485
7398
8028
1017
1953
917
9294
7313
2800
6547
2925
6441
5722
6586
987
5321
8390
4023
6439
733
5756
7621
5017
7039
9417
2549
5330
4527
1466
1314
8628
6385
223
2007
9642
4923
9519
7389
4175
6294
4690
6534
2812
8809
9537
795
9549
9385
2791
8868
8447
7615
1223
7630
8799
6846
6949
9416
177
6306
7471
4296
8912
8123
38
1275
4175
894
7022
7373
5861
7507
2806
8633
6619
3281
5907
9103
4420
741
5370
5423
3712
4922
6644
9023
8891
6749
6497
5315
2488
601
5897
9214
1522
1239
9639
9595
3666
4042
2608
4956
2954
5358
4833
1466
2631
7338
4804
9514
8460
8480
3675
5439
9761
4181
6556
6910
9883
3854
5835
855
563
2844
9759
983
9702
2563
6835
6620
3617
3306
5528
8292
7697
9419
2340
3212
5966
8198
233
2073
8228
1943
1354
8967
4846
5803
9214
495
6192
3924
8786
4751
3954
9281
6257
392
1018
3818
4348
737
244
1207
9835
3073
1456
9637
1993
2509
1475
140
6084
3392
7823
2558
67
4433
1056
96
5069
2678
235
6963
8940
6886
2476
6641
2727
4098
7745
4573
5664
7125
344
7202
2196
5977
6559
7475
494
8295
5819
5863
2710
5387
2489
7642
6955
3385
9126
2730
6578
928
7996
947
5285
1822
8710
2680
2994
3622
5460
4107
9311
239
3568
9832
9338
4542
5769
5600
2854
8760
2847
4177
6018
4053
5072
6594
7054
2353
7390
7576
8404
5864
8125
7402
1841
9957
8158
608
941
193
268
4479
4699
6943
8169
9112
5346
7060
3026
3417
3227
3023
9524
2493
1662
436
5608
9933
393
8539
4192
6608
7037
8834
5748
1726
7322
58
7239
2495
1635
8301
8382
6823
201
5850
1182
1454
8364
7306
9680
413
7322
2018
935
4581
9328
5025
8351
4964
2365
1443
5879
3473
473
8260
2263
5789
9042
2081
6001
1935
172
1974
2184
6890
4195
5710
2475
7836
7845
8122
8065
9935
1339
5988
707
3587
3404
5652
9508
376
5657
3295
9371
8269
1571
7777
3278
5525
1219
4928
181
5182
2678
8843
1018
7052
5221
6092
4468
7711
6609
6146
8620
7288
7671
4036
7169
4711
2827
7087
5162
2027
4506
6210
6239
2974
6421
5038
3377
3183
8927
7312
940
9692
3376
2239
4695
4375
9568
5365
7056
8619
524
5897
300
6066
9356
5097
8984
458
729
2608
7318
3487
6221
7480
1626
4529
1223
172
7282
1777
4291
7450
9232
9281
1585
4568
1077
754
2470
6428
4926
5169
2539
190
4521
8524
6893
7357
237
6101
670
4308
483
8631
8521
1495
734
4618
3216
7589
2815
1551
7437
6332
1033
8196
5815
2543
9263
5784
4626
6510
2139
3455
8123
7960
7748
5350
3906
2703
133
1529
7895
3089
9100
7115
5427
6509
1532
9359
1503
5551
6744
7638
7717
6678
624
5652
9321
5844
8868
5754
2969
1987
9789
8112
8378
2428
2775
1663
3172
9111
3262
6823
3682
8324
7752
9428
531
6675
7791
4732
9467
2071
8759
6433
4734
8905
5308
6455
2493
9509
4941
579
6113
1658
252
7173
8147
7852
3600
5234
2919
7479
6530
9589
4197
1080
7188
8695
5455
478
8503
5743
7547
7565
3050
3180
3353
3105
1231
1630
522
3599
7338
2049
4767
9444
4706
4306
86
8497
448
8502
3921
7631
5156
7721
4950
2297
5271
7452
9028
1619
3038
4507
9578
2909
853
2825
3521
4148
7427
6893
6440
2963
7416
7084
6825
6956
9308
3809
2609
4801
2089
4462
7736
7596
8382
2685
3106
6958
1240
8110
2565
1548
6629
2876
3083
1666
1714
934
7507
9601
9793
1964
9518
9532
5617
655
823
3571
7149
3748
444
567
6885
9907
2115
4719
9347
7001
5093
9607
9451
769
9657
6140
7162
5870
2164
6785
2464
543
4342
1016
7966
2940
7634
7958
9808
92
6710
5996
3775
7483
1564
8501
1714
2186
2738
5872
5605
2464
9716
1567
5723
114
6866
2200
5369
4903
1365
3825
4415
9642
2987
8664
2766
4133
4702
9615
3216
8062
9805
6757
7668
6098
7120
9206
9825
8757
6528
3970
2339
9220
908
3338
837
8380
3754
9500
3359
4238
5500
6409
20
7204
1495
3991
2466
2407
9705
6329
1613
7895
737
3661
3329
8170
949
2797
6136
266
4660
2422
7441
5843
55
4320
6180
9034
8208
6932
5409
1183
89
923
4843
1414
4069
2542
4246
6967
2752
5629
785
7092
5088
9317
6811
3160
1982
1982
9513
5707
8234
4306
7602
1315
5118
5584
5658
372
7561
4344
759
7805
5824
8701
7318
2631
9306
9344
5448
6096
6698
32
7043
5464
5260
3388
1733
8824
8746
6796
8400
5970
5865
7927
1103
9796
407
5469
2964
9933
6586
8893
243
3208
2582
1020
2009
4469
5618
336
1798
8829
1537
2153
4049
4429
9725
83
2986
8321
5809
6729
7489
1471
8162
6332
3976
1074
9674
7821
9986
5979
2983
9055
7255
3737
8355
3766
1004
6990
5282
5645
8187
4256
643
297
3590
6637
8154
2646
3149
7165
3812
3695
1512
7632
9722
6272
8493
7576
6077
1826
2515
734
1148
1617
9147
817
5653
7099
755
8023
7564
419
5942
325
3500
2297
4137
8156
7730
6251
880
7578
5028
792
5519
483
7900
562
5048
1122
378
2975
2677
9979
3435
9633
8930
9550
5278
6684
8257
7168
9510
966
571
9480
9042
9065
7633
9951
976
4834
7690
1851
1967
9624
422
1692
7173
4605
1597
127
8926
5546
1966
891
1522
367
4050
8119
9576
8671
5610
3775
6271
5857
2069
867
9940
1322
7370
2382
8337
9658
9198
1236
8734
2823
4205
5098
1966
2360
230
8971
5081
7603
2076
1285
796
5174
7558
6257
5939
6772
9908
6215
9566
5254
3821
6709
7498
2226
8911
2817
1436
7941
5304
5018
6359
1677
9367
7610
9794
8507
8609
8971
2256
2543
4064
8203
4761
4392
2525
8663
2344
7436
9792
8282
579
7533
5363
5731
6657
1352
9094
9755
4908
4773
7501
6746
3444
4851
326
4231
1144
9681
4326
4750
5759
304
2503
4282
4406
1568
5103
18
5669
8474
9306
1863
7279
3543
8506
5339
5096
2233
9547
4444
6625
8684
3432
9501
8371
4800
3855
3609
7287
2466
121
2447
3119
3132
5583
5900
1470
1278
3010
9522
5398
685
597
5632
5456
3549
6581
4770
6922
9290
7449
9182
5463
5588
6943
1403
5649
272
1065
6984
7847
3543
8551
6626
3172
1013
6508
6311
9949
4374
4980
8010
5670
3900
1360
1586
3503
378
9998
4776
6472
3568
5187
8258
6700
1317
5881
8874
1266
8106
362
8757
7476
5006
2645
6325
3698
866
5319
3078
1792
9291
4892
1897
7917
2400
3972
4316
7702
4705
7536
2278
8325
2524
4307
7585
3684
5298
396
1969
1317
5796
2764
5059
5501
1971
7051
686
9850
8879
4945
239
3338
2350
2477
9887
5887
5912
7230
7482
3175
4708
9048
5103
5064
9052
5583
8899
8140
1152
7724
2234
2226
7409
2164
783
979
4518
3415
2997
2578
4541
4386
3465
1394
82
5158
7191
6346
9225
3318
3088
1121
5077
8479
4388
6585
1005
5419
4983
693
7444
2384
3328
9928
5921
6584
6710
5789
6909
4386
3026
3799
2779
9964
530
8972
4761
6100
2350
6834
184
2237
2664
8084
7167
9181
975
7855
3473
8905
1851
2355
8519
5291
8137
9793
4156
3838
856
8733
7221
25
123
3383
6821
8673
9951
8079
5167
7977
6152
9365
4131
668
5461
9276
7547
2964
2808
2507
4186
1555
1826
550
6947
579
1384
9904
3216
3423
2952
9241
5007
4511
8929
3736
5888
9947
8128
4076
5386
8899
7700
2809
8442
4567
2415
9554
3421
9132
3114
240
3636
6372
5423
3209
5417
2349
2489
6702
2287
2948
6851
1257
3935
3551
6987
7523
8327
8111
2986
5923
8845
1969
2073
1247
1321
4191
4374
6619
6533
8789
8708
3569
7811
3055
413
7212
3972
194
7188
8414
8439
1704
8052
6330
6809
8576
3668
1558
6944
1430
2239
2452
7248
7243
9081
3529
7451
1607
8661
8160
6727
6415
3827
7050
4612
7192
94
3889
2246
1108
9918
1241
6205
2612
4296
8483
6613
9682
9332
5722
6791
9777
2473
6929
7413
562
3882
3424
3913
3678
3005
9952
1124
1697
9629
4227
8964
3351
6584
1511
2749
9869
7006
1422
829
4102
6412
1442
5622
8633
5005
9960
2058
5148
5551
6609
305
7948
5532
7149
4150
7170
9938
6700
2325
7164
5332
6669
9681
5315
2746
6095
1786
6370
3018
2356
6316
1437
5335
7833
7232
7779
591
3466
7764
8339
9758
5443
47
5982
4267
3292
2942
6561
8443
6432
3229
1624
9068
9824
6591
2274
4037
8725
7453
5057
813
6933
7022
6176
118
4138
9673
9176
3154
1172
4398
1077
5015
1440
7053
9917
1096
9595
6677
4408
7167
754
9938
563
1063
6149
8312
1611
236
7435
858
1079
8345
3025
7261
33
5443
5962
1419
7721
7872
8944
6141
3894
5659
9999
1719
3325
3712
5161
3821
1590
5897
4590
9766
786
9856
1218
90
1896
75
9684
9424
9308
8363
9473
323
5619
567
3143
6570
2850
863
4432
5906
8977
2427
235
1242
3127
5160
7472
9048
3105
3762
5190
9353
6192
6951
7342
5087
2323
3274
9097
7683
3643
5092
3494
2704
4213
723
3823
9659
9863
1214
3974
9414
2245
6397
3208
7324
6591
2282
6106
1774
5590
5075
8072
4453
1767
5606
473
2621
2417
8566
1034
2999
8174
6233
9650
1285
6629
8899
2328
1600
3190
4672
8775
4174
8796
7160
2739
9176
1935
9533
8013
4032
9629
4725
3263
3757
7210
8701
4393
6926
7653
7732
1361
251
8368
8104
2016
7585
9842
8036
316
4782
8590
3237
7516
3905
2270
1892
8707
5514
4009
167
2155
6169
8758
5550
6014
3193
4970
7013
5482
345
8539
1792
2548
6073
6869
7072
2811
3043
5546
3862
5312
8667
1089
6422
7518
349
1265
535
4957
5337
1333
164
5022
2686
4855
1340
9238
3719
2452
8162
2658
2126
4358
327
5677
5026
6394
6032
4290
8141
3437
9257
6463
7749
514
7731
3300
2160
4448
8932
4507
582
3390
8359
2870
4290
7052
7224
1912
9221
6968
505
3533
251
4666
1125
9597
3805
3144
3304
168
4876
107
3343
8236
2929
4357
4017
1364
3590
2665
9061
1695
3448
4006
6048
3450
2999
9490
6449
3901
9680
6685
5163
5032
4240
4583
7532
3814
3323
6403
4415
4861
3294
4633
2643
8485
3406
8760
8038
6430
985
9321
1902
2381
9690
9806
112
5710
1708
9723
6533
55
8998
6590
1649
4633
358
7113
2774
4355
1234
3008
1395
7448
9642
7168
5104
2064
836
185
951
5126
6714
6481
8998
9675
1273
4600
3253
3092
6375
2529
3209
1485
5866
5075
5922
4258
215
312
360
4817
6049
3860
6725
509
5329
6908
2238
6023
8113
515
601
5967
3429
6545
3622
4651
2734
6216
4529
615
3930
4008
1053
3366
9868
1156
9057
5586
9474
6541
6969
2179
9063
7400
3039
8862
6904
5272
8015
5438
8890
2273
990
3680
7928
1318
5182
5825
7732
2976
9025
6123
3918
9564
3339
4172
4982
5420
2312
5204
2770
4648
9790
790
7760
1183
6224
1643
6586
845
7709
6498
9395
2356
1556
5442
8587
842
926
3701
8062
393
2823
4984
6023
270
971
9585
9509
38
6783
7238
4221
1649
5251
9574
4418
3948
9802
5962
608
7761
8910
2786
7505
533
9811
5
3720
7277
4227
963
1626
4193
7807
3987
1948
90
5288
0
3797
7701
9178
8608
7842
8927
2690
3402
3373
6982
914
7590
7581
6825
2806
4238
1530
3406
6882
3804
6369
2409
6261
8707
2608
1178
8763
9997
1142
5742
4820
5951
5568
851
7102
6129
4714
8304
1864
523
4694
7705
6052
6527
1199
7768
4741
8345
2558
7221
4946
5617
5146
6727
4883
3279
5749
4034
9171
6851
5707
5943
4190
271
4283
6509
5071
1457
9254
3023
106
9569
8966
236
6113
4340
2054
4081
6636
1171
9363
2223
5223
6024
6311
2753
9335
885
8371
1728
9256
6885
8963
6344
2186
8217
1625
4102
2658
6836
9642
6321
203
6954
5717
2783
490
594
6849
3488
8084
9907
6311
9569
8466
9887
1291
2438
2134
5414
8113
317
9140
7931
7601
5711
6875
4701
7002
7760
949
4849
9675
8376
8636
7167
2368
7614
8172
4052
1955
7663
5079
6219
9328
4234
4489
4781
3740
6822
7703
8227
5237
9155
9520
954
8168
2085
252
3995
6002
2544
845
6640
2538
5949
1082
6153
4975
7342
5749
4922
499
7469
3371
3544
4538
341
7944
2832
3255
7930
2208
3486
8318
4003
6726
9210
5520
2918
7240
8622
9675
9423
3960
1146
7644
216
8616
6896
6919
9312
4412
1135
4798
716
6844
5734
9567
5948
3934
8371
5129
2286
4807
7655
2393
4869
6624
4517
7990
41
4462
6602
9750
2682
4033
925
3798
1982
5397
5834
5382
5823
5877
4303
9065
3751
5624
6151
2393
1727
1350
555
2892
8121
9225
5635
360
2097
3699
2928
1364
9625
1143
2223
1090
4039
9396
9225
4346
4850
8126
5105
2733
5089
4238
1861
7662
7148
96
7288
2349
4609
7879
5858
7986
3524
8854
698
449
5435
1777
898
6362
4655
1001
7753
7203
5518
8876
987
7177
7956
8708
9205
8625
6237
4679
4985
6701
2100
6366
9479
5059
5918
5432
9488
6285
4066
914
4110
887
1789
6809
7838
3683
9506
2116
224
2556
9406
9874
5191
7976
6933
7129
9145
6331
6799
4717
3748
9606
445
2960
5848
3095
5003
5438
462
6591
8634
3522
7707
2743
5887
8322
2130
1926
3451
7679
2167
5732
8423
1819
730
7336
8455
2734
7835
8783
7040
9298
3097
8234
3672
6524
7330
5130
2590
799
1423
5857
9650
7260
1386
2537
8614
9645
4433
527
5725
9310
7800
4998
3509
2725
8772
5625
6583
5497
3759
254
2140
9223
9336
4214
1774
7963
6551
9029
4684
1896
1894
1439
4024
8641
123
3599
7382
6870
7628
3081
6975
7346
3509
9432
6477
8100
8416
9225
1824
2520
9133
2862
7319
4540
7417
3924
8575
536
5946
4047
2359
8159
9854
1494
6573
4295
1111
1243
7376
767
2847
9698
76
6096
7031
4258
2382
2960
3254
1720
7761
3770
2317
5296
1936
2995
1490
853
767
418
1384
6514
8035
2326
925
4229
5593
9956
4543
3926
5549
1141
6427
9215
6400
9473
1904
4842
2222
1897
5872
6089
8772
3732
260
2745
2806
139
1182
1531
8878
592
7369
7286
2409
8884
2756
6966
6761
3623
3249
7615
1471
8730
1628
942
9171
1044
4257
8777
7444
4327
6934
9454
8230
5262
6775
2076
7945
6449
5072
5762
5098
9483
8137
7884
663
3360
1838
9216
2672
2925
9386
5624
9673
6916
3755
6983
4077
3559
846
5619
9005
3525
7955
725
9661
1658
5883
8017
1236
6290
722
9366
8311
4465
4726
2055
5460
1931
8539
136
5197
9831
8992
1096
402
4772
9050
9462
9224
3194
6620
9405
1922
3956
48
6523
4067
5325
7560
257
4991
8795
6171
1535
1050
2210
1642
6617
1807
3443
2594
272
5103
3420
5213
7346
3409
3152
3962
8191
9386
6459
988
5828
8938
7887
490
3686
8645
4597
8677
2272
7307
8944
9048
6792
5514
6671
7744
1742
5680
2800
7864
4933
9576
443
1571
6822
8439
9796
5622
6344
2203
2457
474
1896
6685
6464
1795
3869
737
7901
9470
4474
747
4255
7606
1355
6153
9916
4075
9302
6262
3493
5814
4068
3222
1012
4517
2246
1360
5927
831
8914
9923
3426
3797
4789
5460
8360
3480
1685
2660
5539
6163
9754
8983
5096
162
6048
9900
7624
4945
9379
6530
8375
4985
2003
8510
4545
1431
2355
9404
4905
7135
1581
6393
539
2896
3302
7120
1578
612
7323
3643
7301
6884
973
6087
7287
2324
8046
192
8573
6132
1289
8709
4120
5918
5762
2757
8597
6807
9871
8709
9853
685
7492
1162
4214
2203
6342
8956
4740
2551
3220
259
7081
8598
9915
2068
2761
152
5485
9486
3677
6115
7100
1954
5887
880
1783
9910
4142
7253
1756
939
572
8360
709
8501
9321
1754
3539
3902
5845
9373
589
7293
5652
7918
8309
5524
4126
8319
6784
4579
219
2432
7892
470
1439
558
6704
622
367
650
8713
7243
9586
5365
9218
640
9038
4156
4422
826
9555
4930
96
3292
7285
7170
6053
9953
7670
5350
8199
455
8844
4550
337
5189
4936
2158
7620
9225
7623
5540
4950
4700
2908
80
6606
3799
3468
5280
6867
1182
6978
4697
2044
3899
2091
4286
8645
7396
3215
4177
7324
1877
5365
4991
7802
9554
5031
6210
9700
1070
5885
6930
461
6034
5466
1063
7952
6593
8604
6643
3044
9582
7006
5575
4189
291
2018
9824
25
8431
853
9453
5346
3065
6255
2948
5675
7341
1052
1825
4859
9809
6549
8890
4821
6493
8610
2607
5075
893
5765
3901
6736
2952
2342
4186
6865
921
6788
8418
2340
3474
4856
3756
5620
8911
1201
9460
9223
8459
3626
8387
8991
2448
5713
4942
2332
8685
820
7815
2478
2832
7346
3494
4149
5582
4644
7341
2943
8998
4475
7721
7512
7829
7240
4462
4487
7550
1357
8332
6449
1637
6065
8453
4339
9560
6999
4565
2204
8727
3355
5775
9443
4971
4425
5560
6864
4263
7143
2757
7670
9377
7118
4931
3289
2567
2521
7988
7558
2958
1546
41
1304
129
4142
5467
5696
3545
4299
8663
4828
5922
8915
4244
3423
6653
2247
5048
8695
4618
7001
7675
4335
4796
3860
1790
6099
8190
7519
9829
9264
6353
9393
9605
5220
6498
8671
4595
1717
6432
8272
4777
1280
3949
8235
4093
8254
2786
6974
2228
5617
3319
9945
4036
3861
2826
2429
3284
2085
7629
1405
8808
212
1132
9999
4354
4011
1321
735
5609
8156
7248
4302
1666
2405
1047
3839
4116
1814
3326
4089
564
3158
3700
6375
4346
516
72
9480
17
4254
8525
2474
3346
2609
1068
143
3266
8695
4516
417
9974
5267
826
9790
6857
8708
1769
8871
1910
448
2857
9897
3355
8732
4180
9530
3017
9102
4666
5576
8685
8024
8872
2540
7638
6764
7391
3693
4322
2678
5376
646
1100
1099
4506
3942
6285
7317
422
7015
6934
1450
1479
1526
4590
8573
56
7278
3972
4354
3242
8393
9888
3660
8343
540
8672
3879
2239
9064
6722
4991
4256
7920
6142
4911
340
1263
6867
885
4514
3462
5645
8616
6700
7193
2593
5486
4875
4740
7267
5367
2597
3534
9644
5025
7236
125
332
5139
7961
3096
3719
9240
3908
1306
3652
4242
3370
8933
2396
6968
5363
9062
5900
8839
7821
6350
1115
321
3686
4283
1149
6992
9740
7010
8174
7375
9552
8905
2121
9454
5932
438
8009
9545
1174
8679
2178
8955
4119
7799
7906
8467
1377
6046
4068
5078
8675
2089
442
3699
493
9741
2334
5804
7597
4773
6870
8568
5722
9303
9691
4865
6357
3664
8266
4326
3830
186
6756
7500
755
8
9936
4278
9403
8918
7252
352
429
4011
6209
4212
8398
1649
2769
8171
5087
3587
5907
7716
3804
6546
4922
2124
8493
9024
878
2097
9817
121
1855
4065
7164
297
447
8914
774
9612
9701
5702
870
3317
2121
7978
6709
5552
1824
4541
1327
8767
4593
8058
1002
2002
1160
2169
3953
1393
8543
3346
1835
4429
4803
5779
3930
4390
930
5329
2379
8771
8880
4985
9538
8875
7913
9599
1428
8975
4069
5241
3927
7714
4075
6061
9173
4011
1200
364
537
1358
3181
8150
7725
6653
77
9475
6147
1206
9683
3599
1307
7093
9109
8657
2449
7626
7189
2867
9808
7499
6707
2158
2751
6334
1291
4368
194
5564
2785
1488
7404
3630
1720
4422
329
4896
3806
6787
2553
6714
7253
5936
1945
2734
5887
4051
6112
7662
7956
1733
7612
3960
9057
8565
6804
1548
4968
6373
7390
8385
253
4234
2732
1569
1285
4085
6167
886
4547
3937
2041
4327
2649
7071
5920
6003
5078
832
5712
333
4300
3325
9703
6283
9780
4214
6876
5439
4291
5384
2913
4418
163
14
5801
2010
7658
9992
7165
483
3551
1938
756
7768
5695
1193
2858
4919
3716
8934
417
3113
8479
2302
2642
6697
5752
4196
5187
4316
9998
1684
4242
4792
355
5286
8924
6885
526
2218
6939
8378
5519
3240
6186
8993
4850
1717
2252
4352
8427
535
176
644
5377
5935
1523
275
1231
4303
6756
3313
7675
3093
774
8943
4604
6082
7018
3117
232
2098
4830
5741
9350
6430
5625
4534
888
5475
6582
2651
574
2977
4391
1291
4894
3138
7503
7568
9438
3723
4900
7887
8884
35
1912
4922
4600
8835
9104
5946
3041
302
4036
5115
2063
1740
4400
7602
3428
7470
5126
2172
4777
6753
8397
5524
9822
1430
1926
8099
7431
5591
9518
3559
1947
5624
6739
4774
835
3366
7953
1910
4477
2882
239
4378
551
9475
2085
4415
6861
9922
9881
9002
6206
9768
9138
9948
3692
8436
741
911
1987
8968
5275
8765
7866
8585
922
6448
6108
8238
1259
1389
9460
1327
6052
3925
695
8506
1711
404
5140
3055
4212
9450
8993
4643
1157
7750
2877
3090
9358
4580
3873
3155
7670
827
9227
5617
3106
1538
4553
209
5276
8313
2683
5871
4098
5183
7312
3752
2277
9647
9817
1497
1139
7060
2704
7742
7371
9076
8932
304
9500
4713
4108
55
2578
4440
4989
6085
8343
8048
2975
8726
5869
9683
3085
9043
6668
8229
1313
1780
2891
1096
8836
4846
4041
1581
5700
5670
1534
9451
3699
1318
2823
7815
8706
1014
3907
4836
5925
6441
6412
5063
6120
205
7589
4501
9254
633
7990
9609
6582
8315
5364
5067
4805
6695
2851
7552
5677
3353
8699
5657
1008
2505
8682
5407
9987
6313
5794
4085
2651
1946
6435
9168
8591
2937
5341
5415
7102
3270
7034
5228
3525
1773
3795
4268
1161
2591
7755
6075
8860
7587
8656
6304
1813
7597
7357
8530
7757
3391
7189
1627
1782
4408
5639
8562
7079
8372
249
9751
9710
9640
7385
1464
4834
2554
4351
9844
6072
150
9039
9985
1038
3260
5136
6060
7211
2533
3889
5072
6683
6515
8074
7652
3444
9642
2765
3484
2952
6935
8261
3859
5639
3869
5300
5932
6328
3539
9331
501
8839
5174
5648
5332
5560
9611
1308
3056
8046
7843
1323
4390
4894
1631
284
7221
7873
2363
8025
4160
6170
717
1796
7961
1156
7019
1056
4187
8488
4299
6273
5969
2176
8087
8810
8301
5704
6817
8463
7575
8134
8005
6862
7397
5640
1188
2941
1332
5274
7111
3952
4733
2242
9779
5894
8625
6761
3704
7400
6342
3339
7041
8843
4219
6094
1517
4744
7135
5066
3033
1693
9211
7355
9054
3477
9789
1006
7791
1207
5922
2283
4638
4480
6616
9867
6569
8092
7820
6055
3851
5507
3413
8414
6232
7825
9079
5599
120
5927
8060
6463
7236
117
5925
4436
683
5318
513
2881
3186
2085
2116
2819
1465
6736
1473
5094
5113
5646
6125
347
5464
461
3611
9779
7167
5299
5093
1609
994
1169
8406
3297
4096
3924
7333
4235
8790
6096
3605
1939
8217
8426
9599
4960
2118
6242
6311
2688
560
3660
9145
8815
9504
4917
2690
689
8252
4322
5520
1848
7770
4578
632
6425
1932
5670
7450
6272
3845
929
5651
8229
6070
6556
3753
7593
8280
2775
7985
7867
4989
3317
5069
2168
8709
56
9827
8381
3626
3376
3622
7825
6431
9203
1641
340
406
1893
4525
4889
6868
1613
7289
9863
7285
9617
8656
7495
738
985
3411
7329
5668
413
9473
4892
1463
1395
8481
888
2977
1384
2162
3346
3629
9493
8563
2205
6001
4518
507
7978
3238
2815
2355
1861
8534
4924
2307
1288
2564
2553
9966
3357
6642
7629
6911
1097
6675
3358
6453
8645
2116
655
4447
8287
7432
2783
108
7839
9615
5001
720
8121
6188
6782
6199
6222
762
8528
9906
9508
4722
3192
3761
4314
6870
1652
8826
3828
290
7155
8460
2379
1088
5766
6255
9000
8853
1069
6407
4431
2810
1330
2572
9157
6398
9799
4271
5024
3513
1413
4417
7450
1775
8781
2659
9181
9114
9104
5948
6219
6820
3668
3287
9266
8186
1189
9042
3181
2235
6885
6160
6543
4762
5765
9640
3086
2589
1155
3357
9760
801
9661
76
7811
9969
7731
6098
5183
7469
5662
9088
3486
2923
6472
760
6937
8973
5819
9893
1873
68
5608
1630
9550
2962
1067
7579
5660
2046
3953
7107
7141
4144
1566
5083
7841
7899
2159
113
917
3711
5202
5442
8403
803
9789
5700
2782
6504
9459
7283
630
6272
2911
2573
5386
5473
8070
9339
908
676
7528
8391
5962
8240
350
7438
4648
389
2683
7861
2882
1064
4285
6982
2121
8644
2683
4761
2330
5584
7119
574
3755
9892
206
64
7557
9333
943
5596
9891
8432
6780
3653
7166
5932
6878
7004
8938
5826
2142
8555
7688
9457
5052
1615
2418
9508
1443
1871
3618
5973
3152
8831
348
9309
7426
5400
8808
9383
6603
1027
7299
2614
52
3886
5274
4084
6549
665
3193
9598
7272
720
7883
1713
1907
8981
8940
8817
2403
6306
880
3571
2169
2325
2685
1930
6155
8532
5855
8618
5258
1821
3949
8347
4050
5600
425
8221
8757
916
924
1785
9987
2872
6524
5819
3151
1967
6472
8628
2962
4379
8057
779
1281
3545
6998
3378
5202
1706
5099
3602
7121
9471
3348
6406
7949
2279
8091
1174
2494
1903
4683
5166
9010
8517
2852
3421
8325
156
1350
289
3717
4093
9365
3548
3774
4216
4567
6439
2670
1333
7329
2512
3486
7797
8369
9594
9498
8231
6982
308
747
7379
5945
7943
9521
5380
6571
7398
8845
6646
4766
779
3892
9184
299
171
2208
8334
2015
1832
2076
6774
8186
6932
5835
9731
8343
295
3341
7607
438
741
3140
95
9142
4856
2691
7744
2101
4069
7891
6316
5280
3479
2446
905
2858
3780
7862
4680
165
3280
5880
4560
4591
401
6933
9999
371
8484
7199
6443
9821
7194
9773
4430
5780
6910
8512
9239
3410
6933
4334
4364
2010
9422
6936
8331
5265
1274
522
8959
3046
9492
7571
3194
9711
2427
8389
9149
2916
7084
8018
6963
6661
9236
3850
4424
3343
5144
9419
3785
9599
7974
2780
4355
7583
1005
1112
4972
8939
9751
8644
2674
9366
6078
1790
9812
2618
1650
1176
6026
775
3552
4753
2220
2398
7152
7965
8199
2610
5296
6303
7053
6432
5638
6783
8774
9476
948
161
7606
8865
7907
7947
7690
8367
8454
8550
7097
9728
2080
1417
2568
8848
7532
664
6519
8797
7843
4178
7158
4190
794
5933
7480
5901
433
5723
9063
6121
4105
6722
8655
7488
6430
7331
8915
3491
2830
8439
5927
4088
5009
6172
3321
1523
7884
5131
5661
2675
8181
8309
5492
5074
6446
7985
3019
6797
3791
3934
8003
4234
709
6082
829
8180
52
85
6103
2212
7227
9762
7743
1843
5371
34
8960
6211
879
3936
7110
9554
6022
2425
5012
5160
9825
3169
285
8241
9165
3933
2507
9031
5551
5284
4190
4488
1277
7632
8622
5392
3184
4769
2741
2946
955
9823
4243
6885
4158
9839
5504
5150
8753
9942
3891
420
345
8563
1831
5797
8645
2972
6776
1854
230
5153
4103
4094
9254
1499
2245
2844
3464
9353
7935
6682
4816
5659
1120
6552
7535
8406
4310
6828
8274
7946
2723
4529
9236
7190
9807
252
7505
5114
4277
1054
6800
3085
8245
8289
3012
9576
7478
3899
1541
2524
3625
8994
8696
9084
4481
5236
3312
4629
4548
8374
9100
1140
231
12
5054
9784
8727
6826
5628
8854
566
1055
446
8992
1040
2410
9527
5052
4454
7604
8489
2465
5386
9319
8414
4416
8378
3908
3040
9479
7353
7625
2080
2569
3144
8213
9296
9764
3260
5036
4150
2603
3758
760
7507
4532
3757
5275
5928
43
1419
4404
1570
8443
3430
923
1101
3086
6687
3234
5572
4680
6657
6209
1124
2808
3388
9499
5238
3484
9350
8199
875
5427
2469
3267
2308
641
4719
8906
6898
2833
991
7354
230
3418
4709
6458
3401
6779
4736
869
6548
3191
9582
3546
472
7780
3938
3324
2837
7586
9315
5522
6089
1550
7772
6413
2961
3751
5898
3822
2011
3510
6439
2369
8954
4836
3465
1526
7845
4611
709
5495
1360
4823
363
108
3889
1084
7828
4526
4060
441
1029
2456
2667
436
8945
8719
4959
3335
2825
5490
9071
2292
5561
1740
3235
4921
2774
8427
4877
5544
9667
2474
1105
7755
9823
8964
6753
9115
2658
4562
2926
9885
3400
2350
7198
5364
2951
2171
6396
1051
1299
3103
2580
705
9420
1058
4591
1279
7774
5909
8685
172
2793
3819
2109
9899
5659
9847
2697
4939
1964
8415
2822
5952
6099
6339
3561
7100
2370
4484
4051
6066
9821
5398
8466
101
7930
9930
5496
3306
2057
8569
1725
565
7799
4149
5961
358
2153
3974
4315
5120
393
9000
7373
9106
2557
2321
7230
9338
9446
1674
1476
6436
2204
1798
6108
1967
1942
7271
1834
3297
3377
8027
8579
3760
9312
1347
6750
6194
2435
237
6084
3561
7541
6569
5764
2516
9626
644
480
9354
2260
6889
704
6679
8711
6816
9096
2836
1903
3204
8296
542
3153
7906
4502
8775
8951
8560
5572
6700
9028
5871
1255
137
976
1052
4237
46
9601
8882
5666
6048
3054
2153
5854
2333
3482
74
7636
4782
7492
5261
6463
9504
9508
5398
4780
6550
8003
2743
7743
4791
3222
2744
3391
7808
7416
8854
5135
7700
8396
9935
8302
6022
1880
128
1782
5394
5463
2403
4481
9110
2309
8364
5204
985
8220
9078
1394
3002
490
3619
540
9613
4318
3380
701
7954
9783
2835
9497
3534
5589
6239
242
4789
2578
6591
6036
3014
4815
5184
3805
9769
450
3546
4679
5972
5084
4656
7044
543
7562
4544
729
3619
7632
367
8093
6367
842
8811
5569
8670
5426
7992
5652
9066
5843
5210
766
1039
4353
3035
2934
799
5166
349
8274
2686
6110
3486
9772
9576
5297
385
8067
3288
5675
2689
2231
3555
4585
8692
5999
9929
3802
7446
8300
2476
4616
7208
2788
4287
868
5853
4721
8333
1114
9678
2531
6851
150
4837
7274
6479
1365
495
5478
7731
3626
7702
306
6941
9619
4431
275
8439
2036
2491
8148
5232
7981
9572
9577
1145
357
2368
2555
2731
1571
2568
7898
9552
5614
2875
8288
3622
1627
9442
9733
81
374
1920
8304
7349
5865
6971
3743
7465
4138
4256
3829
8239
659
3373
1954
9422
1422
7120
7062
7825
6959
1673
414
1960
7029
8427
1516
1478
5887
7181
4837
3325
3724
6233
2781
9234
2077
768
4928
4556
5468
8048
5998
8204
2653
1934
9050
9522
7201
3631
8691
9569
5613
8672
236
3097
2316
7938
1090
9458
9242
3190
9171
8188
6182
7081
678
72
6351
9288
2584
8583
1438
5790
7390
4348
5903
4581
5046
2938
3386
1592
8800
7006
897
7556
6008
2990
4866
7485
6550
3386
3971
2020
54
6761
2849
3505
3708
7952
7074
491
9803
4928
8315
5073
4568
9154
3443
9
1567
8282
9051
2707
2054
3362
9932
3257
9164
8415
4704
1159
343
2256
7011
1918
987
3506
4727
8825
4244
7910
6135
3024
2372
3634
578
6425
2972
3580
1897
6877
7080
5248
535
6041
94
3033
9204
4738
1453
114
1101
3164
7119
2553
4285
9233
7
2214
9193
2656
1173
8121
3778
1575
5591
6655
2009
9776
6078
1053
8119
9436
9899
531
5892
8951
574
8470
2687
1443
4328
4093
6866
4484
9845
4899
7007
5365
1723
3592
5186
3455
6924
5270
6771
4425
589
9049
9902
3211
622
1959
1167
205
5187
8812
450
1807
415
5387
7735
1296
395
6687
2852
2586
7610
2006
6070
6882
5090
1476
158
7815
7667
758
8036
6591
7451
6133
220
4065
4018
3267
2674
7744
9077
281
8425
9913
5667
8285
7682
4453
9872
6179
2567
5150
6578
6930
4551
5651
3474
5125
9319
9202
3014
5232
5019
8461
9888
5852
6222
2406
8287
8987
1611
1353
5035
2801
5251
4854
1407
2859
41
4653
8929
9316
2166
8550
5381
4717
4923
6300
4416
1577
2805
5839
3218
287
181
6049
8099
2431
520
7266
5333
7715
2653
8110
7848
1132
7059
9620
4427
3553
9868
9556
2707
7567
7408
4010
4522
3770
8309
6165
5545
5678
4512
1524
1767
4026
6567
5368
9208
4677
3747
6098
7298
2356
7132
9405
1303
8054
6424
6053
9195
7278
7860
98
2371
2243
3591
7361
9601
4284
5913
9439
4292
2933
5355
2697
4654
8221
5071
8572
3477
459
9700
6096
7107
7798
5468
5813
7697
5270
7295
4327
9692
2356
9922
7010
6160
5125
9125
4677
1089
2858
1103
9878
5735
3903
6488
3392
1745
8572
5267
6359
4926
9405
592
4324
6269
4955
2872
6123
8285
6403
3238
3581
552
5639
1760
801
7861
7478
499
2785
5265
2244
2269
9942
2406
7202
8769
9044
285
4714
1760
671
945
3453
8432
5445
2550
3602
3613
5897
2574
9297
5520
4757
1941
3695
9685
3988
229
967
8225
4998
3193
8681
7869
4684
9327
4254
1047
2209
9848
1140
8040
2392
6402
7167
3396
7665
1857
1238
8325
6359
1303
3762
7341
3964
3168
6365
7081
4398
9303
8986
2156
4795
1391
601
3142
8137
3134
64
6690
6645
911
1983
1858
2979
6048
8410
1809
3610
8205
351
3741
1513
6929
7689
4589
7437
8340
8467
2159
7049
7376
4082
2889
1159
3144
8794
5478
9989
5511
2995
6299
537
6783
8730
9772
0
6044
2676
3336
5525
4821
4662
1646
5898
2533
5186
3823
7850
2612
5557
1861
8657
2079
588
8397
5498
4395
9763
6093
933
4431
5188
1335
3013
6156
7683
1817
5064
5009
1224
8124
6892
9087
4842
4777
5095
3487
2552
7573
6537
8317
2399
3895
8650
3246
5432
9703
9500
181
7955
4019
6144
297
2934
6517
699
6667
6114
9121
7755
826
9575
6008
2399
1621
9911
6451
8011
9567
3554
3464
4084
3849
2651
1376
6061
6992
5864
6249
5205
7272
7298
1182
8150
4384
4587
2951
4410
3563
6325
9560
2795
3382
9344
74
4748
9640
6383
4004
1083
2440
6546
2683
1814
803
3211
9779
7734
7876
1165
3605
8281
133
945
6218
614
7342
5415
7904
9615
4766
5717
4787
575
6329
3096
9939
4199
6689
7523
6564
4021
5673
707
4019
8436
8667
5260
7527
1413
5439
2236
3198
2749
2805
8551
7184
1187
9230
1109
5921
5045
9023
3007
3995
3395
5010
8694
9947
7311
4585
304
1346
1141
4792
4526
3261
8109
8242
2439
8737
3585
5041
8745
5987
8443
8446
1124
8876
8189
5778
8301
4019
8952
3441
5261
9537
6831
4533
1811
7353
6863
3506
6594
1288
8466
4511
4461
3135
5617
2786
1131
5021
3388
4531
4081
3686
9132
2452
3439
6026
8867
5200
9708
4879
5976
5577
9665
3055
5317
6256
5785
5020
4460
807
5873
6161
264
2063
619
6681
4637
5743
7419
4743
7691
877
732
2311
3465
2278
2582
760
5022
7684
7500
41
9310
1279
2684
4889
9973
9607
9124
9075
4355
9107
7685
1839
2850
8621
2266
243
5693
4107
5968
1830
7536
6637
125
1286
7074
4347
9104
1425
5527
1473
4299
5971
2523
6421
8314
848
5859
3651
7065
2042
7381
3902
4829
1609
5428
1478
1043
2016
6516
7795
1374
329
7285
9456
1535
1050
7250
4413
90
4927
8750
2969
6017
2042
9580
467
5743
156
6500
7326
8568
3884
7678
7042
3257
5278
1340
5764
8438
1239
2823
6965
5119
2747
436
6562
8949
2557
3442
7198
2183
4080
4614
1495
104
6466
5135
4291
7117
2817
8214
8622
3208
1121
2867
7544
1533
631
3682
4462
1444
9293
487
407
4521
7611
4701
4401
7872
5997
4342
6335
6341
9130
9210
4608
2888
1632
402
4368
7031
9591
8581
6751
6909
9511
736
9766
8714
6008
527
6802
2053
2965
7409
4442
1934
8042
6678
6955
785
7736
5259
1933
6978
5115
5381
2909
7434
7421
5692
2776
2405
513
2999
2998
5514
1300
3807
4880
1046
8105
3734
8966
9257
9836
3873
5366
3830
1103
5634
7271
238
4259
8837
7568
5776
4890
6593
9952
4807
5704
6457
8010
9961
8571
9206
1525
7817
6400
893
586
7735
366
6573
8587
9740
4208
1170
549
2243
3987
1742
6602
2253
9001
7798
1810
3270
6158
2212
2146
9841
1777
7328
466
6466
6949
8485
8854
5348
3893
2913
5482
499
2207
4315
4564
9745
306
12
8506
5262
1837
8805
7041
9179
1177
4216
982
9854
6472
9726
9181
8569
3256
6190
6005
6881
9512
218
4582
8143
4801
7045
7094
5197
3017
9414
3133
9323
4542
5397
6823
8288
8823
9451
2048
7798
9657
4689
5863
164
5792
8900
4618
6075
6532
1644
6820
4770
9890
8143
409
1120
2017
4145
5559
7085
8359
2766
3313
7012
5680
1360
3659
1789
5283
7908
7486
124
8240
381
8546
347
4219
2847
307
336
6239
7684
3489
3440
7536
7486
5033
6218
5415
415
5086
171
8547
1505
929
9835
6881
3051
8821
3432
866
4374
4025
830
9613
5831
9372
1028
614
5364
6467
736
6477
1630
717
9722
4818
2617
2914
4894
3465
3552
6627
9879
7508
6422
4837
3757
9240
6847
9149
9362
4857
9295
1977
5525
336
2552
3965
9802
9788
7151
832
8614
2922
1960
4704
5293
7663
1697
3592
7519
5002
6253
1294
7402
1579
2404
7109
791
4928
857
4513
6822
641
3609
7973
9607
5249
3493
7375
7189
6564
6355
6398
9348
1845
3756
4545
2127
8932
4375
6649
1057
5563
8025
6863
7013
5444
2665
4482
7650
5792
5866
771
7590
6394
6902
8450
9506
7035
9345
6790
8448
494
5998
9341
8165
5624
5007
4749
9919
1186
1302
4618
727
8532
460
5434
9873
2133
2536
340
4317
2752
1052
8102
5088
3913
8750
320
114
6548
9409
4799
5412
5416
4096
9565
3925
4996
704
4812
6409
6731
6223
9347
8931
6087
6667
5538
1706
6513
333
1913
3334
595
3774
8388
2371
1080
1332
422
6174
2251
1093
5705
572
379
7908
5642
2083
9993
9043
8563
7505
5766
2630
5571
3847
8274
3637
8843
8245
2994
9055
2864
8221
8856
3508
2878
8132
7380
9648
2448
7132
9053
6075
191
1578
5996
873
4982
7275
6573
1173
6113
9316
1613
2475
8223
7397
2198
3179
9698
3655
8888
8683
6084
8511
6721
636
7055
1455
5093
5266
4040
8556
2442
6434
160
9180
6824
8157
7880
6619
3515
6336
2913
6835
9482
568
6061
9117
7943
8689
6143
8452
1073
278
7975
3762
1735
3126
2443
6744
3318
1293
8184
247
3959
6151
8479
1068
8113
4772
1413
7990
3259
2568
9408
4007
9002
750
3558
9669
6968
7475
4917
4713
543
9171
8658
8198
386
644
2172
1243
9689
5041
8003
7804
795
6632
4980
5854
9259
5164
941
8002
9876
7318
1032
5654
4206
4830
7238
8007
1252
7195
6184
5333
7000
9693
2856
5651
9964
4277
64
9521
2015
2996
6489
1396
6692
4301
5779
2615
736
4889
2531
1713
8859
2678
1710
5684
5292
2093
1966
6101
7543
127
9566
4118
391
2070
8685
4089
2940
1971
7146
4719
5667
8318
665
5267
6155
9935
3245
6276
2042
3227
1786
8294
280
8016
5766
7226
135
390
2895
9709
9475
9648
2065
3355
9479
4835
9823
4911
3486
7869
2795
7532
6891
1824
2415
7496
1275
998
9370
7449
5160
8284
3279
9572
6409
6791
7861
3064
5260
5591
6107
8992
9558
2090
5135
5039
6595
4785
7609
3122
5149
2841
3829
8754
8776
5795
7422
6585
2449
5281
4797
3876
8450
2866
727
6732
3632
7382
4989
9199
7166
9487
7942
2418
6795
3890
7887
662
7628
6168
5950
921
152
28
7558
1210
2815
5511
3568
5005
7693
7421
5172
5419
2561
9520
7382
4205
3784
5370
8863
2267
550
922
6447
7925
2528
8621
364
7757
8534
5146
3355
882
4287
3600
4123
396
905
9371
1736
2438
8501
6644
2939
3667
6367
2577
5570
2514
9663
3258
536
1534
8170
7830
4208
2189
6107
6392
7874
1012
5148
2309
3836
8663
8337
5640
2531
7762
93
8016
2292
4318
3446
8751
1505
3676
4229
5510
6790
5735
5405
7490
3106
1501
4259
1820
3309
7380
9349
698
1476
4749
1492
9088
7276
3807
113
8899
7566
5697
6292
9355
8291
4702
4923
6835
204
5128
4543
6411
6303
2714
4193
1549
1400
270
7549
1583
6887
7919
3614
4990
2169
7170
1592
6676
7769
9557
5041
2957
7472
7701
585
2831
9245
4751
9225
7537
8001
2205
9841
9986
424
1361
9486
2928
550
9234
1177
1596
6556
4232
4451
6764
6765
5059
108
6057
1711
5699
3550
7166
2703
9465
4266
1511
8475
7531
9593
6411
8837
5648
7538
4191
985
133
5625
3719
7275
2580
599
8849
889
8513
8974
5701
4449
7931
8599
1718
3493
4191
8345
2630
2576
7134
3700
4689
1175
3586
5250
9832
6247
3418
1601
5905
9709
9480
1328
495
70
7478
9851
8780
9456
3415
6338
6734
4567
8933
8972
6779
6415
5095
1454
1989
92
4712
6679
9190
9970
9963
6587
6778
6657
1698
6895
8996
7887
7511
761
4025
716
7670
1509
8671
8739
8620
3177
7966
5902
6854
5553
8312
9141
702
5995
4800
6087
4368
5744
6938
8398
8701
3260
346
9509
6227
2708
2158
6841
6906
7642
1722
3311
3783
4196
8959
9355
3238
4808
8813
8438
902
6427
3145
9990
4029
3831
4972
8174
5684
6861
4359
4943
3069
472
37
3189
5255
948
6272
2045
7942
7888
1808
4512
4525
9167
2482
6743
4669
8919
1982
4833
4784
1534
4732
2675
6390
8152
457
6970
3756
4330
2266
6150
219
620
6591
2068
5057
3746
3204
6215
4000
6679
5430
7918
3694
4025
9433
6186
893
9372
1176
4435
5314
7716
4105
3671
5491
7903
2751
4780
8404
2962
5955
1107
452
8203
993
3112
420
4887
2764
8527
8918
5315
8646
8982
2070
9454
3809
731
8374
3032
240
2088
1214
8583
8151
3632
4253
5132
1180
334
7978
6288
5611
4833
6478
1579
1053
2598
9484
6227
1605
6135
2643
1331
2009
4792
7782
8550
3517
2916
1476
531
1421
8545
6392
3491
8598
1899
2641
9224
5919
8424
3292
4078
9214
6494
698
7236
6620
2707
929
38
8668
8098
1479
9373
2336
8196
2308
6998
1176
289
2945
468
9070
8292
1343
9611
7230
8031
1423
5227
7488
1958
127
6561
2648
8986
8849
2230
8028
4783
7668
9529
8613
4620
5263
9791
7792
1071
2373
145
2785
4358
4295
87
4758
5246
4917
6403
2293
7182
3813
748
924
7909
8094
9799
9796
7858
4773
5758
7405
6416
2957
1044
8116
3158
5261
5635
1630
8277
5500
826
7871
5622
9514
9496
5132
8692
4588
4941
1756
9603
9310
5940
9203
1245
4614
8353
519
3615
3449
4750
6388
6427
1321
8545
4633
8585
1068
9457
9556
1036
2630
5972
6620
8111
2913
5864
6933
5484
611
7732
1796
2902
9748
6829
6900
9987
8927
2158
9493
8985
9891
9754
5736
2774
5342
4461
164
6931
9850
6735
3968
111
7215
3322
4042
8575
3522
4394
4794
9764
7221
9484
6729
9915
8582
7098
7598
3481
4962
3766
7865
5102
3356
3895
155
3383
6467
2456
6657
3887
2035
7213
550
1454
659
2467
1956
4903
3877
8094
1427
1894
4095
1993
340
1259
6181
3034
7893
4620
1741
4162
2214
8315
855
3163
4620
2812
3376
4150
4950
4487
5598
440
6728
282
8201
9868
9487
3935
9592
5313
2673
596
8290
3162
2186
2753
4186
1208
2014
6615
5
8947
716
7201
4464
7852
6041
8525
8633
7078
2763
4246
3693
4706
213
8417
2739
3482
3050
642
9913
4896
6031
6323
6307
8874
2676
198
9722
3746
4511
3419
7984
4316
4094
3605
1550
2885
248
1993
9710
6076
4810
514
633
5820
1488
2656
6395
3465
6778
2154
9846
4954
4773
544
1195
3648
2044
9042
3846
3834
9053
9326
4941
8708
1209
2312
4046
6577
7251
2664
2885
1526
5194
7439
6664
2826
262
974
5014
6158
920
2714
72
8127
7657
7040
2080
3502
8938
5958
2243
2438
4080
6069
6582
6024
6016
7708
2781
6732
7252
1785
5232
4411
9042
2891
7710
7277
8367
4840
2593
9451
3931
7761
4206
217
6682
2005
6332
97
4320
9077
9686
3281
4448
734
7634
4283
3044
5498
9808
5767
1098
374
6221
3404
5573
3409
6729
3232
2059
2971
3139
654
8756
7006
6531
3390
9311
1410
3138
3979
9339
6763
351
4855
5020
681
8142
1458
5531
6947
5038
4559
3737
3358
3906
3887
3577
852
1520
3941
1682
7146
6192
7352
8078
1236
4445
4644
2573
3556
9018
5861
7511
6918
1384
5500
1258
5423
1441
1936
2631
6248
9800
7305
6822
6344
8293
4011
929
6244
7615
8161
300
5040
9590
9094
4169
3869
4111
5050
6494
4162
1971
4897
2878
5256
6573
2610
1444
2323
2485
1149
1808
1727
7525
3782
9353
693
9855
4931
7788
3263
9856
1668
8878
4678
2020
4763
197
7553
1060
5128
1292
2724
6934
397
55
8626
40
6792
8712
2263
1918
8388
1604
2552
863
7399
1679
5590
1685
2609
5406
1
9553
7255
9425
84
9737
4607
4048
400
7253
1686
4772
2323
6096
1115
3014
1378
5195
3871
7407
3570
7417
7138
8524
2378
5087
9468
8094
4111
3947
4497
9691
4276
326
4781
1222
8238
5452
6335
1350
22
5145
3100
3496
4529
9447
1684
5062
7119
4660
5223
671
506
2012
3957
8170
3655
9962
5820
8785
7424
1957
1379
5065
2673
5506
8147
6264
2814
3680
929
4044
9942
4488
5408
1772
7355
2442
965
4985
5156
4245
7985
6963
8444
58
3263
8268
3165
5671
1120
6468
697
8862
5331
9249
1558
9604
747
1435
841
3250
8023
6659
4695
5199
7986
4350
3211
8979
7169
4457
5731
1707
7366
5166
1098
9242
6173
5487
573
7528
1667
4264
4735
2189
3625
9918
2925
8870
4185
9140
1983
8072
9577
3016
1348
4467
5165
4620
8465
4699
9328
5263
7005
3143
3851
4357
6204
928
4599
3329
553
5945
2130
4034
7010
9022
4616
9731
7166
1401
186
1098
6296
3731
9416
2911
7026
7146
8885
8985
9604
6636
5200
6700
868
4355
279
1746
721
5430
6811
5192
3400
5621
1255
1394
3314
3089
243
3216
7838
8082
1982
4407
3045
7211
3176
9297
4871
7979
8865
8267
4464
8975
8707
1341
2093
33
2205
2318
4914
1598
9806
9561
1507
665
1862
7894
8084
6989
9014
2732
8502
8543
6516
6603
1179
5306
5080
876
4479
442
8392
1810
4306
7649
9630
9784
804
3501
5548
68
8714
9184
274
8932
5653
5138
278
6676
9084
9648
1623
453
3642
9268
6670
4083
9695
8478
1787
4010
545
1796
5686
1981
9453
3624
9487
223
3318
428
3029
9208
1945
611
9946
9356
909
5154
7182
3076
1680
9019
4173
6601
158
1288
4152
9424
7590
7943
7336
2277
1588
4497
177
2505
6648
6636
6312
6029
3695
7339
796
9742
9273
752
334
7324
1804
8896
4727
5270
4061
6675
1092
3820
1991
4977
5994
3378
2808
7115
1395
5519
4224
2052
7731
2450
7804
8491
8511
9383
3247
5159
8239
2973
4935
633
7048
4464
6598
5218
921
9184
4438
4027
8177
3953
8834
6144
8405
6290
2622
2833
9711
9917
8389
5339
9590
8227
7752
5952
4455
7130
7316
6028
6247
4865
7299
1453
5259
7934
4740
6220
3502
9062
6398
1665
3896
5945
6328
1575
6978
6047
2713
6148
1997
1076
7719
1294
5648
5545
1258
451
5293
3103
9304
7218
7979
3074
112
97
2506
8977
9693
260
388
2579
3221
3797
224
1668
2731
4841
4033
4701
4318
3596
9528
5936
429
4511
4645
9280
7532
9353
8295
2586
1039
9139
3555
4865
5759
4150
5221
2001
6349
3503
5566
3705
9889
509
1623
3638
491
760
4895
5461
3349
9956
8786
1226
3518
1492
2404
5672
8748
5930
5494
9600
8024
9525
6541
8541
9048
9303
1618
8429
1198
576
6553
1016
5204
7090
5232
1750
7589
7535
3773
3002
681
1465
928
7839
1683
2948
500
8554
1088
8522
5778
3831
567
4777
1822
4579
5611
5235
6748
4824
3654
1880
5033
1737
4925
8101
4914
8135
6165
7755
6161
5695
8024
5587
1812
6493
262
1460
9539
905
7815
5518
7207
5995
8884
8554
9861
6275
3022
130
5496
7609
8769
733
7895
4773
2442
2325
940
1279
6488
6243
4976
3359
162
9350
5479
5569
3924
4283
3199
6834
1586
1190
4280
4949
2183
5949
2674
4874
2943
7948
2533
7731
4751
3620
3964
8690
1478
473
2178
3976
4682
9325
7447
3136
2700
3090
6490
1196
117
5257
4569
5508
1004
6864
2632
8240
3053
3266
4070
3733
8936
5260
5346
9870
1448
6199
266
5588
4818
2491
3730
2294
3975
4237
377
911
5040
3901
1719
7629
2927
7426
7625
6490
5376
4494
1339
1796
2780
7283
4808
531
346
1598
5781
5480
8751
5272
6590
4880
5678
7243
2756
7106
5607
5727
6037
6035
9306
4846
7521
9304
5851
3581
5343
4110
8444
8747
2487
5387
5653
8603
3252
1849
6829
6211
2925
5165
4970
1212
4075
3015
786
3804
3245
4605
5657
4363
8393
8628
6810
5819
6794
1273
2226
9408
7401
1228
5904
3985
7719
6789
5308
2576
1945
4322
568
7060
395
3229
1528
8557
8432
2064
6334
9720
6711
2566
6520
3764
2652
6697
7525
3521
9312
5452
7700
8480
7219
3035
5291
870
6694
5771
7283
2631
1825
7587
5817
6292
4684
7353
9549
1649
7978
7202
4292
8714
1479
4059
3095
1177
1207
1510
4251
1312
8610
9313
9984
6967
3992
7007
1438
7382
8842
7862
3715
9034
219
4346
3375
3753
3839
3734
1313
170
9097
3422
4918
1206
6617
1004
3501
2168
6958
7274
9717
5599
8388
8023
4641
5052
362
5100
8902
4432
6871
9272
9060
5791
4551
6198
4324
2347
3463
970
7131
3555
2100
334
3131
1908
297
6951
1494
5716
9338
3983
37
601
1052
6542
6637
9956
4504
5916
5422
5472
4136
2812
425
2583
5539
1932
7725
1868
9747
2599
1745
6349
5118
8441
5313
9948
9087
2616
134
371
9446
6935
168
5083
5311
4233
599
6815
6782
7847
5609
4400
844
1531
4785
5131
6601
5932
594
5174
6541
2101
8640
4075
5033
1934
9810
5907
8001
5794
4892
9841
6480
66
5725
630
1099
8718
7290
3714
6313
5982
3548
744
4025
3972
5589
2822
8237
115
2814
2105
5763
981
7370
525
4137
5970
5385
2799
7838
685
2476
5111
5610
7882
3174
4905
6240
5625
2693
1336
3541
7647
7655
5130
8251
3069
1910
6327
7776
3415
4781
2105
6018
9818
9655
8927
2849
4709
8520
9082
2993
3924
3274
8988
2138
3643
69
811
4217
4233
1434
3886
8428
5504
8356
2024
1234
3684
4475
9996
6443
703
4328
3718
9199
6036
5186
1961
5655
5476
5565
3470
649
9447
4600
2608
3729
9271
2040
834
4798
668
6480
2597
1925
6818
112
6445
7781
6992
680
6820
6862
4787
6358
7389
3680
6442
8135
7803
3955
6774
395
2173
2703
3016
6178
3773
8784
5047
1473
5686
4253
6127
8116
334
1194
144
5522
43
8007
982
5697
8488
805
2604
9006
4196
6883
6938
8326
2568
5925
8827
1380
8960
7867
3009
5161
3663
9614
4064
2424
9105
4423
432
8836
7233
414
8812
4431
5181
9357
7957
3170
3340
4544
2642
9959
3437
6786
6091
642
4667
5132
4873
8256
6752
1133
5732
6754
7404
489
5188
3997
5082
3761
4438
7552
9366
3829
7997
115
4234
7589
3317
7555
7537
7668
6860
4434
1407
6998
4071
5248
853
6893
6737
6434
8718
4543
9161
6803
2537
5154
486
6183
5700
1284
1198
5223
1458
8513
7460
2919
5042
6396
2493
7078
2959
4964
2261
6989
6848
5516
6141
4982
9486
9167
2450
3132
7999
6364
9264
1349
4401
1595
1729
8228
8681
4
7789
4313
3656
7421
3451
6650
9401
3243
3722
1085
1401
346
713
4938
1651
2675
6268
4490
8800
3944
963
6440
1499
3937
6090
1343
1826
5197
6899
9400
2399
1775
9058
707
7431
1892
1420
8657
5470
6234
6421
1091
6813
6982
6875
7433
2259
6581
6317
7857
1390
5544
6214
9017
8904
7531
3115
2392
7868
6906
3240
4600
6352
3798
1856
9454
3208
1298
7631
7775
1341
6399
2674
7753
4608
8360
1796
9377
6103
2808
7152
1119
4472
7017
4398
7259
7958
3011
6052
2230
410
8777
4059
3824
7434
5531
6989
2801
9498
5707
9325
8515
9408
7851
6093
3218
8352
1672
5524
959
3082
2731
4325
6520
9389
518
7651
7452
9952
5024
8278
2032
1546
7843
7500
1763
6534
4843
4258
9751
8721
5772
6309
799
5506
7565
4725
1538
4761
1299
6386
6490
7407
6061
1373
6304
9481
1334
5943
2055
2071
1125
2873
5796
959
6865
4254
1402
3385
4766
6090
6074
5181
9366
1320
7264
4024
2657
5149
2625
6527
6189
1246
2002
448
3145
4932
8425
9283
5577
1004
5728
7466
3713
5956
588
6125
1065
1886
4524
1460
1511
9320
8560
5813
1189
9912
3154
9768
5927
7320
6934
5006
5571
1156
9344
7468
9586
1590
2158
5700
8516
7827
5819
8828
7753
6568
4512
6164
7933
474
2365
3314
6048
1469
7284
656
3812
7791
7582
4536
2870
4107
5135
8285
7504
8493
3801
5132
4298
8021
1585
6136
3266
3872
1965
8193
243
2778
8320
8546
4210
3995
759
960
4708
3965
8300
7692
9993
9630
2941
5374
6890
8491
2783
2767
7504
1589
1888
8364
7179
9993
9271
1029
6305
5031
1842
2120
6663
245
4214
9449
2319
8498
8162
8774
3395
8781
9734
5754
6546
8734
6335
2969
9726
675
897
2024
5358
835
1692
8111
2085
9218
1086
7752
7314
7052
5494
5032
2618
5013
3532
1941
9778
7306
771
2236
7660
4442
5257
5302
8195
4354
3659
4318
8443
3662
7883
9806
2327
2074
7820
6801
5792
9601
2654
8011
5635
9456
515
882
1859
2355
7634
6336
2525
3256
5195
1375
5531
8778
4349
3310
941
6931
1556
6602
8631
109
3781
327
6858
606
3511
6438
3734
9716
5220
84
9445
5956
9022
3789
5197
3944
4046
1395
5622
4641
6041
6674
2709
6322
9700
4843
6568
5758
28
5889
7081
4956
6509
1528
4648
1330
6866
3341
7666
3737
4641
62
3346
3310
6590
4819
7975
6582
1733
8450
7635
4831
1326
8232
571
6820
6737
2959
7573
5299
6431
9563
3131
1630
1294
9239
798
8872
418
6276
4492
1497
931
7308
6303
2030
6289
1212
111
2036
778
8050
4052
3444
609
9332
1258
2462
2967
1210
1021
3674
9183
2569
423
6460
1121
9420
9439
1929
6304
8735
895
8033
5373
5127
8330
8582
8080
2993
7939
7224
356
5412
6435
233
6107
6209
3681
8572
302
4697
1822
1863
4418
8999
9171
4044
4376
830
6533
2071
1448
1893
7136
4065
5674
6241
3225
2840
9941
9844
3950
5938
3774
5709
1094
6882
6932
9263
89
8544
4907
8236
7208
1128
6163
203
9816
4416
9746
6219
7766
4805
4346
2284
7616
8486
5708
312
7572
5569
3446
7842
9661
9701
6884
6290
9533
7449
856
5329
1631
4666
9251
7956
6028
8377
7497
2383
4122
5332
7438
4625
9802
6351
1587
2118
2983
5531
89
8457
8363
2996
9326
7448
6121
7238
7855
5703
4588
5938
5019
9112
8604
8935
4241
8856
1977
7585
6790
139
3848
440
9925
2294
9440
7239
882
7085
1423
5434
9528
8353
3428
1733
1089
2914
7689
5683
4924
1300
5652
4433
8615
6527
9715
1350
3350
2068
2170
6514
1599
509
9310
5727
2750
9926
5493
3061
7631
6464
4222
9389
2372
909
4525
9059
9765
3762
1063
8389
5848
7459
2243
7727
2545
1839
3695
7629
8869
3385
5982
5214
2999
7457
2386
3171
7888
4521
415
7800
8557
144
132
4467
8900
4494
4286
4315
6124
7778
2727
4663
431
1805
9250
5068
422
7497
8642
4131
2787
6346
2377
1392
6792
1272
1449
238
3044
6090
5590
8135
6357
827
7150
5044
6942
9645
5096
2882
7589
3617
216
2418
1269
5227
3745
5008
7338
434
6277
2163
6254
430
6455
7441
8595
2672
531
5794
9743
7054
4164
7892
8235
4080
3134
7125
9215
6199
4904
1016
9823
6261
9793
3854
7462
7331
9886
5278
3302
4687
4644
9580
4570
9521
6668
745
9880
4772
824
5497
6073
2506
8055
7543
5806
6221
6296
334
5559
4971
8068
2899
9083
6983
1541
6958
9561
8164
3265
4867
6904
7422
9121
5790
3552
1294
2251
7625
913
8248
5619
5597
3247
6356
8856
6649
791
653
1274
2773
7963
9448
5284
3119
972
3900
2824
9699
5781
649
2078
2339
2672
9500
6668
9825
7685
8321
5107
6517
8836
6867
7078
7966
5383
5248
6863
5680
7465
7522
5169
2218
9694
6776
2056
2627
6660
5872
9208
7259
411
354
4441
754
598
7688
2671
3330
716
1282
9835
7747
2261
5181
9857
4526
492
477
1895
3254
6768
1282
9816
7277
3582
3158
5542
8797
3782
8233
4206
1891
344
2220
1883
656
1416
7572
4206
9317
930
2774
4500
9241
9153
6570
7644
7169
6517
7151
3461
9779
9534
8588
3557
8403
4035
1299
6568
515
6618
6040
1978
3060
2286
7670
232
2109
3150
1204
6296
5521
6531
6861
7216
8496
1314
9134
9869
2257
7419
8249
5951
5865
3334
4017
4833
9765
6012
5049
5733
3897
3303
3177
1695
1818
3742
1703
7056
5482
5581
9459
7236
856
2597
3706
228
9465
9393
6045
7879
6196
2543
9455
1030
8161
1403
1494
6868
9564
4621
3710
6189
1292
7393
4134
7785
5114
1546
9829
48
772
8181
8766
5971
1437
7493
8817
387
954
1972
8868
9723
2805
671
9190
8985
9958
214
8326
7063
5859
8808
9826
1183
4704
2881
3206
1425
1207
6747
6846
1026
6174
5502
3655
9977
781
2124
3840
8969
5263
7114
7630
5509
8666
2460
5718
3220
2902
8101
365
8668
616
2596
44
6265
4561
443
6682
8763
9913
1849
1518
55
6117
7635
9218
8208
8243
9341
8345
5339
5069
1449
6056
5364
9348
3285
1958
885
9895
4396
679
7011
9873
3657
6852
4548
5597
7560
8756
6514
5345
1614
8472
7097
2512
8238
7390
7382
3118
5408
2704
3868
9734
6979
3826
877
3913
4246
8634
5428
6452
6430
3980
4950
7659
3724
6734
2234
4563
3316
8752
6704
5171
982
9890
9985
3822
5268
3950
864
78
9159
1044
8390
1185
3334
3633
5245
199
7048
6627
1162
6785
8655
7730
9802
9281
6670
6126
4162
4309
8560
7966
4007
9528
3113
4389
2974
9177
6693
2113
6115
2248
24
8983
4099
6974
8873
1181
4763
9210
3392
5068
4155
942
175
6331
5133
7129
1040
6690
1203
8807
9058
8293
6847
5258
4522
9718
2912
9663
3141
6050
9421
1384
2796
8557
9701
7502
4610
9143
1145
6031
6766
9294
3462
7785
601
7392
1858
3718
7362
8071
6392
9953
6489
569
2178
7425
9261
9570
7363
3557
2376
8399
4366
5189
9807
5402
4989
5354
9222
4779
1292
9947
8750
6239
4826
7695
9049
6630
894
6066
111
9815
9064
3813
7599
6110
1268
2179
8391
7255
5775
452
1364
2088
3648
1149
6627
3437
8579
2213
3863
8412
1488
4526
6172
3843
2241
7602
8221
9369
5502
9104
9912
2361
8391
9496
2711
3879
9575
4847
8331
5871
7055
8300
5875
653
3138
4181
2043
2355
1712
3125
3629
5696
3080
9969
1054
7099
7811
3019
4690
6393
1453
9213
7950
1747
2390
2184
1812
2829
292
5704
2920
2732
7237
7607
8489
2516
7063
6314
1150
7841
5907
2409
2003
3090
3227
831
9782
1639
3661
9900
9761
200
2975
876
8421
3580
6725
7050
9155
9731
1650
5458
9494
412
3257
6793
7909
3216
3634
1721
6462
1727
9195
2132
519
1149
6342
4586
4309
2085
1169
1007
8318
312
2439
9427
1648
9248
1109
298
5023
7443
1762
3648
1772
7785
4559
5805
7244
1136
898
9364
2645
2798
5425
3549
940
7072
1975
1744
7812
8265
5250
8889
5167
3532
1999
4015
9065
203
8868
3408
2843
6460
4623
2466
3966
6477
5003
7256
6669
1196
2613
9798
713
9161
2203
5022
1697
7134
1856
122
7717
6007
8202
3966
2490
6405
6468
3633
6026
3394
6979
4206
9295
2113
5786
4521
6822
4999
4559
8626
8162
1282
4418
8584
7191
4203
5242
9718
6142
6201
7795
8335
7899
2118
6369
3888
4358
4169
8857
7983
9579
6801
3716
3655
6676
3998
3633
5046
3582
2436
9531
8977
3956
1654
8720
5991
3579
9393
2352
7769
9202
4770
3513
8275
5139
6436
96
6445
6163
6475
2168
3417
4132
3371
2812
877
4402
2680
2628
2130
7085
2340
6260
144
4421
4045
3761
9377
5826
6761
8606
5458
6939
9958
6623
5584
9417
1585
1106
2424
7718
2637
6466
961
1041
7650
9627
247
1504
4701
3125
9479
2083
2848
4629
710
3627
8471
6067
5892
7639
2781
8109
1346
5406
1877
7475
2353
5818
3923
3968
1037
8675
1437
5910
1499
3542
5297
4762
3691
1612
5779
2024
4857
6003
1622
6644
7162
5679
638
1810
6382
516
7070
8136
7895
1557
7069
2756
2176
4738
2859
9401
7375
6535
6036
3817
748
3829
925
1629
3781
2739
6858
3234
1778
3718
3456
7003
6024
7437
5413
7284
3422
1815
4136
1214
9736
132
4023
332
4829
9397
1055
7518
5003
4002
3059
4541
1826
6888
9994
3089
2564
7911
9448
2155
1759
2627
7873
9489
5277
2153
493
4115
3134
7090
1481
9113
7973
2419
5254
4179
495
1788
2184
4323
3852
4327
4646
8933
631
2433
52
969
7624
7003
9765
9875
3756
2626
8702
8892
8489
5177
8039
818
5602
1914
3701
3292
5851
74
8211
3824
3085
9418
3583
8728
3802
6689
318
1502
4531
6819
2646
8546
8900
3899
5359
4998
3648
4120
8311
2083
6352
6032
4659
7889
9421
4628
9736
9053
3694
7200
5615
2232
6130
8373
3511
1376
3301
9047
1077
8459
1432
8098
2419
9825
7125
9788
7489
6291
3160
4200
5064
4106
6390
1602
6610
8562
4170
7283
2517
7214
3924
9926
3243
7724
1056
488
5716
3023
9920
2733
1926
4680
7109
7052
198
4162
8526
1317
3372
9112
7852
3189
5899
993
5683
9357
2651
9721
3746
6309
9681
9848
5603
2976
1843
4384
4590
9783
4767
5752
7145
8693
9530
6497
3180
8618
5378
6093
1313
2938
8759
4663
8708
3459
3094
8547
6611
5317
9297
9138
9034
7863
9078
3176
2706
4453
4488
1620
4442
9122
3312
1202
94
9668
7515
2591
2957
4350
4035
6487
9225
8563
5474
9594
8411
4410
2131
9912
2221
618
8986
3728
303
3031
8467
390
985
8810
7688
9552
5768
4433
9210
4853
7989
5200
1508
4537
4527
3177
5179
2469
7462
2482
4791
2193
7705
8280
2674
2118
3198
8444
8981
8028
7773
8178
8685
1521
1061
6263
6037
3606
5606
8051
1670
4191
5164
1457
2843
208
7819
2941
3068
9366
9540
7855
2279
4798
6263
4781
562
8110
9194
7031
9135
5201
8048
8627
8589
9059
7361
2522
8059
634
2670
138
8746
5134
6158
3146
9859
350
5882
6132
9836
3184
4847
6554
9237
6345
1527
7554
6990
3728
3718
4486
2301
2698
3275
976
4309
9565
363
5406
4765
3329
8720
7223
4343
4801
4347
5929
5971
7317
6181
1965
618
5756
6548
5642
9505
3519
9324
8040
8764
5452
5350
8677
1607
3545
4946
8726
6442
4891
9935
7084
3983
8484
5113
3479
4100
8255
3160
7950
7134
3507
1105
3294
1039
3060
8506
5148
8418
3074
8430
1080
1587
3280
8445
2749
2183
9578
5491
3404
8676
4571
285
8545
8952
2580
7239
6598
4050
9933
1338
5117
3221
9860
7196
9500
4606
6959
2392
9380
3616
6197
2028
5884
4202
1395
5073
8738
2714
4604
4361
5889
6825
4316
7924
5949
2899
3062
5682
4560
7914
2030
752
6698
936
2266
3274
80
9767
3170
3084
8253
4302
3648
9817
6807
7369
9058
336
3313
4170
9412
8295
819
8151
392
6937
9153
2497
2123
2176
5317
9071
6772
7527
7192
6415
5096
653
3648
7631
1997
4400
2762
1787
5138
9191
4702
8970
7527
8166
6278
9639
6766
779
1447
7923
3798
2505
5929
751
886
8039
9772
2427
2838
5637
1115
9244
6997
8401
6264
8508
3520
1981
2587
9366
5794
9179
7423
5847
8028
3963
8664
3055
5470
3249
9196
4252
3287
5426
2883
4491
7275
5655
8833
2353
9712
2876
1466
9717
1845
5463
3716
425
7510
6281
1084
6590
9035
9542
3753
4081
883
2746
5879
2617
4976
5976
8619
9722
9140
3457
8560
1217
8237
9294
2641
8563
4547
5910
7239
5131
5787
4703
4326
668
8245
3251
9020
2689
1664
8972
9264
9755
7145
6805
2222
9540
7890
6448
7690
3693
7646
8749
4246
5480
785
6742
4263
7170
4033
6728
2927
2415
7027
8315
2821
8926
5298
2114
536
4068
748
7084
3116
4366
6376
1404
6689
5009
4806
2734
2970
1210
5102
4646
1598
6090
2924
1583
5779
5605
5400
2061
6760
9982
2743
9870
6126
3025
6249
7503
1875
9797
4599
2713
748
8927
7855
5131
8985
685
9139
4387
4690
6317
2278
3312
5265
9270
2456
6202
4991
443
7228
1607
7597
9654
6895
6773
9933
9354
2890
1750
7271
6223
7892
8356
544
7275
8858
7296
2462
8481
7494
8512
1084
7482
529
6416
7078
2069
9385
7706
1843
558
3650
7793
3226
6254
5406
296
437
6677
88
241
850
7909
4980
1083
1726
6730
7877
8871
6056
6608
4507
5295
3824
804
1965
7643
1732
1852
2566
5133
152
8824
9665
9887
1627
7611
7701
2503
254
7300
8915
3779
2191
6172
1180
3449
2091
9084
698
2464
5906
8403
574
4539
5419
1799
8744
4381
8959
5317
7677
978
1176
5878
5244
1360
3550
7250
792
356
8664
2876
7683
7480
2208
1982
9507
3312
2048
2125
6025
9242
9907
6327
7513
2611
4321
9030
9911
6254
8780
2291
814
4725
1058
3417
5362
5074
6494
4894
6837
6445
6319
3687
9489
5363
4598
5618
3945
8152
2553
3697
8830
9114
2878
4447
7805
3435
3396
4434
8095
3919
116
7
4707
5165
7406
4307
396
2092
540
2732
7798
144
5557
3488
304
663
2086
7468
7395
4885
7534
8170
1280
3892
8736
6874
3889
6762
1620
4880
4012
5477
3621
8101
8652
3035
3384
2212
7962
4355
2387
4426
1490
3340
7758
1186
4555
2857
7727
9292
4805
5344
9435
102
199
9261
8536
3854
9818
8456
7574
4150
6740
8618
7688
4883
4759
6030
3341
8474
3143
6089
6722
6585
1531
5267
4269
2937
2467
6070
4503
6367
1524
5496
3215
2796
9630
6322
9090
4555
7516
5891
6251
5530
2487
8468
5605
4737
7677
501
9151
3405
3600
3955
7598
6421
9963
3621
687
44
3019
5364
8563
2524
8308
3314
1187
2556
6268
3362
9466
222
8115
3740
9908
4191
4427
9906
3560
7897
4612
9191
1653
7947
4589
4974
5422
3823
9421
4860
6398
6993
7948
8213
7385
5237
3800
8718
683
8633
7893
2154
582
3924
6855
7817
3229
4942
1894
7097
5163
3837
773
9572
6622
7200
145
365
5800
358
3318
6077
9038
1190
385
5422
9039
8450
6104
8690
2801
3086
8951
6691
5212
7483
1575
4866
1155
7433
1487
6122
970
744
6716
1384
4191
3974
648
7354
6748
9721
558
8900
975
6388
5103
4243
1948
1567
4006
9318
4697
441
4123
2491
8915
4916
1808
6311
8936
9439
4301
6338
5803
4900
5488
3788
5062
5880
6581
546
3309
3767
1630
4665
7563
100
1178
1518
8541
8722
9275
5729
2188
9794
9432
9934
7559
4999
2543
9871
730
9372
5939
2591
9231
7862
6454
5692
3636
6868
8078
3096
433
1138
6944
9485
8361
267
1084
7587
5541
3793
3798
5275
2225
219
5675
2705
1432
2552
2152
5268
8318
914
893
6477
6124
3453
9110
9292
157
7375
4656
2981
6359
4377
1417
8006
6061
1033
6329
7610
608
4830
5178
7572
1470
1845
3590
7455
9894
6384
3827
6154
8724
2461
5808
725
941
7430
5192
1103
2521
9406
7258
9930
1431
9034
1756
2852
8747
5788
8677
8473
1408
8371
8519
7445
4543
2449
8362
5757
7477
1306
5485
6872
3464
4275
2455
2854
1154
1331
7453
349
1735
6539
7468
9110
3636
4445
68
8168
7439
387
4636
2422
1025
8281
977
8726
9917
3796
9366
2536
5729
9081
6209
644
7691
8141
5504
4943
2278
4218
3711
256
4474
4408
342
9040
38
2043
2105
5555
8178
3295
674
8584
9286
2659
7085
1879
2513
979
609
1334
8522
9806
3977
8662
6754
867
4361
8389
1911
8693
847
7943
7383
8605
7984
3699
81
3843
1599
6985
3628
1511
6929
6394
475
3879
4681
7943
2624
4040
8963
3119
4958
8309
6004
4867
8075
3039
2966
1265
4141
8153
1806
2743
7397
5177
3801
5710
19
4939
8700
8964
9711
7686
6150
7198
4032
1963
2989
8967
169
4307
2095
4024
2794
6388
3699
8069
2781
2052
5827
5798
9848
3810
8185
9774
9130
3685
2903
3178
2009
3932
7691
7087
6569
910
3382
6630
5083
5385
6090
8008
2232
9611
7411
6097
6960
9189
6384
466
4299
2540
584
8067
4391
9941
4161
8003
5815
4948
981
7632
2305
8681
6416
6230
5390
7533
3819
3469
4738
4145
589
8444
6839
6801
7763
8886
8975
8652
4491
1922
7630
1182
3926
7965
431
6026
3876
5292
1078
9832
3340
4563
6139
5840
7957
5493
6170
4711
9607
4416
7039
9880
7771
8277
4678
1452
8257
3124
6401
7914
1463
2553
7506
1321
11
3420
3321
1093
8475
3221
3173
9921
3917
198
8857
2719
7751
6030
92
6081
1215
6118
7235
63
8636
526
2956
3206
702
1183
6780
5129
82
4211
445
3433
2851
3464
9135
3005
4922
8877
9182
9650
5550
5717
5049
1300
7182
11
3447
8155
3914
2362
8345
902
8948
7481
7941
2042
8403
4972
5717
6514
9058
2101
3921
4988
1957
9486
4396
4230
6441
7805
9143
4694
6915
9557
3089
5739
1107
6124
5035
4203
8944
6720
3869
5860
6357
2874
5164
9826
9808
2907
367
5194
8930
7856
4308
9917
6648
7161
9614
7498
1259
8821
3882
1201
2700
5912
4014
4516
9921
1258
704
6954
1225
1568
6628
9996
8512
4413
9892
1453
1384
8562
7531
7202
977
856
8989
1490
6665
4122
925
7072
9372
4519
8198
8718
4538
6622
9785
97
8131
9760
9733
1213
6843
4932
3165
3507
3251
7140
6172
5502
1792
5799
3456
5327
7380
1919
40
7369
1136
4805
5421
7402
520
4292
7024
5943
7471
2065
3001
5298
7065
1796
8611
786
7976
5788
324
5285
9650
3496
8473
3361
8541
4125
363
8962
4587
6819
2438
103
2125
1929
1830
857
7620
3573
2729
2879
8973
804
922
295
9630
1022
7281
7963
3504
6890
2360
1421
6510
8986
590
7056
2935
4199
771
3786
6148
2680
1532
6630
9760
9133
9365
1146
2425
6496
2601
9573
8646
9041
5525
7738
4710
2680
201
6046
103
9962
4281
2767
9659
413
1770
2865
7053
4582
6758
5595
3306
1053
7084
3696
7526
2251
9152
5447
5620
9276
2938
2912
5677
3021
3682
263
6496
2906
6010
4170
679
1696
3908
6524
6992
5266
334
1863
3615
9726
3083
7610
7845
6956
6931
1891
5641
1442
5724
7664
4597
8164
1591
6716
6032
5128
7681
7008
3336
5185
4513
1725
6694
1168
697
1043
485
6231
3971
4732
1187
4669
9408
4746
987
3626
3813
5756
1383
9932
958
4123
9901
5644
9269
2759
2072
8857
4707
2564
5910
9837
6882
9914
297
342
7225
4223
9442
3475
6604
5140
4025
6802
8087
4668
5560
4596
55
9468
1544
2295
9057
8701
3356
5058
7158
1676
8782
5661
3260
8094
4127
7893
511
3892
390
1814
8013
6423
5084
9774
4090
6068
9997
6341
2016
3720
2139
1831
9270
4006
9996
7596
5686
2696
6588
8753
6551
1344
6878
9562
5602
4399
4215
9441
7496
196
9239
8527
9538
6544
7699
4125
8363
434
3940
7100
9085
5191
7190
9122
204
5385
3828
54
138
6367
921
3388
6097
7863
8501
6467
3533
6697
6004
100
8575
1365
9126
4
2757
6150
9268
6292
7400
4521
54
501
8559
867
2916
2368
582
616
542
2894
2454
2594
461
5290
8413
4908
8491
5884
2749
5288
4481
5339
1943
1052
5188
3376
4606
483
2776
6505
9482
4903
9192
1532
3781
6198
7553
8780
1205
2259
9338
2924
2028
2334
6093
4553
5052
3322
3218
3109
4059
2234
6243
1482
4957
3726
4101
7329
882
910
5796
1062
5381
6430
8202
8347
8239
5799
8324
7259
7662
9835
4657
8038
555
3174
6560
2523
9945
1192
9717
2736
1915
4847
332
2562
4366
8912
7090
1526
5761
3957
9777
6324
3904
289
8994
7493
4173
8874
4004
3374
9389
7044
4202
1240
2336
1953
9302
1601
8526
9690
9991
9533
2058
4658
5496
3300
8195
9480
3809
762
4056
1190
360
6525
8585
8851
1023
7567
9043
2046
9134
6907
9782
1105
3694
1691
9326
5371
3478
6395
5100
9294
9129
663
8548
2186
4624
444
8296
6384
5702
3989
9855
1250
6426
24
9058
7181
8651
6033
2521
8398
6092
1706
2916
9098
1422
8991
3915
988
8129
4040
4424
8137
566
1542
458
584
1124
6624
1103
7831
7654
2534
727
5646
2857
7225
585
4063
7415
3413
9230
314
5845
1038
1837
715
7690
562
8123
8815
9594
8510
9965
6922
2343
9634
4452
5886
2530
9012
7399
6839
2200
5787
7672
7427
5871
5046
7707
6099
5729
6288
6359
640
9419
1002
1477
8663
8782
3683
7379
4196
7328
8780
5778
9145
7485
2565
1538
9720
1128
8861
9313
2315
5612
2404
6716
3835
3479
2576
5631
9584
7186
8404
2279
9788
5464
2791
7918
7479
2566
988
4633
4456
5881
5187
7809
8483
548
5984
768
5065
1250
1605
3385
4226
8642
3610
3320
2747
5940
4388
6923
6126
7114
3235
7621
3274
971
4223
5654
2210
2102
2929
2268
9806
9843
3956
6291
3358
9305
9503
7238
106
217
8761
1229
9133
2953
3683
9701
8733
2789
585
8919
5664
5583
5020
596
5518
4287
6844
9489
6647
9664
6083
2118
2947
7865
5341
7117
9982
4402
6284
5047
398
7602
9634
8614
323
1486
5486
7140
7894
5296
5708
8884
8312
6168
1695
4999
4805
7975
8680
5838
9246
7407
5983
6102
5391
2440
4641
2329
4205
7597
7423
3071
6396
3600
8139
1
2317
2911
2837
1682
8960
6655
6509
1913
1053
5879
2787
3601
2576
7026
7995
3278
5836
3873
1204
6043
1078
2105
7368
7807
4833
1876
8976
1015
235
662
886
3887
2977
7537
5012
4354
7396
2002
6190
7357
3484
5620
3389
1740
6504
4735
2852
8159
5952
5086
308
926
5
4363
578
3564
650
4185
8174
2466
7154
1312
3595
8351
4004
2246
4435
411
178
8999
4309
5229
3127
6928
1367
9730
792
9875
6898
9828
2371
3980
6488
2721
3924
6960
7723
8040
6438
7156
9146
5449
5167
7275
2616
7385
9801
433
9392
6670
8231
2425
6729
262
18
1896
2195
1474
7843
4202
5032
2648
5708
1973
29
8858
6216
5966
9305
1475
2381
1299
578
8320
4819
6986
5609
2070
4415
3422
4120
4727
860
7423
5698
9373
8555
5024
2418
6804
788
2734
1536
3330
1486
1843
1184
2011
4794
3486
3998
7552
4753
7774
5341
7184
9541
8433
5221
6180
8421
8958
5154
1202
1001
1203
4445
9306
8414
5965
7828
4594
6280
9738
6926
9170
5477
8091
758
7196
423
3223
8211
9444
6429
2315
6900
9838
4576
9570
1857
848
441
4485
3638
804
5645
7990
3404
4933
525
2153
7187
4378
2960
6813
4191
9404
2975
130
718
7007
9832
6833
5886
8585
5922
9468
2984
2811
6575
5788
9118
6466
4670
1126
5865
4499
536
7871
6573
9379
4394
4547
6231
5077
1420
8820
5764
7247
3258
9042
6341
3254
9772
7106
7620
1737
1424
2086
6099
2571
9515
4095
160
4012
8690
3679
3945
4092
394
8059
2525
6858
8997
9656
4869
1822
9165
878
4400
5980
1598
7031
6687
3705
3077
5474
5134
2532
398
9743
2704
2173
3862
5869
84
9693
9071
2756
4769
5765
1984
8411
1842
5874
515
976
3220
4555
5049
5498
9488
593
3700
3145
7233
5325
5689
5367
2833
5219
6272
9614
8294
9336
5205
9610
9789
9410
8215
8050
259
6483
9934
7395
8762
356
6914
613
5249
3350
1200
8044
7882
177
1465
1604
451
4850
9092
8975
2784
9472
3247
8873
4390
9318
8103
9798
7996
6013
4348
1819
9954
6430
5252
6892
6583
2878
7123
2175
5185
4835
6927
34
9589
6546
3363
3213
7560
230
8460
5784
2169
1138
738
9669
1812
1017
229
8157
7210
2302
6667
1460
850
8524
7455
2894
4758
3021
4090
4747
2282
5333
7739
7418
9435
9897
5282
9772
4201
2226
815
7450
8172
3601
5743
6673
2979
3832
1964
3926
6191
3900
5543
7441
2231
1066
4099
3877
4870
1327
9329
3617
6887
2593
877
5347
9805
6370
4359
4346
2260
6649
7136
2851
8749
2401
3220
7827
6115
1316
9717
2623
4879
298
4365
2727
6147
1782
6553
5505
715
3597
295
9112
2500
7675
6216
6026
9730
7260
2620
6344
1969
137
5587
6582
4949
3614
8598
7237
675
3159
3857
8034
7869
6420
8863
4140
8625
3144
3011
9524
5348
1910
229
9814
4123
2210
9906
2279
3674
7793
9523
207
5505
5455
4400
6553
6902
6143
3109
142
1593
3768
1574
8032
369
7507
4298
58
6785
9594
4156
71
8561
7553
9971
7107
7929
6403
7818
7645
4364
9386
4840
6514
5287
811
4336
7738
2495
5470
5913
2743
5916
58
8460
2742
3033
448
2845
3311
5346
3684
8953
8505
393
5023
976
2244
980
3684
316
134
3483
2147
3763
7557
3469
2225
8449
1076
1103
5928
6970
7094
5731
5509
5358
2536
5311
3560
9119
5475
415
9402
5428
9037
5367
5528
4317
3443
6728
1445
3161
1522
5969
962
4313
6394
8034
8018
5718
523
5418
8263
5098
2288
7398
3385
9596
1047
2239
2288
1601
8405
8347
2392
9982
2997
5964
3414
3012
6122
7233
6669
4091
649
7665
1813
5570
3663
4019
6409
5214
5215
5793
9892
3795
9607
6581
2411
8554
9054
762
5252
5598
3642
5586
2433
7937
8000
1337
6466
6563
4476
6252
4680
9236
7845
3427
6147
2054
5326
6064
6792
3907
9366
4604
4201
1111
2473
4050
4523
624
7747
5009
8198
6295
7347
7700
3185
3286
4602
4845
9552
9793
2345
8213
6002
1173
3854
7880
4128
28
4074
7494
5902
6905
178
4053
9603
7471
1327
4579
3240
5305
3666
941
5323
2995
2547
1830
2173
7120
2314
6788
8008
1061
2728
3730
4617
1197
3326
7218
8584
9780
3400
8940
6560
6849
6546
2714
5689
6082
4643
5150
339
2366
9361
5290
487
7630
7503
5077
9584
5536
7509
4851
2072
644
8373
7160
1760
2035
2328
5061
4811
4149
2566
614
6419
7730
3604
5536
9871
4420
5475
9605
8496
1698
8080
2400
5331
6114
4299
8251
4846
3024
3949
8637
9579
5501
1238
3995
7366
7618
5476
1277
7287
1613
7439
3560
5000
453
6016
9847
9476
8247
6752
8572
6593
8957
6634
291
7488
3995
1697
5107
7745
3222
4704
8455
9689
3144
262
8287
2411
562
5837
3294
4944
8260
2672
717
3369
9978
5746
5395
1118
8214
7805
7571
4961
1167
7589
553
4769
2556
1687
3245
5034
793
8233
8813
2014
5739
6731
2417
588
4578
7417
8153
510
8310
5815
1866
1155
8386
8836
217
7337
7172
948
8528
9208
1329
5966
6096
3651
2390
1565
9964
7533
4574
9872
5794
3156
2491
9650
4481
9883
2217
4376
6852
1500
2161
3103
5611
561
2546
2646
1344
5228
8857
9302
1530
5584
8560
5199
7890
7807
7435
2705
8382
6571
3819
9515
1592
8586
414
377
5856
1304
2156
9667
8733
3042
1430
7742
7770
4708
6990
5093
2764
8753
8127
6179
4751
3707
72
1955
9604
5805
5469
8055
9194
9840
2878
5604
2780
1112
7978
8075
8517
5217
7431
4076
2132
9356
4287
6598
1834
5837
7740
2159
8660
4498
3271
1787
9016
2047
303
3901
7838
2099
2797
1790
6909
506
8646
5946
8725
4501
9383
797
181
609
5655
2561
8552
7496
5891
2952
4189
3713
8411
4313
3953
3421
1255
4393
5483
8648
8052
4136
9003
3231
4430
3768
2891
3006
8674
5229
8131
7080
1002
2533
4432
4666
4253
9052
4022
7903
3820
5794
4142
3751
2271
6932
9054
5581
4275
4980
7782
7832
1817
2624
2846
9118
9509
7199
4423
7219
8450
5924
8496
2645
2401
1752
345
1226
6600
789
8218
4940
1660
3481
7177
226
3364
9881
1744
2068
4270
5852
2974
7292
3659
337
1525
736
30
8248
9240
6897
4755
2392
5622
3908
2905
6877
5924
1262
1129
6912
4348
7550
4995
9745
6633
8712
957
1651
1756
6777
8716
1013
9336
6077
9563
8572
3314
6574
3134
4295
7648
350
9064
5022
2114
2240
6716
6189
1070
9938
991
3304
1021
220
1992
7182
8647
6513
1945
5070
5183
8435
817
4184
1394
2190
6143
4415
9889
8716
4306
615
3423
7791
4902
847
5210
3334
1544
8708
2713
1618
3708
9010
6094
6196
8963
7820
9496
724
6611
907
3618
8402
8931
2500
6174
3780
9388
8249
5963
7268
8503
8182
4800
6189
510
3849
3543
6908
3014
1059
864
1281
4868
1533
21
4713
2366
129
2727
6367
7209
1230
6710
7982
9623
5632
1515
4073
5111
4655
1946
6844
5244
4484
4914
4210
1117
2767
9635
1163
2956
5135
6038
8983
497
4257
1627
6444
6353
4384
125
8519
5997
1135
9660
7436
4929
3483
1326
9045
9935
7883
7256
6861
5967
9049
6223
2736
5643
4648
6769
3477
9288
1715
8245
6839
7586
6028
7579
4248
2392
1190
6437
8476
1410
8602
8504
8719
7316
50
2496
4263
3937
8745
6805
2580
9404
5800
2130
5061
3083
3366
8437
4377
3876
1753
5451
9331
9519
2689
3324
6833
8927
1733
9733
6689
6438
4951
1543
6414
4666
4715
7596
7782
6330
4317
2223
6699
4063
8418
3824
3997
7946
4441
6041
7594
5382
3295
7775
6524
3330
2443
5431
9018
8968
9040
5269
6687
7469
205
9773
7660
272
5303
3829
4655
4014
404
6024
6028
3649
5120
748
9645
1799
415
3809
1147
9711
5306
6288
6506
9093
5013
3287
291
8870
7220
18
7598
6166
456
5709
7993
7958
7635
693
7044
1586
9439
102
677
5481
1222
4210
9801
9231
9313
8781
569
4628
3678
8693
9499
6883
2813
2403
2908
9853
1387
3538
6467
576
4533
8383
7086
2471
1557
6144
3495
485
8247
478
1780
3309
473
7106
8652
4480
808
3273
1274
1457
944
3104
9812
8108
9366
6316
2894
3649
3594
8351
1894
7200
3037
4575
5672
296
9454
1702
5774
645
1626
4938
7336
8590
7445
3974
9542
4597
2328
9297
4135
5391
387
3699
7758
3302
8280
6845
790
9723
7684
5904
6988
2216
8190
2385
6113
4364
5594
7296
9295
5339
2494
7622
3863
4258
7972
2470
3390
8815
1580
2978
4805
8987
2629
9727
7474
1562
7707
7785
9748
6523
2597
9254
7243
1624
3870
1529
6993
8373
4737
1237
3954
1646
9971
2844
3527
199
638
8416
7751
4599
4329
6805
4416
539
5890
7765
6608
9794
1106
1570
6006
8433
9367
2428
3239
5871
2651
82
6236
5025
8925
4301
6972
6594
8154
4582
693
4412
2392
713
1052
9953
4508
1406
5752
3818
8349
2836
1858
6148
5992
7463
3526
4162
4225
7903
3183
7653
7302
7704
5379
6079
1670
5884
701
9522
5631
9752
9936
3558
624
5379
4177
8086
9767
5373
4884
2141
4768
5282
3348
9551
8253
1077
1116
5616
6449
2833
8584
326
7435
2764
913
667
8204
7637
897
9623
6831
9090
5747
790
221
6832
6694
9801
3575
9416
9778
4773
3169
1458
3706
3671
3133
2008
659
7349
1094
3816
368
1732
4482
2303
1390
8858
3878
9247
3521
8254
4520
9858
2673
1300
6854
5029
1006
5494
5400
2522
7244
7775
396
9599
5324
1415
1133
6727
1129
6436
4248
6615
4595
714
2436
1587
6351
1809
5479
1290
2723
507
1293
5546
7105
8622
4673
5154
296
6109
6438
6641
1004
3297
603
2095
6059
9774
6051
3156
6341
9353
8023
6169
609
7351
304
677
9793
1012
2293
3974
9290
5416
2903
6098
1163
6495
516
119
6536
3806
5224
4388
9591
2897
8415
8952
7382
6990
7583
3275
2138
9893
7503
5382
9732
3758
4804
6726
7983
1273
8457
5570
7169
391
4432
1842
3549
2568
1026
2406
407
6827
5479
3572
1149
4898
4528
7054
5561
7646
2501
1888
3530
6952
6744
8118
226
3574
8811
8249
5808
9723
5151
6343
1909
6211
756
8225
5784
9722
8706
1480
1968
1871
9255
1627
8798
3835
6573
9605
5780
6997
6991
2913
3458
2223
4109
1889
6758
45
5538
3825
8309
2450
5723
4351
2389
8127
6305
5714
3100
9889
8763
4589
2786
5851
7278
6044
5308
2609
5658
4835
6329
9050
7509
7914
6876
2023
6690
1022
2487
3107
4967
4058
7850
1442
1623
7662
7781
914
5497
2854
3860
2375
7357
1974
3501
2105
5646
6618
1395
4792
5445
4449
1393
6241
6001
3133
4105
3141
4068
1335
9533
5205
1759
2238
6892
5299
2420
4798
9757
1564
4408
5654
7264
1550
9143
5593
352
8883
9381
8643
6941
5619
7598
694
5827
8855
9936
720
4739
5522
612
1922
5796
5166
6711
1896
2474
2580
9477
524
4146
8189
8492
3134
7049
3242
2984
5666
3001
7585
5865
6016
4866
6455
1116
8618
8841
8621
6710
1855
5876
219
4478
8993
2315
5581
2528
7501
5828
4145
2121
9652
7310
948
3000
1612
8467
3566
4797
1243
8953
1834
5396
5799
1802
2438
8661
4078
9010
2952
4175
3549
1887
4199
2507
6390
7545
8790
7719
3985
4683
1015
6829
9352
3075
79
2124
2084
5805
9594
5324
591
7595
4775
6541
2494
807
4018
2268
8393
5119
9120
2149
9535
1318
7974
4084
1797
6351
6266
1402
1709
9104
4704
4028
937
5983
4884
1101
8240
2748
9099
8385
4912
3796
7752
3585
9537
9603
5493
2083
2335
4930
3333
1932
3748
5283
9698
4550
6735
467
5283
1347
2425
3104
8914
9149
5349
8615
6542
4266
8087
2635
2762
5653
2747
1980
2914
5572
3882
5019
586
6055
1596
7838
7374
1657
6842
9974
2440
9653
7776
9765
6150
3405
6517
8120
7331
8551
9391
7287
7946
9027
7794
626
5509
2206
7665
4468
5578
3281
111
7849
500
8166
6035
922
6276
8664
9201
8088
4177
104
7434
7232
6995
4432
9451
8451
1808
815
1680
3413
651
4625
644
8178
7935
3420
2853
5511
7158
2881
4055
8230
2490
3347
3246
1733
6027
8808
6500
7918
4892
1337
7724
2334
320
9263
3336
7095
3370
9162
2908
8835
8419
603
4020
3568
3520
9182
7793
250
6619
1906
3830
6036
5001
2057
4983
7481
5478
2807
4663
9980
8985
7102
7578
9189
9365
1896
9764
5733
1636
8251
2907
2118
1033
7382
3806
4445
1302
9012
8361
8705
4160
8077
7269
2593
7653
2496
4051
5269
2880
6931
7444
3363
9845
4311
1693
5573
1290
7244
109
4586
8309
9199
9371
3636
8925
6231
1910
8747
9457
3797
3199
3077
309
9901
6977
8892
928
442
2402
2762
6583
6047
74
1262
2927
9840
2808
6576
6642
7277
3262
8716
4842
8913
2728
4279
6852
9959
6207
4419
587
6276
9420
5893
4372
1173
9536
388
7909
8743
7081
4220
5700
52
6834
8275
4818
4980
4405
8921
2988
169
7098
8462
7237
7369
3034
421
297
2380
8207
8884
1204
2437
6190
5519
5936
2973
1746
4905
9962
5430
8677
7088
8520
3680
8718
4487
5481
7741
1425
5346
6186
5098
2519
7764
120
6062
1300
2051
7994
5496
528
7071
6123
5875
5053
8416
5562
5361
6046
7975
9830
74
8758
1320
8108
3619
6066
9780
5887
8069
7543
9152
1151
2250
4970
2885
1135
5196
6627
768
5338
3031
3136
5548
6090
5017
3051
4489
959
384
8676
2765
2290
7800
7139
5041
4705
8050
9868
3345
7724
6180
8890
8255
1079
6400
9007
3320
2846
2162
9748
1818
6416
5503
4683
9293
4595
4476
8137
9022
9580
735
167
9115
3586
81
7959
7325
9601
4404
3551
8857
5446
7188
1645
1983
1909
9046
3924
1661
5250
994
3944
352
1131
4950
9549
9590
2935
4482
2113
6669
3412
7823
2850
8798
7041
7753
4017
3195
3100
8221
4510
9722
4321
6529
3986
7954
4090
3012
6192
2461
8507
2800
9151
4538
5061
8255
4987
4316
5858
8828
4503
8772
958
2927
1640
811
461
4712
9329
5963
2019
5366
3534
851
6713
7773
8339
9154
8255
8495
3444
5690
7522
497
5604
6485
7606
9164
9532
1383
9922
627
7384
2299
5492
2552
8184
5675
9297
2079
6157
7460
4527
5549
8075
7889
9699
6533
2958
1706
253
2182
1011
3544
7283
2804
7629
4373
7716
9749
4101
843
5209
3081
8962
8994
7980
8961
4257
6181
1738
5286
922
4219
57
4502
7623
6020
4576
8981
1559
4429
2178
630
5249
6266
6876
6037
8349
6584
2415
4
1773
3318
4052
9905
6614
3949
3720
1373
7220
3790
3263
9377
570
9144
5242
1073
7873
2065
4910
8156
5720
4513
9771
8576
6741
3900
4116
6524
8759
2725
2987
8904
8790
300
1262
6360
8796
6242
4688
2846
4560
1793
9995
8774
4907
8167
8429
5386
1815
5187
1268
4242
5258
9222
3790
3625
8051
4827
7112
1759
7200
7539
9327
5267
2895
2812
2093
1907
3197
9698
6560
3603
4259
461
4425
3513
4712
9325
8412
5488
2107
7773
3701
3605
4829
4264
8957
2860
2455
4444
6834
3435
4764
9591
1281
4500
1878
4139
2501
9288
2619
9922
8005
9743
1722
8387
1550
8292
7420
3394
9223
5753
9343
9469
6202
6070
9711
4684
8061
8539
7413
6465
9837
9719
8250
1017
7522
217
1422
7231
4511
4357
8998
378
4994
9304
5634
7863
3789
1327
8378
2536
3421
7771
938
8640
3276
1087
8892
721
9605
5531
6515
275
3181
9632
2563
3450
1601
4030
2129
8928
4843
8806
5586
2728
9394
6843
1842
2508
5168
5442
9949
4386
6327
563
9006
8523
5371
8354
3847
4536
6085
4011
8022
8190
2320
5187
5169
9078
5706
2987
2690
5467
51
1338
927
6228
6542
4699
4339
2234
8736
5338
3809
8472
6494
4634
5693
6829
2989
1416
3982
2188
9613
1402
8000
7928
9163
4389
3965
7706
8195
1375
8375
9694
4369
7448
6999
3577
8755
6592
8430
3992
1695
3940
5398
6278
1498
705
1678
840
7623
2302
9160
7825
1963
2069
6228
2729
4548
1959
2912
9213
2796
4984
7495
7340
7370
589
5124
4705
9164
9561
7670
5592
2592
8751
96
8260
661
5929
4065
2212
6965
3990
9191
5006
9865
8190
3634
932
8272
506
1627
1272
2856
8310
3134
9354
9116
8470
9892
9486
762
7367
9167
8856
4053
7169
3514
4985
7338
1164
8470
5767
9561
1053
8416
5261
1600
8536
7785
842
9590
8652
4511
7256
3830
336
6621
7472
8385
4889
8428
4364
4710
6624
3308
5156
9578
7701
6333
9167
5100
547
3514
1658
5666
1340
3284
884
7271
7208
283
1143
3385
6441
6627
7429
5343
4199
7421
7664
4878
324
8546
116
8667
3330
7978
9191
8117
4337
5749
5425
5658
9258
8980
751
9167
1974
6866
1849
5664
7697
6180
1344
619
5954
4883
6402
2324
2472
3037
8704
9107
652
559
9445
5101
8322
9907
9748
8289
3902
9834
3260
683
482
2506
5268
6821
5304
8600
2152
4322
5681
7115
9108
7273
1883
4146
5390
9133
3833
7203
6846
7087
6153
1887
9785
3221
2052
2443
1871
165
7912
5471
8277
6980
4339
1215
9841
3798
3445
7880
7461
6552
5633
2105
676
2119
3785
8983
1614
6775
9485
4961
9695
5397
5371
3589
9352
7875
3331
6852
2299
2038
5552
1641
1010
7670
9285
1635
1463
656
6379
1274
6753
4075
1342
6570
3212
3956
522
2444
9561
9932
4058
5092
8070
1925
3651
5705
3782
2869
6039
7268
9934
4928
6718
2129
9274
6362
6109
962
6837
9416
6245
9471
2271
8863
5218
5710
5401
5823
1252
7410
4195
2385
20
1613
1013
6975
6538
6326
2278
273
4559
7264
6641
3338
7375
9198
7367
6640
8966
8289
7367
4764
668
8240
6875
7439
8173
9086
1352
4980
9690
4048
9034
156
7546
9443
1712
4882
9631
6128
5470
3916
9344
6176
5038
7202
7033
7921
8604
3727
1532
9406
8774
9963
4117
5776
3584
1552
97
7853
7998
9923
4074
1314
518
7641
7472
3038
9698
6011
7536
7605
5161
1399
8234
4537
4021
6142
7961
7082
165
4297
6461
784
4660
9318
8227
8175
7512
9509
53
7297
3710
3821
787
999
1047
854
1091
7473
3400
9314
7902
6552
2381
275
1073
4455
3227
7954
406
265
5805
3160
5206
5607
5310
4197
9572
7160
9592
9319
1912
4837
3308
3499
3068
8463
919
8094
5069
5858
3369
7715
2308
222
2877
6121
2449
7381
4115
5834
8658
9976
9743
661
3777
9971
3769
4270
8543
8922
7095
2571
9836
2470
7144
7072
1639
9775
6262
8304
5619
1948
7278
3195
7544
7245
133
2313
5952
4213
8559
7531
1878
6128
263
8695
8607
8073
8580
2916
8295
3599
2653
1437
6805
6395
7717
4033
6593
5940
9320
8808
3086
987
2673
1802
4568
2878
8120
1678
4983
5366
5160
6501
7158
3004
2511
1707
4020
8763
4317
925
2349
8861
2857
8146
7435
8781
6377
6769
6357
5423
6118
1178
7164
699
248
1122
8988
2985
1834
5883
1089
2750
5341
1024
9440
159
3706
8875
1493
6622
4556
9096
3641
5936
209
6424
4984
7911
8649
6256
5623
8556
4105
7230
7981
1803
1224
6727
3453
1170
797
451
804
3714
1942
2598
6451
6989
7541
1084
2084
4961
1046
783
2145
8090
1776
1032
7382
8558
8440
9294
402
8426
8972
3604
4461
5584
3394
6429
1200
6289
5653
6090
152
5294
9591
379
7593
3625
2191
9895
4673
8308
6976
3295
6310
838
4693
5212
5608
9678
2878
6633
9810
6405
5021
2413
3894
2594
5908
4824
5074
2473
4513
2746
1797
310
2405
2605
3083
4928
6924
6594
3594
677
3887
629
3065
6346
6692
2776
503
6119
9024
4851
8107
453
5617
1408
6061
3940
99
5557
8160
4907
6209
9751
5690
1598
1107
4545
6617
2300
8442
1478
6990
8056
3263
3235
6257
7680
688
8888
8863
424
1457
2194
8925
9124
7900
4178
2585
1821
9688
9220
3246
6671
4636
5234
5530
6925
8882
116
6356
4906
3034
1101
5355
9441
1353
7590
7920
5577
4168
8687
6875
9918
3532
1773
6574
4410
3020
7698
944
6191
6359
1608
630
9245
6695
7119
1925
1484
2895
2963
5922
5048
2319
9945
7214
6001
4533
5337
6765
7490
8655
9368
9734
8955
6052
857
3542
8659
5231
9582
1141
2293
6952
2709
2972
4088
2606
1686
3928
9055
5492
4953
5739
1468
692
7367
3138
1821
7913
750
317
9773
9916
657
2512
5875
623
8342
5811
380
6672
6806
9834
6083
882
865
5435
2772
458
4076
8891
3072
1099
4988
5970
519
4342
2173
5082
3907
4931
2112
7541
1365
7437
8268
695
6183
6193
8171
1292
1862
9129
7862
8445
5108
247
7838
6141
4310
3832
8538
6449
9443
8342
1337
5030
524
6732
8188
7632
6877
4652
6833
958
9157
2261
4901
390
4555
9895
8811
2771
4560
7016
4453
9326
854
2837
9708
2730
2318
857
1698
5245
1929
3221
5606
9549
3279
566
6642
8708
3779
4789
8664
7226
1057
2983
549
6044
8255
2413
6042
520
9989
6266
2997
8777
1849
4410
778
2526
7619
993
5500
821
343
8202
9561
1515
3848
7941
8196
7354
9074
9332
5846
325
8666
9830
909
4011
7562
7685
2521
126
9583
6118
2187
3010
882
8165
3202
3250
8001
8321
8250
3976
6141
2375
6113
5091
4057
7563
2541
8583
720
1609
4596
7447
6853
6948
5228
3738
245
3672
4871
8844
7578
1631
2051
3077
1251
3283
9907
8916
319
9874
8809
4329
5130
5949
1085
1294
9840
4691
1080
7360
3858
7754
2589
3761
3815
6023
3458
7416
2710
6057
211
4409
7988
8923
9722
3886
9577
9775
255
3594
4613
1735
4663
123
1333
4559
7012
4050
9540
7808
4515
6175
3700
24
1237
981
7197
2915
1670
2262
6975
998
3034
5149
8895
1332
2780
6103
1646
8917
2365
3727
8687
6715
4149
1635
7383
6715
2902
1673
1853
3135
22
2681
4629
2364
6257
5376
1945
2204
6760
1962
8964
6477
897
5475
7179
9592
3140
312
6842
7411
4312
6075
2241
84
2232
2099
9647
9943
1194
4244
8321
3971
4833
719
7909
1447
1934
7064
343
1033
5911
4460
3870
982
937
9925
8396
4061
8878
8673
9443
6731
5152
9947
7271
6476
291
1662
6122
6928
8966
2073
7409
6755
6372
3100
3276
9937
8609
3169
5936
4219
9440
1349
3161
6261
3624
4522
7470
4590
5288
6547
6355
8643
4748
6547
6503
7524
5122
8655
1130
2017
8817
951
9298
9653
7480
7445
1992
9025
2782
8887
5055
3114
6402
1437
9562
4832
7655
6147
9159
142
9596
2865
6401
977
2101
9371
1851
7004
6099
1267
1880
3270
2261
1854
9515
3201
5237
7034
4101
658
3196
3052
1842
9312
8332
2576
9573
6702
8365
3845
9094
8810
3186
2457
2100
2663
5391
1531
7204
2949
6454
9720
6628
8302
2175
2338
9212
9423
6895
2089
1375
4173
7021
1811
3131
6204
6890
8509
7145
7342
4156
1674
5059
7258
2405
534
2695
5590
2481
7106
8231
3929
6640
5624
1088
4856
2092
4655
4361
6672
6458
2061
8355
8758
5048
9866
2521
6067
3537
7696
5866
4593
7471
3556
3848
2535
6303
8844
7354
2313
7769
958
361
5192
3283
5890
5796
7567
1408
342
9979
3508
6095
1148
7924
6528
1358
3309
3839
1664
4530
5012
4133
1895
1293
7459
9141
4332
8244
6450
9239
3069
4384
2010
4705
8571
2045
4409
9245
4384
1216
2124
2062
5068
7030
8903
1008
1700
9090
8978
4208
2086
9500
4406
8920
8912
6823
5554
3865
784
5429
9345
2266
5354
6704
8493
5544
4670
3081
4257
2976
6241
5599
3193
9109
6313
6488
363
4954
6584
6563
3657
2931
5342
2048
6772
8868
1200
5023
5386
6038
468
5549
3239
9879
5238
8712
9057
664
8302
9637
4543
4127
4242
6619
5999
6321
800
3562
3146
7612
1171
2812
8390
7878
5120
9128
6019
6817
4764
963
1217
7967
176
1584
730
9919
9594
6152
5201
7021
5172
81
8274
7682
7238
9740
2838
8894
2117
7876
8591
5911
9839
9924
3280
1666
7816
2679
1842
807
170
4435
8175
5362
4979
9026
8850
9591
6872
4888
9837
5499
4382
5884
8141
1056
6356
1986
3534
2150
5056
1738
9545
8215
8835
3635
2554
1468
7536
8540
3207
2087
8780
2998
9879
4802
8216
6986
2545
2920
7126
1621
3962
5717
5292
9206
5916
3982
9623
2832
1603
8861
6717
3933
3204
813
9225
8649
3942
3324
7768
7761
6515
4889
3602
410
8649
3467
1982
7504
3994
3078
6774
7668
8021
9132
9338
3089
347
7524
5703
3485
7334
1205
440
6245
590
6871
2067
4966
505
6469
7835
3202
8715
3941
972
8412
5242
177
7814
5720
4056
6941
8448
3835
9807
4280
9110
9576
3096
4488
626
1470
2911
5285
8797
1893
3881
9590
2543
4069
6261
9332
8615
5568
9621
4041
4353
8052
349
4250
1915
3577
6051
4286
6123
2232
6226
3748
695
3232
2878
405
5083
3791
1520
2581
6761
7274
8049
1183
8888
2258
1631
5337
8940
4778
4441
634
6689
3598
1757
5579
8336
1882
491
1668
5749
6434
8047
8983
6550
6551
8319
1517
9358
6788
1732
1007
4171
8058
4609
6426
2679
1214
967
9317
1962
6514
1732
9505
3921
4851
5451
2977
4144
9124
9120
1099
7920
793
5746
7399
6620
9199
4554
3208
2369
2041
6430
5623
5996
3953
2739
7974
7707
8985
3201
719
8982
693
4170
8277
155
4189
5652
4830
8998
737
5527
6781
532
7392
3297
8629
9439
9663
9099
9394
4551
4790
2994
5288
9209
4348
8997
6287
74
9532
5952
8447
8894
4026
3606
9118
8003
9176
1035
8067
1415
2740
4478
641
9789
8408
8560
4904
5094
1821
1856
4265
2608
4421
5200
1912
5437
353
8987
7463
1776
3480
8979
1958
2162
1289
7366
9254
3994
5812
6010
4389
2151
5947
6553
9773
5320
2507
2737
5127
4429
9967
8993
4522
1572
7947
2937
1815
2450
1495
7235
5655
3662
3025
25
1396
3613
7497
8927
8724
6200
8388
4036
4127
7108
961
832
8705
9815
9170
2436
2043
4706
2715
8952
4211
9749
6103
2204
4630
7053
3121
4826
7411
4419
9570
6483
4325
7418
5345
8292
8298
5226
5094
2331
2819
8132
632
4835
1709
5848
7414
519
4056
8145
9882
317
1931
555
7751
9162
6422
8325
3989
7129
2604
8808
672
6449
5463
3102
1893
320
4181
7277
5623
1474
4288
3451
6228
7038
9250
3405
9860
4818
1066
5938
700
5518
9912
6540
9547
42
1121
1403
2539
3132
8508
4171
6817
8266
8032
6914
4464
1563
505
8214
2095
2935
3414
5683
3973
8422
1835
6762
375
1327
1268
9947
9179
3517
2644
6581
7610
3765
8822
9486
1399
8665
1699
4836
1779
2077
3574
6762
6897
4756
4759
630
3903
9126
6549
3706
5698
3057
3236
7901
6875
115
8868
4486
7845
2787
3324
5338
1024
2103
6715
9107
7931
9485
9325
1143
330
1490
8117
6111
9858
8233
2134
3521
9472
1205
8702
1382
6773
3576
8486
8073
1201
9286
4119
2275
2560
3828
286
1264
4327
8411
6515
4811
4528
9546
8665
5274
8111
5833
8356
8704
5309
8511
6984
7850
6678
2488
8522
8020
2690
7603
2354
7811
8981
6855
9264
1753
3967
7822
729
1404
4954
8578
1320
9531
5581
3240
4326
5122
7023
8306
3817
893
8044
5635
7864
4213
5649
8218
9065
1516
2883
5766
7161
5433
7914
1901
8514
8004
8258
6380
7872
5006
4385
6621
6271
8739
42
3880
3302
4066
340
2376
1206
8216
8972
4712
1384
4360
5506
1641
6653
3672
6301
2054
115
2844
3181
4447
5042
8760
5740
5283
6074
8778
8672
9235
3850
7235
959
295
942
2173
8069
4481
9836
9223
385
5760
3403
4091
2107
756
5071
3391
3744
951
4031
7579
5997
4887
9678
1876
4534
7595
8556
1447
3831
7861
7447
3995
2688
6762
1587
4433
9813
1676
5441
7476
8525
5564
7062
9057
9981
1367
5092
2095
8456
1312
9553
4246
1776
1108
9656
798
9625
3734
6458
2146
9996
8310
5771
717
235
4119
8765
4776
9040
5284
9253
7349
6619
9087
9149
638
4586
766
4539
5424
8401
2998
5870
5246
7077
4551
1724
3443
4006
4063
222
7377
928
6082
1188
9169
6405
886
2526
4918
8891
3454
9898
7347
7687
8214
1642
6399
2919
8402
168
3285
7857
2532
3106
6108
2860
5521
5502
8527
3839
7423
8905
8932
248
5066
8147
9485
2585
7075
7356
5481
24
4454
2904
9761
7308
9454
5415
1754
6857
9071
9628
9451
5023
4818
4296
1039
9958
6221
3489
8150
6784
419
5786
48
5175
417
509
3679
3185
1036
239
3714
4765
3904
5349
4589
6441
7328
606
6473
7599
7572
83
805
8744
9417
2496
353
4848
9641
1897
8314
8756
3072
2825
5875
7904
9322
4281
9802
6136
3899
4930
2397
4591
3976
4598
7295
540
8864
1390
4434
432
2459
9969
7307
5812
8051
7008
2580
1698
4309
7744
4927
6440
9522
9841
911
1691
8266
2717
2118
9060
5412
3150
3256
5618
7901
1144
5242
5513
8837
3261
6836
6677
2655
6223
2065
7693
4273
6088
8675
3738
1218
660
815
6733
1921
3686
7157
6231
2992
3699
6238
8833
4181
4993
2506
4213
9650
8606
797
2990
7286
7907
1593
1133
5189
629
8638
7982
7877
777
1102
2450
2290
7687
9910
2496
3716
8109
5920
2617
6762
871
2712
8761
6681
1325
8352
6675
5539
3974
285
5134
2266
2513
4315
8514
1435
7836
9444
1654
164
9759
9948
3154
930
5336
7871
1910
2595
1494
5872
9769
3377
2887
5712
3629
3091
8167
7767
797
4609
4485
5774
7702
3272
4136
7997
3111
9918
7117
1331
6309
8423
9673
1747
3240
5300
8367
2820
6068
5390
6504
2807
2813
2598
6789
4010
3522
8293
6137
960
648
8881
4663
1847
2474
4384
5804
5523
3197
8656
4032
8004
2533
9712
2855
7467
7437
9994
522
5994
3580
3259
4547
2460
4311
5519
2127
9229
2560
8226
6776
9211
8223
4617
4266
7453
2781
2450
9854
5378
8655
9041
3391
2784
6402
9565
2095
3225
3812
8528
7591
3656
7734
8489
9180
6755
5985
9358
2582
8130
9895
2603
7867
5433
3274
8105
7690
6816
5086
1740
8279
1507
8441
209
2877
1431
1298
729
5697
3658
3487
6069
3990
3340
2268
5801
577
2621
1428
23
4133
3538
5350
9830
6469
2567
4901
6266
5599
4729
1742
5828
4655
2399
5919
9653
8774
4188
3128
9406
6416
43
6296
3120
4695
4404
3535
5836
3391
4381
9616
2908
3711
6863
3999
8866
2373
2404
8043
6321
5447
3909
4670
769
7301
6269
6306
5334
408
9227
4626
3809
4712
1089
5456
652
3012
5144
551
705
2647
3785
3661
6475
6676
8201
524
2006
8816
1417
9043
3191
88
1441
4489
9609
7564
9586
4007
9398
6972
8125
325
7725
5430
6948
1537
9836
4053
712
1489
9611
9300
4822
8809
5025
7669
636
7900
6405
8135
3831
2479
7179
3645
766
3109
6499
8449
2657
9008
9407
6481
9259
6291
6896
9752
586
3464
7167
6689
352
1606
6299
8424
7997
3413
644
7538
7483
993
8676
9999
9449
3208
4337
4872
2022
6095
729
4867
2483
5636
1855
1157
98
1888
5858
2800
5295
1601
9908
2586
6930
4305
2847
7210
9904
3602
8248
6595
4373
9994
1774
998
3920
1006
7499
5142
1050
7293
3122
1575
5449
6549
386
5545
2652
8425
233
3592
9312
9738
3115
5291
6747
8792
3065
4707
624
5628
8477
3421
6759
264
1485
7735
4634
648
8364
9348
6991
1966
9863
858
6997
3366
6268
3729
6214
4155
4779
1619
5117
762
6205
762
6176
9583
9121
7243
5171
9085
1180
9846
6896
8911
1490
8286
2138
6352
4980
6660
3402
8921
4480
5150
395
7872
7755
31
3321
7485
3907
6886
9295
2212
7917
1462
2349
1196
3441
2334
3907
9265
3755
7719
7913
1366
5017
3903
9958
4076
5211
4186
9312
9762
4346
387
2058
5310
5113
8333
6373
2322
5065
5277
569
398
7037
7164
1281
8121
2979
282
3973
637
6248
4961
5268
5963
5327
7074
6831
205
4933
6848
383
2293
2769
7821
5574
5981
7968
9234
3212
6283
9815
9386
6338
5850
3246
9572
9976
8596
8195
8828
9132
2068
8806
7154
2405
5463
3058
761
5768
9774
62
7948
1844
3732
5574
7393
8711
3878
2530
5759
7139
6157
6125
5850
7260
6756
4414
3930
8747
5603
9169
6381
5348
7952
9638
2930
3109
5706
9047
8275
9941
1665
1976
9056
3648
4310
5968
2490
6294
9934
9248
1324
9346
2862
3056
3804
5226
2079
4329
5525
3910
7423
8609
2773
6065
7477
2796
9783
1170
6900
3942
1915
9751
9631
4517
800
9841
3933
3568
1028
9186
6724
294
9773
8925
7887
8850
7298
1231
134
7056
7794
6236
9856
1684
2988
1838
3340
2951
4232
4896
3459
4123
4483
9750
1246
3740
4997
9378
1866
8698
4784
7718
9036
8900
3978
483
5984
229
1603
7060
767
9760
7429
6662
869
1489
4525
5465
9813
4711
1230
2168
9933
1263
1690
689
9314
8691
2005
744
8234
8354
720
774
6435
3179
7307
4430
8923
8497
5692
6975
7373
1512
2320
7183
1032
9308
8354
9234
3324
7853
3800
5198
2791
2077
1538
8819
7726
7868
3850
5075
5670
816
2781
3293
9149
80
9911
8790
7625
5577
8920
1161
7781
332
3906
9944
9736
6971
701
8946
1646
8965
3027
9914
9983
5513
2470
3486
956
1314
6117
1742
4322
9082
2376
9377
9594
1749
1222
8603
5868
1201
8664
2137
7532
7278
8991
4365
3329
3422
4583
7913
8356
3348
8299
9862
2641
3123
2770
9085
9189
8893
6641
4814
4806
3950
9379
9504
7139
99
8884
8615
4122
573
83
1778
960
8608
8155
5625
1380
2524
6783
2386
3048
9278
3823
6806
7188
159
922
5895
4615
197
5015
9318
3776
5513
459
2409
7097
5402
8929
9498
3327
6968
9987
8916
332
5522
88
7606
3342
8973
2616
251
6296
4664
3177
5088
9454
5805
606
7728
8929
9050
2505
9934
10
233
2997
8243
2705
9028
7391
6841
7906
444
5829
5301
8237
9843
3628
9660
6201
5836
7145
108
3709
2915
4429
7401
7094
831
3338
6598
4777
7680
9316
4942
1967
6076
7505
4255
4546
6278
4909
8268
4620
4487
1035
7534
656
2285
2361
6401
9881
248
40
3049
8976
2040
5447
2240
8455
9509
5092
4644
1658
7044
5901
1454
3474
2831
1021
7518
9429
4581
1722
3531
4475
67
4193
936
6317
9806
107
1846
4526
8338
7669
4681
2104
7159
8908
3067
6107
7163
9994
7363
9979
165
3031
4580
2353
2751
1096
1570
5536
5219
780
1232
6391
3838
669
4616
9304
5458
1833
9388
3134
1944
6879
4929
2819
4449
7898
9426
9608
5444
3216
9541
6571
9084
4661
2070
5121
8332
6215
5595
6293
9397
184
1096
945
4585
5649
2206
8720
7283
2176
8381
4775
6663
1628
9247
7561
1270
26
668
1671
960
7496
4262
418
6329
513
6003
420
9312
7703
9013
7765
725
9509
492
2496
277
6405
8027
3799
3348
8998
6673
6837
2008
1223
4794
9809
1031
6499
1024
8811
2983
2932
4818
424
1097
4087
1531
4875
3831
3759
8480
6619
4299
8881
2043
3508
3761
4324
8742
2603
7528
21
557
3059
6069
5676
6967
3924
5210
6598
1793
9772
1911
9639
5327
1234
634
6752
8191
8629
1002
8382
1590
8156
1496
5981
8031
6059
874
8012
3156
3798
3754
4394
4045
7601
3492
615
2082
1987
6242
2301
2147
6014
5333
9651
4408
601
1688
8709
8861
2788
8562
5817
8581
2586
9613
7144
9850
7884
6995
4641
9277
1218
5014
1958
9230
6390
5152
6256
9532
4922
426
3587
314
9001
5194
60
4938
593
2599
7019
5668
5810
2747
6567
1929
478
304
4477
3464
461
3149
7298
3884
3518
168
6758
145
9108
6002
7213
7578
6639
1851
1335
7710
9323
6460
4020
9221
4477
3095
8668
7137
1961
4268
7087
1826
4203
7429
2444
3064
7046
6467
6345
2513
8671
599
215
2633
5904
2946
2494
2900
8571
9479
3429
8185
3205
3318
8629
6908
1923
4799
9429
6995
1223
6075
6713
7270
8456
7833
2130
8217
6828
3199
2286
6426
1104
1147
5010
9873
6702
8481
2915
294
7228
6076
8416
7551
1402
5986
190
7515
8770
7458
8980
4470
5469
4251
4421
2549
7198
564
3506
1306
5924
6551
1397
2145
2720
360
2188
4635
7780
965
9627
374
9297
3101
7657
6684
2113
7793
7350
8141
545
3909
8776
9931
3584
8029
8715
873
1850
732
3353
5866
1787
3840
413
9993
8384
2268
4937
9440
8074
6436
3069
3941
144
3148
666
4522
9726
8707
5085
1780
1225
1627
9138
2324
2863
3539
5322
5426
7638
6702
2906
5733
4830
7953
1207
7573
3768
8979
1143
3760
593
9442
3820
5880
4991
7810
5158
5709
7881
8464
2582
529
1386
7986
9472
4068
7100
5642
6570
5263
119
4030
1145
6790
6742
6315
421
5471
6504
949
9677
3614
6969
9304
5691
4850
3304
3951
850
1959
1413
9863
6150
9796
4526
6756
1783
4595
5129
7416
583
8920
498
1858
7606
4926
70
2915
5338
8915
6355
5694
6330
8261
6724
6494
6527
5586
1775
3274
2300
9877
7393
54
4311
2634
4592
1356
565
2993
2634
2821
2990
5280
3763
1763
3343
698
166
5334
7393
340
14
4530
3034
7362
4921
9390
9249
3649
339
1147
6566
4619
8134
375
4620
2482
8205
422
7568
3081
7446
6434
2251
5994
673
370
6734
2307
4496
489
7651
6978
1786
5089
9601
7211
8054
2070
9052
7604
1767
7879
3481
5858
929
3413
9277
5193
8033
2860
48
7011
6405
8751
3397
8700
7839
6445
6297
4305
5568
7953
1732
9871
4621
427
4980
4950
7340
9872
2246
2271
5889
5709
3255
4693
5415
4457
623
9370
4741
4853
5442
4041
3941
2977
6074
9973
8486
3537
2858
8726
6134
3297
6241
3582
471
2718
7880
9929
8063
6994
3303
5944
7862
37
2375
2575
2462
5314
7656
5108
2145
1098
4349
9963
4393
1503
7456
2784
7745
6816
7470
1686
6094
5116
1172
9022
5048
5141
4443
653
3068
6154
7008
102
1513
9622
7571
2665
6654
4651
7195
4579
438
8583
5124
2573
9293
8419
3233
4966
5735
1420
897
6244
9847
3167
5286
2257
6891
5972
317
348
4615
7637
1241
9715
9779
2147
1686
2899
1991
5769
7147
6146
4268
1151
4011
4799
4830
9548
3293
1750
4444
5651
1858
5686
4534
7728
6914
2702
4489
376
2025
6858
1981
7663
1978
2779
5066
5104
7916
7398
9626
6887
4396
1175
3849
4776
7385
3643
2693
5211
4692
3049
871
4098
4799
4658
1376
8992
120
1069
138
6433
7192
398
6744
4966
3010
2193
9938
3247
4505
4339
2401
4547
5964
7568
1657
9634
8395
5530
9935
1689
2392
6703
433
1714
447
5441
1912
4992
5759
9632
1589
4327
7722
3165
2682
3448
950
7490
3099
8124
7799
862
2797
1748
5014
11
477
3924
7399
6510
8166
1857
9771
6260
6235
3035
3500
7964
6496
4460
6094
3942
5970
3731
7792
1691
8510
2805
5236
2512
2103
2370
7028
4199
7429
6078
6495
36
9586
1475
9816
2211
6272
1764
6564
7978
4082
2043
6325
2700
4098
8339
1450
6021
7275
659
9407
5267
5391
1213
5546
2443
5085
5319
3997
5004
5669
6633
8601
9468
2101
3790
2348
4979
2372
6678
247
655
4834
8063
5158
9732
7116
7398
7372
9265
4726
4935
9431
6502
5022
7907
1392
6854
5715
8545
9924
6169
7302
8477
395
9071
9595
3165
5730
368
3499
5703
5566
6188
274
6001
1347
5086
9199
5653
8763
174
5109
3599
6396
9953
8342
3474
6585
4511
5019
8147
8147
2594
4129
4906
4586
8862
8896
3641
9600
7293
2292
6354
5041
8469
2891
3045
9210
459
4238
8445
6843
4732
1416
2375
4143
7573
489
9962
8815
4504
5237
447
7935
349
8062
5831
2675
3326
2505
982
7496
2517
9075
7996
8688
2862
4016
279
106
6279
5099
3011
9782
313
3284
1498
2310
3091
6288
8121
72
9941
4803
4481
6254
8575
8838
6698
2771
2822
6599
1441
8984
8249
7910
1889
7091
702
2049
256
9173
6311
5480
7916
6680
1452
3909
1038
6105
4157
2956
5219
1490
8545
9287
7762
4280
6081
9152
3268
5527
7012
3259
2050
9006
8126
501
5793
6895
6808
549
4587
2586
5110
1451
9085
4611
5173
6616
2094
9193
6027
9565
8987
5409
9386
102
2339
8971
3929
6861
5844
943
9389
2270
2920
7412
8334
5174
8323
4291
7767
8873
9538
6014
3598
8323
901
9235
8683
2013
4440
585
7887
1462
9835
7194
1670
2448
6054
1959
3870
2784
9812
2481
7963
7468
1728
2194
4182
6662
7452
9818
4069
307
2423
7798
7063
1121
9419
6676
5805
7061
3529
8876
5605
2747
2005
6398
597
3618
1656
9717
7426
7733
7352
6167
9613
3694
5807
5541
6720
4936
8642
5651
1289
3960
3637
3408
8029
3603
7246
1092
416
2524
5873
6027
8010
2451
9924
7745
8053
4325
4185
4894
8866
2290
4574
3643
9352
6836
5936
4673
9953
53
4384
8668
7543
8214
4190
7229
614
2912
7864
3444
3903
7446
5866
368
8888
148
3994
3768
1892
3349
8129
9587
3233
4785
7366
3848
6891
6087
9605
2896
8709
2407
7596
3553
6406
3581
8831
7309
7284
1752
9523
5216
8079
4997
7708
2859
854
3389
9070
6945
6745
4411
9459
3469
3981
3084
1243
4200
8848
9407
8317
9718
8303
2768
7189
3844
5176
2603
4739
9809
1456
2382
8230
3009
6486
3995
5902
9706
4557
7228
70
1077
5009
7763
497
4111
4238
2932
8279
1365
5809
7735
5932
9978
4645
9933
3288
6927
7841
2270
7237
4085
4145
6789
9805
6850
5175
1337
8216
7301
2801
9580
3134
9122
8513
4497
4510
6293
7932
3374
9187
6604
9188
9596
249
4452
577
1404
6700
9226
7176
3412
4395
8416
2481
5187
9253
4788
9379
5791
507
2355
1796
7682
6366
6294
2812
5855
5422
2338
9838
1157
4804
9813
1275
8871
1408
7772
4612
5824
9726
6891
1010
6672
3807
4245
9630
5195
8516
4817
2013
7591
65
360
6710
5203
5217
2646
6763
3628
9968
466
4983
4230
9102
8980
5411
5661
2276
5362
1446
8488
7027
3967
8173
4932
483
4759
170
7194
4071
5473
9540
6361
5104
7562
2701
8610
973
8636
3446
7125
6781
9405
466
5940
4093
9157
4742
7929
3217
708
9738
8646
1331
3083
5445
471
7116
3058
6589
586
2965
2538
1409
4329
8041
6144
7867
8972
4311
3204
5519
1990
1817
9769
3951
5189
8039
1768
4629
2546
8184
1142
7674
6884
9610
5331
5474
1018
2245
58
4272
9690
4918
3067
9769
41
9975
9352
1704
8621
4114
1703
2207
7420
8216
7029
1816
7717
34
7792
3493
4576
2416
3414
6225
9962
3821
2660
3095
8465
3363
514
7190
8864
9537
2062
8517
1557
4099
8074
4964
8221
4662
8130
9855
6730
2703
3906
4636
6789
7777
8658
4326
2529
6304
1112
8979
6765
8846
9845
2807
981
9467
6182
2955
3134
4441
7540
1430
4663
3399
9744
4942
760
4088
3267
6199
5939
24
2687
9533
7126
130
2425
8576
6811
9226
872
5164
7554
6677
6190
305
1695
470
2279
4857
3123
8993
5632
6228
871
9759
978
9541
7102
7720
9699
5297
5656
7775
5537
5995
1680
9230
5134
4318
635
6261
8941
5560
5036
2424
7306
5032
6285
8804
7217
3847
5711
9622
2878
2348
4789
2529
8579
1199
1016
7966
6356
5354
2941
5927
2047
9929
9625
6366
2785
7108
8675
1659
4724
1246
5126
6583
2018
3432
7281
3300
1734
7710
2569
6961
5644
7108
7498
3084
7520
6302
3111
6970
5766
4290
4915
2162
1012
568
4647
99
6410
9280
8525
3178
9966
7095
1818
8008
5189
4594
5601
4594
7433
1884
7572
958
8025
8772
3721
1092
6789
2775
837
591
8975
669
5843
8166
8550
7726
4207
5279
4419
3116
5456
9490
1919
5922
3386
5230
1515
3273
7224
2048
6868
9789
1362
2156
1889
9033
3916
21
2807
5686
5646
1874
4064
7324
8510
7762
2057
7225
6484
372
3736
2461
3375
9578
8964
7690
3519
3022
5110
2413
4857
1554
8187
5773
4082
4187
8062
8583
686
3513
2862
3364
1960
3232
6897
3282
5435
2324
9782
2458
7022
199
3915
8417
130
3354
4481
3012
4862
1542
6507
6993
2768
227
2576
4899
8284
8892
2449
6077
4307
136
889
1223
7905
2888
5974
8495
2251
525
6284
3881
1420
8650
7669
3158
8943
3842
3172
5565
6608
3371
2788
6557
7066
4522
4253
7460
189
6108
1926
938
6423
4464
556
9441
7738
9127
9207
396
7696
156
5880
8045
6506
4500
5001
6430
7998
8848
4414
895
3427
2686
4899
1314
4802
2575
7854
29
8415
8075
7781
1784
3185
4401
5964
4579
2766
4285
8488
1533
6690
8963
1850
8962
1610
7387
1851
8005
1560
7914
793
5576
3282
8192
7100
4711
1345
8930
7266
1990
867
4089
5601
5255
2537
4346
6454
2351
6053
4557
8204
8763
2509
643
6179
2168
3009
2701
3523
7842
8793
9568
7643
5549
2917
4376
7228
8073
6298
9231
8338
9007
768
8642
3892
9323
8003
4320
7242
7758
2140
7173
9593
2223
1984
1838
6052
1803
900
8504
1201
6912
8401
3956
8850
244
4336
8765
292
3375
21
5923
7380
2732
378
3668
6245
2061
1867
1912
1578
200
5618
5285
8647
3332
4026
9209
8941
6133
7883
2966
9246
8046
5359
9842
1596
5437
4292
6607
9506
415
9713
4657
5467
9830
4245
3306
8347
678
7387
5178
6557
3562
3145
9310
11
7945
2522
5728
515
9962
4412
2644
7708
3255
8308
220
523
4580
7803
1177
8616
544
4648
24
9986
4010
2201
9239
3872
4620
1259
7513
2479
2418
5773
3874
5507
5260
7633
6256
7872
8477
6742
219
3657
6565
490
541
6698
9852
9621
9548
2417
6166
7673
5811
4723
4300
965
5157
6244
3949
7176
5060
1850
5213
4150
4358
2926
4925
253
7765
1456
9671
9220
354
7660
8115
3810
3461
7998
443
3825
7922
321
8990
3191
4301
2314
3699
6018
9692
1601
5113
9563
7116
5756
8734
3896
5824
2503
4634
835
5596
5746
3633
7437
7482
7832
6563
5982
7314
5798
1614
4088
1780
7132
1282
1566
1819
7941
16
4337
1948
9374
7921
7487
9731
2156
798
8893
1582
2697
3628
6984
5584
3676
3852
312
4250
496
9475
6086
9004
9492
2682
2200
8907
5777
4944
3165
8003
7172
9627
7850
6528
6796
5642
540
9849
2872
6515
328
7489
7155
2150
8313
1928
607
5786
3734
2902
9413
4778
2708
1473
3935
2139
5295
6532
1603
4380
4511
4875
1511
4840
1061
1690
6561
422
942
3892
5664
1873
8407
9352
8987
3253
2081
8565
3472
8448
9136
903
4118
4951
730
4219
8637
7998
1242
4180
9265
8372
8739
2292
5326
2982
908
1968
2484
6324
2260
4152
1719
2342
3090
1323
8732
8892
1566
4377
8048
5161
6807
8324
5472
8336
9520
4184
7198
6814
1767
954
6626
8124
9236
4830
4553
3154
8976
716
2865
9507
5436
1944
3335
1727
1160
3719
7648
8557
9952
6266
7029
2631
9459
2988
3112
240
5157
2623
924
7511
8627
5601
5598
8270
6280
1741
7288
8666
9605
5830
3319
7387
5372
1058
6128
973
8165
6291
7187
3528
230
4058
6053
2584
8044
6466
8781
3255
3586
495
3084
7566
5663
7705
9637
3883
8474
9654
2073
3354
2898
1966
8240
8912
7540
861
1467
8825
2857
7031
4380
6034
8013
4505
6894
937
4432
8211
2013
7307
5142
8022
9051
9335
3018
9337
3000
42
5926
2572
1873
1829
7352
4522
7642
2137
5279
7324
6912
6909
3232
8169
7661
6871
7063
9831
3139
7806
651
621
3959
9529
9884
7053
16
665
2097
9700
7587
9467
7915
4946
6051
6290
3147
8951
6067
1018
2674
5309
5647
9417
5976
2929
1972
8898
9674
3128
166
8575
6865
5233
4512
3198
356
6615
9576
6262
2855
7603
6556
9261
2969
9593
136
5198
5088
5946
9269
1932
3398
6138
6793
5887
3098
3492
3835
38
224
1729
3083
3440
3235
297
5067
1177
6002
204
4753
5124
9073
1372
3227
1271
5433
200
6183
2557
8356
3347
7542
7152
3046
2896
4490
4891
8121
2321
6083
9315
7271
6876
2461
9412
228
6820
4825
9172
453
6998
5631
526
2841
31
2513
3470
2599
6989
4641
4161
7877
4175
1434
7550
280
4784
4496
9948
1554
3674
8126
6337
9346
3770
6999
6587
9050
3832
6289
8568
1711
3783
3727
5532
5936
7452
6069
2934
4035
3277
9823
3189
7195
9495
5106
4984
2112
7435
2348
7336
1643
9159
4602
2492
9805
355
1045
4996
7061
3557
1967
9505
1565
6869
5056
3665
6729
8317
8649
5386
9044
209
8099
5972
3608
8337
8153
430
418
8327
3945
8765
4247
2748
468
3683
9700
2799
1610
8262
1092
9552
1047
8873
3442
6319
9621
1292
8792
4628
3299
9765
2114
3295
8907
1824
4118
2944
6204
627
6382
4936
4763
4548
2234
4430
79
4737
294
4181
5954
2649
195
9178
4977
8006
6681
1465
6322
1638
3891
2806
6102
49
4403
47
6436
6604
2952
675
1468
6440
8303
73
1218
6242
1153
8384
223
777
4797
3785
9288
2328
1698
2663
7297
4327
3554
4301
8767
834
7180
2548
1718
8936
876
7896
2987
5482
3598
3033
5063
6101
8418
1464
6486
3642
1071
2387
4516
3888
6466
3692
6139
2891
3473
9873
1497
8031
5968
4147
9550
3675
4347
27
7798
1425
1017
6673
3759
6898
4948
1524
1257
8608
9017
5317
7430
7821
1507
1975
8450
3125
2967
1544
6650
6117
2036
3917
8580
1521
1566
7341
5069
285
237
918
2232
2309
8905
1487
3378
4471
355
6202
9825
7631
7888
8451
9899
4397
991
5229
4914
6572
3384
2529
1065
1706
5298
1232
1758
9138
5364
6123
5918
7881
5330
9693
3208
6128
3634
8825
9935
4825
3575
1726
8049
5502
537
2645
9687
6532
4368
5754
6887
2764
7638
6547
2759
1762
2841
2765
9989
7221
1851
3116
3468
4179
4472
3046
4738
7913
901
8673
3287
2097
5424
6428
442
5361
6845
2915
3477
2883
6229
1684
1434
1156
9004
6122
9375
928
8229
311
3518
3924
6968
4700
9965
8498
4882
857
6365
458
2063
8860
7369
4723
3386
7329
7039
6700
3353
3318
7446
1627
5445
9265
2003
443
4419
9733
4788
1642
511
8398
7613
8719
2449
4240
8384
4993
3574
2086
9097
1342
787
8187
5188
2171
1544
3044
1253
9381
816
7093
7818
2035
3118
4124
7582
4188
1551
1114
1429
7200
8517
8816
7875
9954
4224
9648
1946
663
3903
56
8532
2652
5508
4054
9796
3307
8503
8182
6445
8011
2458
565
1825
1384
1742
5610
5276
5372
1262
8460
8651
6507
7423
6477
7064
7030
6139
181
6552
9935
242
5406
1950
1006
3973
6461
809
3809
8969
3529
3881
8198
6904
4225
3629
311
9272
8948
1009
5131
6249
3981
8724
5223
3560
4357
9687
8629
6505
1737
2575
1441
269
2557
7050
933
7036
6299
7829
759
9628
8213
2083
3104
8453
9884
3884
3404
2323
1127
7049
4526
9536
663
2551
4915
3997
6249
8781
8746
3004
463
9077
2892
7933
6160
7313
3939
3445
4223
7886
5508
6456
7995
2821
1109
6406
2794
8912
6667
8769
8995
6018
253
6971
9258
8872
7497
5536
655
6023
4554
5152
1396
5271
1964
6727
1972
5856
5316
256
8220
1997
4934
3568
6690
5768
4888
8882
1164
8330
4540
6447
6602
4015
6086
9915
6465
1765
2327
3813
3422
7856
4722
3427
2058
4418
153
1875
4479
263
3046
7887
4147
9885
42
1346
1205
2693
4238
5344
766
7413
8953
7604
1236
2792
1665
9993
9621
1474
2910
1862
1436
8271
5802
8806
555
6991
508
5850
9892
3544
1425
3018
870
2058
6799
5027
9192
5285
8327
1535
3686
8909
6563
11
364
8024
3400
8583
1462
1026
6392
2610
1546
1900
4012
1735
8617
8370
9379
9146
3703
5807
7591
5809
31
5005
5008
7326
5673
3929
5670
5936
2927
7115
3340
343
2340
9396
9611
3853
2928
9490
540
1632
9772
8120
5313
6650
8377
2383
4949
4495
9573
3183
1759
4732
1540
4649
7078
5170
8005
3974
9636
1663
8130
5603
9984
9106
2770
2808
9342
1723
2553
8975
7528
2801
1504
4307
9423
2423
4550
4922
728
5567
1286
5787
8928
3505
2009
9999
2504
2418
4738
1787
3767
2322
7400
6340
4740
4621
4278
5783
1030
833
7399
2598
849
6396
7815
1942
7636
4194
9168
9917
8455
3294
1112
2189
737
6644
8075
4711
7823
5731
276
2533
1473
608
1629
1589
5384
8364
7808
1799
5902
1173
246
7795
8569
1659
6243
5578
6612
7279
362
6851
2567
1613
4736
8677
9123
5961
318
3064
4456
8676
4502
8185
3651
5815
82
4263
4777
2836
7576
5637
8243
9796
722
1013
4508
8575
6743
3518
8434
6197
7658
4613
219
2871
7840
4498
6452
7530
9603
8654
9632
6297
9921
9287
5642
9143
3609
4480
3094
2450
8369
2528
2376
4019
8477
6208
4725
5433
7641
588
1901
1178
6690
9820
806
9843
5534
5400
6329
4615
6957
3851
2968
6229
1480
2586
1107
1996
4276
6608
9473
2992
3101
4803
5106
5466
5263
3211
4518
8333
822
6432
9367
5725
6610
9116
5544
6230
260
8797
2307
7913
5876
3277
4315
4141
7349
9308
3221
6489
2334
1069
4321
927
5365
6520
3654
8536
1830
6171
435
6579
5440
3966
2801
9183
1722
2942
8955
5042
619
2860
7651
357
6332
6029
463
7936
9089
5641
9636
8714
1018
9516
8714
6501
283
9746
8709
1989
1697
9604
1462
6274
1411
593
8394
2984
8624
2890
2456
7822
373
6547
7947
3510
6801
8125
7731
5226
8780
2680
4717
3986
1031
1453
9612
7987
6506
5740
390
5795
5059
4483
2065
3117
1287
3295
631
499
5161
6765
6604
9855
9319
2135
8326
2006
9713
270
9833
4114
302
2773
201
7169
5475
744
2098
4889
7736
3982
534
2592
1116
125
452
4335
1310
2802
3065
7190
9212
5177
9441
6063
4596
1064
3189
4638
3946
1157
9730
9204
4951
8317
2159
7477
2149
724
9995
9454
5099
5598
1327
7486
4361
6905
6154
2739
2357
1843
1136
3030
1109
9885
875
4499
9515
1798
258
8452
3671
2148
2213
6009
6170
5183
8208
3532
2246
2795
1625
2498
5177
6231
7710
7935
9908
2031
1159
2353
4262
3692
8284
7743
7899
2995
2546
19
320
112
7984
3540
9660
6428
2144
4643
4826
868
5282
2416
4763
8604
661
5081
7777
3121
3986
8951
3914
1806
3878
7170
3565
151
9840
4643
3494
5459
3538
4192
9023
9590
7059
338
5977
9273
5735
2651
5482
3463
2801
4072
2940
55
2667
4936
4703
5515
7009
6316
6697
442
6726
9180
7920
6912
5289
9434
6947
4225
9735
9182
1025
9665
8848
1711
8852
924
9454
7092
4303
5691
7371
7871
1638
9711
9714
5751
4925
159
3460
5400
5236
2514
3033
431
9641
4538
6539
3015
5913
2162
7392
5688
2156
248
6417
6266
9999
6105
7687
9993
1190
8490
7906
9583
2567
82
7772
4748
5904
1005
9142
4061
2755
8602
8378
8959
5591
3340
514
3246
4776
7355
2122
4723
8477
5961
4320
6067
569
8694
9495
360
1988
3267
8914
594
519
2814
7333
7309
7349
8070
3426
8821
3943
5995
6364
6137
9850
8849
3725
4993
8561
3772
8840
2170
771
6158
6638
4826
9315
3452
383
6712
1905
190
4354
5335
5581
4069
1597
8321
5116
4533
7075
7362
406
2045
1133
6170
9087
6628
5409
3832
6593
7859
4482
4807
2066
7496
544
7045
5650
8831
5977
8951
4874
5582
8997
4800
9809
1041
4789
7420
6634
8047
9029
3463
1376
1134
9488
9575
1233
1029
7734
6554
4546
8441
522
6363
5871
7525
2496
9583
5601
2991
3276
7057
7367
286
280
6757
7465
654
6679
6995
5923
3493
6759
5700
7743
7873
1081
8230
8336
1995
1909
7243
4738
1194
7956
5953
942
4529
9857
7134
8926
9042
8408
9899
2820
3679
1350
8886
7217
302
5112
5618
5213
2144
6847
7709
416
8536
9612
4230
9285
734
7867
6890
8750
1370
6201
8929
6680
2380
5969
205
5250
1488
1672
7036
5195
613
6294
2540
4698
2577
1913
5833
6752
7474
5102
6048
8723
4258
9555
5934
3000
5479
4997
305
8254
9536
6633
8988
4253
8708
7402
2268
3699
9074
9676
1157
9752
1821
7928
387
5093
7556
2742
9673
7841
4141
6471
9937
1571
60
5767
6742
8894
8888
4691
1558
885
7163
9865
4431
5385
5888
9768
8489
1948
174
6972
3357
9768
7789
2658
5663
306
1357
7437
5892
9007
8048
2020
3408
4942
2691
1594
2698
9978
5872
9138
8596
8598
1927
1192
9748
6525
8103
2394
8738
2414
4602
4040
4352
9243
6200
3626
5799
699
8759
8392
8103
3378
5733
4522
827
6887
1182
6871
7366
5738
4954
9083
4564
4961
5974
8839
9339
1109
6458
5832
6252
4045
6464
9612
4929
9708
7399
1223
5324
8780
5946
3938
5792
5684
9496
7748
3045
475
3063
5427
7054
6975
7268
9241
4943
6490
2886
6619
9949
7953
2198
5914
5519
1831
4049
6957
6469
7872
6833
7987
2196
2589
1685
9713
4392
1194
4481
890
9943
8240
5077
3494
3485
80
8937
7427
3092
7675
8519
3936
4535
783
7242
7763
7759
5552
8662
1990
2329
3507
649
2016
8548
1038
4736
5520
2574
8106
5093
1097
6368
9411
9701
5482
1113
4999
2900
5861
6346
5849
48
4002
1165
1590
8118
6013
2306
2424
72
9140
8201
5137
784
1682
4793
2176
4890
9273
4651
1993
843
6785
9218
710
7314
6176
233
2267
2050
2733
3212
2826
6480
44
4456
2254
1306
8841
6387
851
869
997
4192
963
2327
2646
9124
5173
4609
482
2036
3877
2685
9244
1071
6253
2040
9724
6294
1130
5834
2088
5754
9390
9687
9926
6239
7066
3919
7033
3701
4340
8005
8716
8830
9536
5172
7416
4110
6404
1871
5544
3164
6969
195
1511
6375
9484
1660
3344
5781
9566
5196
8272
3638
783
8597
4711
1226
1814
7078
9011
3693
551
4842
4300
5313
2486
5253
4689
7515
811
5947
5124
2857
4836
7018
6715
2978
8137
925
9622
6581
1485
7280
2468
4372
291
5193
7717
783
5023
6819
436
5984
5122
5581
8700
5118
7973
1984
8614
4311
9969
5294
6294
7541
7388
7508
7830
674
1027
5743
7156
5581
9060
8699
4157
3180
9344
2334
4910
6195
6426
7179
3606
250
243
2078
7066
6745
5662
9652
7377
4846
8030
4410
1825
1078
553
301
7707
9969
2795
1091
7576
5315
1947
385
9597
4749
3019
5349
2237
8663
3886
5051
1557
2237
6998
6581
9096
3667
4000
8524
5221
7971
4587
4179
9429
2919
7090
8525
1231
5953
800
7200
294
5061
5489
6026
5060
1488
5142
8027
5933
7871
930
9783
5245
9996
3073
9491
4769
7485
1553
6205
8219
2850
7605
5893
3530
7514
6108
4731
1971
9531
2389
8340
8176
8203
2507
3779
1724
8386
948
8241
7023
2981
7992
2067
4648
7885
7210
4459
170
1468
8406
2674
4094
6423
9256
7017
9028
3246
4892
2952
6932
7818
9721
692
3633
6236
2305
5643
1995
7768
46
4892
3786
2994
403
4085
4924
6466
5815
521
9248
9908
9765
2351
1176
6644
2491
6554
1908
1847
363
2591
2263
8801
312
8602
108
5352
1044
6053
2
1248
1669
8995
5275
939
1445
2584
2263
228
5512
1886
7051
8170
7215
736
5759
5206
9725
7581
5437
9159
283
6958
5251
6212
299
6583
3444
341
9812
2254
8448
2814
4863
2803
1627
6859
7916
7107
7598
4865
5069
9295
8134
7191
5219
5054
4666
335
3696
6786
8594
3200
5267
7881
637
4643
4826
9381
5835
4293
743
4514
2957
5525
2134
28
1360
9709
307
4491
1660
9373
1221
2200
6288
730
1775
3743
723
5880
9603
3724
7085
1174
747
7946
9155
9606
2665
3254
4159
9505
3486
2009
2891
2830
1900
8723
7028
7416
1969
2934
5384
250
1240
4851
9525
4986
6720
8002
2236
7413
5110
7668
3241
6620
7728
3561
4161
886
8630
7859
7741
1539
1283
6049
9981
9029
4570
3930
7060
375
2598
6212
3408
608
4999
5240
1503
3083
7105
1170
9299
9191
9275
7926
1433
1362
9302
8895
8783
8545
9332
4906
6851
4898
7848
140
882
1190
9385
9885
8364
2357
8473
232
144
421
6436
5950
5328
6279
9989
4060
4856
3854
5921
2008
4913
7838
1943
7111
8457
630
389
3092
4555
9194
1287
4784
1843
7380
5694
7233
274
9541
9530
3044
3874
5270
9444
9175
1893
2192
3435
2498
7935
7055
9211
1032
816
5937
6828
3431
6431
3357
2297
6451
110
6343
2279
9306
5303
3388
9423
2910
7479
2809
4258
7331
6592
5287
3840
2274
8304
8694
866
2652
6675
5903
864
3484
2593
3996
7602
6394
9804
6494
1332
7760
7574
4079
165
5444
2373
1086
8499
9047
4587
6115
5904
7341
7888
9670
6015
7882
6655
1293
6277
4475
9622
3724
9099
2310
8540
3311
3217
4435
4979
9616
8622
1271
8062
4462
3721
5127
8654
9823
2599
9103
7236
9556
4358
6667
8645
9756
5668
1454
4004
423
2602
506
1085
7317
6593
376
9240
8500
4289
7293
9628
2710
5551
6124
2114
7595
6351
1795
5622
2456
4211
5927
3783
778
5965
8643
7983
9248
1805
9898
6313
1439
4047
2228
2821
5458
902
5756
6155
5870
8802
7606
9630
6437
3592
8526
9655
1856
3527
1736
7422
4069
2706
9013
9839
591
7971
3649
9001
555
4257
308
5256
9035
6526
4671
6865
5133
6164
6105
9016
1179
5041
1083
5332
3748
7702
8687
5070
532
5179
9682
1007
9296
6908
885
8516
8134
2407
812
3006
720
6726
4794
3717
7949
9172
6186
5344
6070
4856
2317
9234
8907
4935
5731
3613
9608
4202
7298
3758
6063
7001
2462
1262
4077
8958
7616
6584
6773
2077
48
4741
5965
8918
9836
3962
8387
8818
7991
4778
8865
94
6489
8318
254
319
4775
5703
4215
6369
3090
7790
1898
3497
3539
5455
4384
4850
7333
5692
6799
3232
2734
3307
32
7748
7037
1774
40
9565
4542
5274
9857
880
9124
7188
8800
2465
1245
3920
6121
4538
628
5620
2959
4270
2999
9407
1550
6216
9743
1730
4691
5340
8945
8283
5786
7959
3620
2029
1809
3279
4166
7375
5524
868
4087
939
8304
4365
2525
8672
3346
968
2366
5938
1005
6170
3908
1448
6604
8625
4628
213
1264
8521
7961
2782
7344
8249
3585
3160
3330
106
664
5265
3351
5524
952
4299
2864
6880
9869
867
3887
1504
4842
1333
2598
4690
9075
34
5120
8135
12
9071
2787
939
5935
5312
4150
1385
3064
205
7450
6914
2801
496
49
3951
7273
8036
2491
7997
268
7594
7779
299
8083
4961
7605
508
9213
2134
3579
1537
9799
4033
9073
1942
2663
6185
2387
7724
6135
2893
8538
2013
9435
8905
6665
9347
8054
2915
5269
3823
9750
5042
2516
9398
23
8348
1895
6424
2739
2967
44
8230
7970
4535
8734
4086
2444
562
1338
6527
2416
7014
1321
1899
4089
4409
4894
1100
2071
4737
3379
6319
4840
674
7804
8789
234
2586
8959
8923
4679
2497
5232
7592
9062
9956
3130
2150
5395
8339
51
2304
499
5163
8700
6890
1474
2354
3032
114
5866
3619
6259
8055
7383
7832
7355
7081
6527
4956
4160
2114
52
667
2038
7068
2232
7037
4308
1609
1804
9562
8973
9439
5391
879
4927
3892
4153
529
8990
6533
3762
686
8771
7433
7985
4750
3200
5537
3705
6553
3130
5764
5229
4714
4396
284
675
387
9561
1958
4640
4326
8586
3918
4277
9612
3724
4334
661
1353
6921
3070
1393
2104
7774
3140
2965
2618
9400
5242
7599
8157
7926
605
4558
7656
1799
1906
285
9272
7243
7727
3908
5067
4448
8569
3117
7024
2208
1746
1468
1384
3657
8122
9661
2306
1772
1726
4285
2583
9990
4535
3185
2962
4039
1061
5158
1999
134
7958
8953
2636
6422
4677
3103
1739
7917
7306
5527
745
1092
3089
4761
1903
5058
4595
6611
7500
4231
1376
7142
2622
8802
8611
9263
8119
9309
3116
4636
2476
2497
9040
6791
6712
6991
3312
5136
287
5568
2056
241
1897
7173
281
904
7491
4184
7982
4680
9887
2030
6546
4771
4372
4571
7713
4577
9679
6729
3416
4780
5625
4366
6134
2106
9789
356
4529
3093
3891
5658
724
7655
1374
7847
1756
7575
5260
2282
344
999
2846
6357
1262
319
3353
1153
5779
3866
8765
3654
5968
1855
563
2736
1574
8125
903
5573
7352
8150
1335
1006
9159
1246
7080
8306
7245
6502
4508
7481
9428
4415
5496
640
9983
243
9978
107
5567
3987
7647
6815
6546
2369
1634
7160
3663
4642
7411
9995
8762
1612
1604
7328
9582
9554
2889
6903
8967
804
730
7552
1717
7453
7538
9512
4956
6279
5575
9590
6968
1258
6935
6722
2428
5661
8819
6313
1157
9642
2950
415
8128
440
1762
2194
5337
8100
653
345
1628
6733
36
1327
2659
5282
5766
52
4245
8134
4270
5639
4439
1151
9654
4451
9368
9378
1332
2886
464
1647
4199
5326
8668
8611
8017
3962
7259
602
4313
6996
6184
9114
1038
9896
4103
2861
661
9608
5018
414
3458
4366
9781
149
4549
3212
788
2622
731
4818
5860
8418
2234
1933
934
5474
3249
3397
5575
8163
5301
1299
9185
2046
4369
6394
4984
427
7334
5885
4840
2582
5403
540
7377
7599
3123
260
9508
3607
289
5868
4091
9147
3513
8850
9110
3721
3489
8452
2994
578
4287
1707
7086
9965
9170
9193
418
8092
5584
1969
2141
7207
3799
1126
5399
8390
7148
1719
8800
3236
4971
5962
4129
2541
4045
2889
2563
5610
1722
3352
5711
4627
1369
9685
1422
3533
1480
2968
607
5732
6538
2094
7583
2770
7927
4775
5269
5812
6342
966
4562
1886
6940
6466
933
8701
7902
1123
6493
4065
6249
2742
6638
7603
6549
7347
6801
8657
9189
4399
6799
3672
5707
3163
4057
7191
1114
5102
4135
5733
3480
1751
4872
3622
212
4729
2337
4601
4388
2387
5693
6873
6819
8221
4585
3686
7541
8692
2328
8224
8906
7135
3232
5342
3702
2950
3238
7481
5958
8095
8459
7291
9173
3171
8615
6111
7486
2195
5306
4418
4691
57
4739
9569
2564
1200
3464
6135
5887
121
491
3390
4109
3116
8832
5743
2363
1842
3059
2454
737
5999
8761
7524
1998
3685
9530
5910
2759
1284
5287
8066
6391
5860
7246
6452
1784
7015
6402
1130
3164
8105
8591
5441
2493
8776
4275
8189
8417
2312
1370
2778
6770
680
7316
2896
8236
1033
641
1001
6291
4672
3548
7023
9378
3370
2616
7894
9029
1508
7475
1528
6712
6541
6198
6449
221
5003
7790
6581
675
1637
5738
1062
951
148
6684
5830
837
2847
5079
8659
4034
2375
3182
7329
5789
9279
7503
5341
4277
4115
7861
5798
1025
8862
3812
5850
6504
4020
2069
5027
8619
5265
2432
2806
7735
2557
6565
9944
5822
5426
3329
8625
4695
5115
4702
5451
1767
467
9368
7366
9985
6003
608
7569
5508
47
7295
4821
3234
1611
9141
2311
1968
5810
472
7764
7305
5499
4526
2399
4636
4126
6429
1528
2735
1813
7904
1567
6409
9953
5742
2888
6320
6645
8937
2842
1721
4192
7829
3087
2647
4946
4468
5019
4075
54
1814
2477
8550
1562
5919
2048
2088
8593
8129
3442
5520
7092
3230
1132
5508
3025
3995
560
5620
4396
4762
4843
1790
1082
9326
2478
2941
10
4531
9286
5619
5100
4976
3851
9827
6045
505
3945
3722
5732
7467
623
4004
7421
2231
326
5555
3036
5284
9450
508
6019
9668
6650
4370
4411
7779
5584
2221
2103
4048
9561
414
9170
5150
8994
5800
270
4691
3835
3169
9990
8318
2067
4464
5119
1942
1156
6994
3659
9039
7991
4378
226
8177
2490
1565
9991
6744
6895
9624
6566
8282
3267
2878
3190
3695
2975
3444
3138
3372
6007
2798
7664
8065
954
186
5666
3572
7578
6896
3638
140
3684
1768
9705
7777
5030
4471
6304
4212
1586
1227
9855
8316
6150
9421
9642
979
8928
1633
6446
5513
2350
7369
9248
8719
7744
1542
3208
9489
2900
239
9058
1909
7341
6197
7984
5675
9728
8634
6749
6963
5385
9465
8793
2028
3514
7498
5663
2051
6824
6269
4508
6271
8468
2635
3240
3070
5029
1195
1352
4362
4572
5993
1224
8960
890
637
6542
5891
6638
9921
6445
6586
5822
8420
4956
7279
1661
2847
2255
8679
4054
3930
5242
4601
7861
1928
1484
7130
4632
3255
8914
3149
244
9686
9339
2798
8268
3742
23
9937
2079
1866
1524
2579
6806
2314
9747
9747
4992
7313
7128
4464
5776
9226
9334
9021
3284
701
667
8415
1032
2754
7435
2446
1364
2308
7397
5621
2971
5963
8427
379
3370
7752
8284
6836
2679
4378
6450
7148
7783
5635
2202
6351
3270
8051
328
4739
912
9784
8975
581
8174
2455
53
2032
3512
4852
3812
5531
3527
1666
5715
3423
9464
9894
766
6305
9256
7381
8991
5300
8953
9272
989
9509
2041
6378
1070
9985
194
9795
9776
9765
6981
298
8691
4238
9141
8983
8299
2755
8203
8014
5911
1205
3315
1558
8762
2809
6673
1404
9452
7285
8044
7726
3978
9786
5206
9390
3200
3358
3745
6307
4617
9050
539
5545
9544
3358
7161
8212
2454
9697
8423
6618
1382
7394
5088
9477
815
8656
1852
549
9761
7979
5104
9848
7065
2795
7590
6643
7676
842
3418
6237
4898
18
5026
2166
2174
5889
3607
5961
2737
6187
8725
3400
6850
1001
2983
2001
4596
3309
4912
6641
8542
8446
1149
4389
2498
1204
69
3605
2553
6233
9246
1348
9160
9946
750
8357
166
5904
8296
9364
8873
1558
1750
8876
7061
921
4752
3600
4833
8220
9502
617
286
8912
7883
8441
7135
3348
4628
4061
6324
8077
1306
2637
1051
2626
1308
3325
1178
4546
4381
8525
7940
993
5525
8523
9260
9740
1921
4336
5728
2472
3412
9869
3174
2145
2670
3731
7211
9605
6146
6444
4291
1931
5525
3303
6134
686
4221
3362
7845
2520
6178
5795
4750
3638
4727
7266
5700
558
5841
9998
9877
1750
5489
1313
5498
6855
5183
9455
4156
8801
3743
5255
1771
8670
842
9556
7100
5926
5962
3775
1662
5372
5326
1602
363
1722
9044
5073
8841
4549
1451
5655
3104
6554
9586
2109
4859
1170
82
6576
2243
1251
3716
3196
4261
2395
1335
725
5190
602
7678
9764
6725
1792
1407
5680
7844
2317
75
1875
1700
6121
987
3741
5707
3597
7565
9969
9118
2403
4448
6040
8801
9571
573
8227
2648
7386
3377
4599
5722
8408
856
5595
4736
5431
1559
5664
7495
6219
3022
5911
9289
6856
7941
8164
5930
3730
9908
2847
2203
228
2536
2851
1213
3711
335
5930
7056
5501
5804
1950
2534
157
1692
2671
2827
2514
359
4667
4577
522
1941
2733
6416
9562
4957
9076
7730
7812
8062
5489
1166
3136
6170
4578
6139
5678
4256
7148
8369
8907
8529
741
2244
7506
4122
7319
6534
3690
568
4598
3940
3031
123
6361
8397
370
1445
8766
9504
4873
1447
9083
7117
6447
5137
228
6537
9981
2329
8366
9423
6425
6650
6728
1362
8548
3222
1120
4490
174
5050
6341
8525
5998
5981
8117
694
9107
7221
3053
7512
4208
3541
2966
7517
7974
2498
535
8325
8952
2325
8564
4937
1303
3986
5039
1653
4384
7436
2075
655
4490
2947
7610
7598
5097
8982
1605
2135
2830
3633
3204
7029
5643
3650
3768
9688
300
1150
6468
4659
6233
5752
925
7151
2397
7049
9925
3817
8054
9027
3924
2417
7150
2875
1607
2495
3358
1436
8600
3209
9274
3840
1499
2753
2588
9532
5569
4706
663
9326
3224
6299
9258
5877
9327
3763
649
6242
967
5135
158
8038
3917
3809
5246
9161
4289
450
1481
7097
2353
2040
7478
5588
8850
841
2241
3718
9673
2955
7400
2399
8899
6162
2117
2858
6649
574
3679
801
4186
1999
3588
3158
8577
5209
6766
4358
977
2212
7450
7532
8103
5928
1914
3052
2778
7925
6405
9406
5787
4816
4691
6181
20
8178
6512
3254
4639
6624
7428
483
3885
1597
4421
2079
1826
9288
2133
2382
754
9404
9140
9285
3789
7257
7875
4749
9844
9191
9903
7467
3125
4285
9263
6802
2663
8721
3791
6209
9181
8065
5603
8561
5667
7678
5379
4643
5818
2736
9313
1127
117
2854
5879
7434
9496
2601
4069
1625
8704
5248
1413
1496
7845
2485
8502
2225
56
4285
9564
7426
5198
6496
1438
4847
4194
1351
1711
8004
7589
5427
7984
7656
2884
8023
4468
3837
4715
8339
3778
1257
6631
8690
2612
1978
5131
2249
4933
9949
775
6604
5877
9599
3561
7458
7496
2066
828
8515
9737
4232
442
6574
6518
24
9594
2948
7946
8393
6582
3569
3567
5342
7985
9995
4978
9444
2220
3597
5447
1895
8176
1728
7043
6444
7231
893
2773
7156
640
8097
5158
1501
5367
366
2296
7760
6909
6347
6745
554
7253
8854
7788
2724
6250
1290
174
7634
3064
163
6656
815
9272
5108
8358
8405
5524
3091
3894
3078
9154
1162
1988
1988
4796
9319
4522
1623
9516
8780
720
9185
7143
4471
3476
2853
1671
2295
7810
425
6835
2501
8772
2425
1427
2569
1486
9452
6312
8277
350
8161
3899
7327
7392
6481
2868
6038
9726
8957
4122
9057
8299
8548
3030
3245
5753
5718
3431
4610
6290
3467
1042
8043
1329
8762
7949
2155
9261
3174
9095
4571
927
6412
176
6490
2105
2965
4530
7499
1882
4440
6782
2196
4229
6608
6919
7680
3074
4602
5901
6148
7397
6561
1864
4623
7794
5080
6042
2203
8409
9066
5034
5177
8222
7037
907
2248
3200
3611
3442
1593
68
938
9800
2279
4747
2388
2781
2455
7362
3895
5888
5552
7856
611
7541
386
253
6238
2821
1444
4972
243
8771
2049
8706
2898
2608
9633
2499
4507
9636
6800
9024
1951
9480
6120
5340
4794
2765
4115
1321
1999
2445
9454
1664
3584
604
8065
1334
4891
8138
6
8620
8301
1173
1073
6921
3085
1878
6179
8109
6986
8605
688
9824
4613
4114
8871
5556
4560
3285
5794
647
3088
8994
5397
424
8116
9310
9994
531
7283
2160
701
1572
6201
1
1474
4953
9317
1009
8962
6129
4009
8216
8702
9538
8621
8577
6689
5152
8689
1172
5291
3517
5063
939
7245
3139
2482
3747
1792
9075
5313
8098
4712
4753
2322
2074
3630
7010
2465
6497
660
4992
3925
6225
2034
6537
4284
6707
3164
3223
7815
7307
9366
8111
4825
4287
4451
9822
1887
2953
71
2652
8352
476
6450
1193
715
7616
9087
3750
1026
6284
9809
7520
3762
1152
9480
3499
3757
6976
6253
7946
2578
6337
3612
3046
1960
3169
7173
3026
4215
5679
6672
1249
7538
25
365
5284
2913
261
9545
6150
5493
1430
573
3006
7301
2211
6226
8515
6329
390
5763
2248
3983
5504
8772
9296
5359
5099
8882
8259
696
8788
9711
4536
815
1676
5977
7409
4959
8399
2323
3608
5688
5917
3887
3986
1038
9254
4680
6145
2285
5852
8338
5765
3923
397
6906
8292
3890
6935
6088
9678
1352
9035
3506
4030
950
4269
9824
7060
3161
2635
4380
9449
3287
3797
8907
9314
9565
5277
3680
4882
3254
6205
1567
2256
2183
3145
2414
5109
7469
2182
3527
1526
8620
2193
5883
7578
8479
3397
13
30
2643
8788
7098
3854
8548
5826
3922
2977
6590
1914
7443
3702
3789
9532
4246
2702
5431
3455
6087
8623
8388
9907
5067
8520
1469
4935
4462
9014
5527
3971
5596
6849
9887
7662
4300
6943
4870
8948
1094
6572
8342
1416
5437
8230
7128
5458
1313
9188
711
7335
3053
9737
2140
6531
1742
6819
2088
3562
6994
978
8041
3870
4148
9995
5801
6807
5174
9793
9109
4041
7907
7560
8932
3262
8481
1442
7142
3179
3977
3175
5401
3869
8786
3677
5156
8833
408
8989
8086
5965
1896
8483
5229
1609
854
7287
8417
6456
7405
2746
6116
8734
9401
8633
6654
9080
7450
1539
8387
780
9093
7903
3653
2414
4133
5014
9823
3946
5538
6895
434
5907
2029
4470
3003
827
6291
8771
2263
2713
4584
8253
145
3100
4329
5122
7145
8023
2339
1458
6071
9689
7746
3175
9679
6238
3601
4864
7213
5736
4087
29
4078
1476
4210
2306
6421
9520
9068
2497
7857
6621
3593
4151
1065
2887
7530
816
6409
5520
1620
5226
381
7279
3458
1938
71
3347
5756
6097
1087
8228
8417
7136
3467
6502
3305
3618
1424
8241
133
2001
1588
6051
3532
9676
7220
856
2864
8464
969
27
6625
7590
9103
8346
6933
7893
6562
9089
2955
7482
8013
8626
8818
6569
8499
8652
9401
8945
8929
8465
8088
8770
3620
4167
6537
449
1328
2644
4915
3962
7273
6350
9577
5444
586
5235
1617
1517
1101
8287
4119
8783
7027
649
2682
2675
6655
1867
5788
7519
337
3416
9476
4002
6627
3346
546
6639
738
7259
7083
3719
1
5802
6295
5508
288
3984
9952
5892
4594
5425
3833
7126
8124
1538
1739
1693
2951
313
5194
1442
8713
1835
9451
1762
5716
498
7467
1362
2291
7167
9809
6775
9944
332
7120
3856
8443
3731
6305
3564
885
3205
5066
2967
2370
5267
7946
4599
5114
2304
5965
347
7590
5377
5903
5024
7523
5360
9298
5645
7877
1391
6065
3310
9228
8049
1585
8880
1853
3798
5709
972
2916
4325
3252
8809
6556
3442
8361
9630
4230
4646
1699
3079
7903
3108
829
4753
9364
92
4081
937
8596
3769
5359
399
5017
1738
9221
976
3175
5222
9913
2598
9615
4725
6869
5395
804
7755
8179
2406
8431
1141
3897
8664
3803
36
497
1249
5723
3898
766
134
2494
165
5955
7958
5961
9135
9526
1818
496
6728
5504
7533
9334
2541
250
1923
4239
3282
5028
6978
8724
8121
1126
3664
2459
1097
299
2310
6645
6670
86
3239
7025
5167
7110
5383
9216
5147
1874
2304
6360
2067
8876
3843
8741
3657
4621
6382
4217
3119
6486
8657
8426
5347
3921
6057
5985
4177
3017
6862
9848
8096
9782
5716
2318
6674
7799
954
3361
7675
8366
5826
9243
427
7466
2490
6811
1550
8633
4129
5207
9443
2133
6632
4349
3366
3764
3370
9943
4351
2366
8926
6190
3310
465
7736
5694
5310
2805
9227
4325
1124
9483
329
112
650
2624
2040
7766
7896
8391
8754
7678
7767
1270
8193
8037
8086
937
4389
6214
3779
2921
2546
4657
7124
6399
890
6777
3096
2036
283
3014
2416
2622
6795
8816
2125
7333
4750
1194
7251
8100
4850
7695
8834
9790
1527
9649
3937
4318
8317
2172
3385
6531
9400
1015
7869
8050
8555
5678
9470
118
7899
5235
4499
2725
5017
8018
2643
8997
5487
3487
7395
1593
8209
1379
931
79
2858
7294
9803
2449
4075
1460
6769
6007
553
8985
3711
7057
2029
6738
7547
7897
4715
1403
9585
2420
6265
2673
2181
367
5804
9108
4964
5817
2538
153
2958
5207
3666
1237
1990
9972
9154
5563
1431
4574
4505
1505
2431
1421
5932
4192
356
4339
4685
1019
3220
4047
1894
2807
7470
5309
2456
1897
2516
2671
769
4506
645
5587
523
4900
948
4478
7310
9560
9110
8709
2711
8339
9702
1630
5145
7181
7417
4699
910
4963
1736
8570
3392
4484
4272
310
62
2682
2835
2274
7189
4184
2329
9176
980
8102
2396
1410
9193
472
2030
485
7582
3833
7838
7987
1990
1392
7446
482
5126
4629
2822
5437
8714
7197
7985
5261
2502
8523
4472
5304
7301
1318
5682
8350
5089
1422
5205
9460
8453
768
4754
7645
2523
6469
2819
9461
6141
6564
242
9038
5094
5526
5241
4573
8363
5302
2958
1174
8771
7038
3141
7889
5110
7087
5575
2275
4840
3967
9555
6440
7189
1390
4843
6014
8950
4839
5666
755
9189
6911
198
921
8235
2175
425
460
863
8970
7103
8935
7718
6942
7542
8981
4111
3838
354
9926
5074
370
6515
5330
1829
1536
5551
1832
1047
8761
5396
8551
4925
7229
3226
9120
6165
2096
7380
4651
6507
3358
9078
5506
2338
8766
1415
3512
7201
1877
5990
6413
5986
5961
256
7047
1916
5107
3392
8281
7688
3678
9315
8795
6342
4936
7449
3367
9260
7686
9994
1319
2452
9688
9871
1170
8250
1289
3378
460
789
1407
6939
8503
1547
6266
5871
3761
8707
698
4781
2992
9936
6241
5011
5241
4248
1157
3112
3935
8293
2801
8306
7737
8541
281
8019
5352
105
9739
4518
3697
9045
6035
3833
4770
8117
1600
9637
811
6266
5627
602
977
8890
692
7012
723
1684
4864
1696
6419
5659
343
1818
8248
7650
3388
4958
9434
947
2714
8276
3823
531
1457
485
5865
11
3207
2816
1968
9383
3981
694
6599
578
308
4712
8325
7877
2922
4755
7453
2029
1413
9849
372
9235
9077
7669
694
823
9191
3695
9753
856
5691
4998
8082
7994
1885
2950
2220
6775
9042
9519
8579
7868
8374
7586
9569
6841
5057
3475
4961
6675
5548
7316
4740
6194
8344
3174
1978
2480
3280
4817
8260
8671
5412
8033
3814
516
4089
4278
3674
5602
6984
1939
3536
4367
9940
596
7425
402
4244
5993
4550
3491
1103
1993
8308
2030
3453
8229
4764
1756
1207
7402
7234
3294
8478
5948
8311
5713
9408
1374
1850
4600
3619
7115
4194
5681
6419
2865
4332
4632
2345
9592
845
6950
8653
4120
4797
5599
5259
4304
7863
7118
6669
8413
4294
1662
7659
8793
4254
1807
3021
2019
1615
1550
1137
1650
7675
7739
1135
2202
7750
4408
1010
5102
3342
7003
5002
9318
198
3476
4438
2526
9102
5661
5804
5639
673
7044
2837
5553
7536
4002
8601
3565
5119
243
5032
6061
369
104
9137
2303
4830
6966
5880
1731
2310
6995
4380
2341
5402
3308
8821
7365
1174
9344
3468
6357
4347
3819
3903
5260
8927
5584
2913
6890
4010
9773
2108
5444
21
1753
2774
38
9855
4967
9549
470
7851
6942
1465
3970
6308
6498
5931
8254
6772
4289
2329
5112
2414
7775
2526
4201
2602
9392
1037
7981
4831
3725
3208
1585
697
1428
1690
6014
5286
5836
48
4317
7566
2379
99
7426
8023
7278
3420
5828
659
9109
9109
5573
72
8997
8767
82
1066
3204
6426
8141
5319
4227
7470
204
4803
150
408
4152
2512
4260
7371
2866
4473
9944
9895
1840
4616
2351
1707
7732
5009
3289
592
2251
7969
5026
5126
3578
8247
2683
2186
1385
4904
2782
5798
5355
2886
2676
6218
7674
8264
2364
8219
9244
7544
9192
4758
453
7955
1926
5956
4334
8109
300
1772
4454
5456
4443
4484
5586
1509
4876
2572
2738
5465
2805
8612
9802
3193
5885
9514
7100
4787
4570
7338
3440
7509
412
2165
7281
3440
959
5539
9219
9473
744
9941
502
456
1696
7982
1183
3419
3869
262
8361
3430
1446
8375
6434
2250
4965
7615
3376
1920
3226
392
979
8776
8093
6406
8679
3331
8878
5708
5837
7132
8709
620
112
9447
8923
3389
7158
1881
5340
8287
8018
2686
5813
691
5196
3333
4563
9557
1995
3176
7833
3699
7454
8496
1793
971
2961
8745
1167
2042
6171
3797
3267
3272
1192
317
6073
6793
2706
3993
3378
6693
586
3271
3476
2859
8785
5255
1399
5437
7715
839
8049
4988
2494
5803
1993
5849
4366
9238
748
7302
8637
961
203
571
6302
7255
1055
2991
5644
8780
9348
9461
8112
5837
9946
3768
5874
7336
9034
2745
8512
5564
8514
9785
2376
8181
4666
1643
5320
6587
5209
7511
1945
7848
6599
492
1145
650
4009
4170
8480
4254
6628
4771
7635
8875
5910
6741
1679
1565
3008
3866
1291
4002
5724
4976
3637
244
5227
3026
9061
9200
8588
8646
1044
1527
6979
9450
821
5758
9004
4905
9935
7476
2395
4641
1812
6139
1779
5448
9435
7210
180
4180
2375
5097
369
6687
350
8961
4549
3589
5849
563
2316
165
7560
4182
2579
3411
3133
2976
7116
3555
9502
7380
8548
9809
2711
1205
1855
7760
2548
3642
6261
6373
4272
9403
5399
4694
3326
8019
6932
6635
7643
8643
6515
8126
7196
6460
8373
9817
4216
2001
2531
4555
8239
5469
1996
2605
8816
8030
9103
7434
1769
2124
792
3772
5778
5062
8417
1572
6760
8154
8442
647
369
3422
9569
5064
4742
18
8622
3778
7756
3002
7584
7720
2856
8969
9824
5193
4947
6487
6650
757
9890
1201
3910
9231
5008
6697
6555
1821
5367
1285
141
4685
3830
7457
6882
3467
2015
9125
3488
5951
2243
7665
9648
2474
5083
1427
7038
1978
8903
3529
843
9833
5517
7925
3873
9769
9745
2795
9009
8358
9842
2842
4000
6995
1467
4543
8265
145
8922
7867
5896
8710
1537
7928
4344
5696
4948
607
6682
8265
8350
2037
3343
3956
211
5366
6562
7083
5744
4684
4610
3150
9026
1214
7068
4945
1625
6374
59
7729
4692
415
9605
6657
8019
785
4026
9745
140
7577
9510
5313
9255
106
6896
4917
9305
5259
835
6523
7158
3340
2016
3385
7537
5523
330
3421
7739
6622
1078
8051
6741
6707
8107
6447
512
9166
9989
9303
4133
5364
3106
4180
290
4319
9240
7694
201
2657
4747
377
3642
1621
650
8300
3426
6343
8907
9385
1823
8905
2634
9116
9332
3513
6936
9300
2093
9759
621
7177
8076
3439
9416
5894
642
8908
9896
5148
3708
7827
9449
2958
3723
8078
1383
6624
8762
4025
239
2119
3810
4445
479
116
2830
1039
9950
4359
139
8251
4009
1673
3482
2601
5506
8372
6310
7497
126
479
8794
5206
2161
8870
3422
4045
8089
7617
1914
1864
7855
5218
3383
9894
7782
7586
2398
9090
6418
9775
3927
8041
974
6034
6097
8445
9696
4875
4195
5112
3439
2304
4585
5129
8208
3495
4784
8698
8714
6530
9125
5135
3346
1070
867
9504
7433
6490
4381
1739
531
2144
8346
5310
6273
7909
4289
7474
9969
8110
2143
5643
8912
3195
8936
8429
8823
6770
8002
8738
1993
9086
2377
5172
6447
2906
6703
1989
8223
2480
1543
9041
9408
1344
1921
261
3061
923
9088
6218
4274
6880
5401
98
1413
5128
7183
4024
641
1328
2196
8521
6946
5049
3786
2021
7049
5735
5278
5390
5629
2168
3503
7752
9206
3276
3441
5641
8050
3122
7733
6796
7684
4419
2746
8122
2097
4713
2019
8957
7768
3145
5381
2499
5331
9159
749
1042
7645
698
395
6782
8766
2306
581
6757
6151
1243
9692
2932
8634
9262
2765
1879
6574
6772
2863
4932
9151
367
3071
4135
4874
8737
6177
4437
5622
3690
4078
5680
7943
6832
9886
77
6036
7983
2133
9157
347
3900
7378
414
1765
6039
9953
725
3741
861
5461
8537
6430
639
3352
7112
5108
4716
1476
9824
3862
9611
2839
5690
820
7602
9367
9975
5839
4160
3946
5902
3967
4894
6497
6897
7794
3352
4196
9291
5196
3252
2409
6633
7581
226
186
8750
9822
1022
2101
2855
3992
5876
4669
8427
8113
4444
1000
9545
8460
4303
2633
928
5460
4104
7733
8612
1893
51
235
4565
8111
8625
3265
6190
267
4000
5634
9503
7661
8859
8371
9658
7687
1144
9714
5614
107
9624
5309
5298
3534
9102
6922
6191
6844
866
6726
2838
1355
3774
901
2894
8280
7472
482
9996
7004
4035
6232
9766
9823
8694
3355
1078
2268
3929
9773
6974
8098
4258
8391
7042
2376
262
2304
6725
9007
9516
603
7424
2708
8005
6072
5521
6961
4914
6213
4592
5037
5768
9046
2716
7706
9912
8065
9025
636
5359
6038
413
1175
3596
1376
2380
8753
9790
5933
9508
2822
3790
6942
8595
61
4435
7333
8457
8118
6978
6318
4061
5547
2433
4846
24
2183
790
8908
867
5785
8878
4106
6507
4977
1926
547
998
9570
7476
8806
8575
5806
3001
1718
7964
9788
692
6301
1660
2385
2117
9455
4328
2237
6476
5657
562
6450
943
7152
4375
750
1768
7944
2612
9975
2387
4953
4740
6478
4194
6877
5432
2828
3804
8329
8456
8148
7286
65
4647
1478
9677
9046
4279
8599
6946
867
9181
6492
6137
7029
8674
3757
4320
3441
5204
2987
6717
3564
4042
7703
7492
470
8321
2039
8207
7681
9167
2521
4772
7495
4724
5658
1243
6161
9298
5464
9159
5309
9947
2071
9987
2352
282
2066
9775
9582
7935
2895
2711
7340
2239
7826
1746
1707
3964
2692
1397
8905
7759
6249
2808
4833
6567
1773
6655
4028
9885
37
7963
6456
876
368
8770
8678
6312
1296
848
9508
9187
970
4823
8754
335
8947
8590
8782
1118
3907
4155
5591
5448
818
6283
8244
4762
667
3694
8504
6144
1615
6333
5704
1862
3094
9050
3185
5616
9931
4899
1041
8535
5662
113
4177
67
5660
8832
8191
7874
2721
7511
7513
578
6368
4230
9241
4919
6964
1295
2366
7856
431
1034
6358
1816
2383
8043
1469
3762
1037
3470
259
9411
9839
8220
4982
6103
7267
9732
162
3153
9447
9680
1819
6957
7918
4099
9802
715
3129
6407
9806
7431
3715
6266
9112
7022
712
7980
8115
1654
3506
914
1070
8394
5162
7461
4593
2840
5757
7199
4433
7079
2503
2655
1907
1999
4195
393
9382
3577
4551
7759
2889
9131
3201
3726
3528
8179
5107
1612
8019
6486
5453
6401
3837
3848
9786
7842
3309
5155
294
5829
237
5251
1691
2840
3368
3391
8378
9950
5701
9392
3528
3204
3168
4672
2664
653
3555
5486
9630
3079
6317
4742
2301
9600
2969
8092
7779
9654
5485
2183
1649
8201
3096
5043
9161
7493
7418
6309
7267
6487
202
182
8016
5268
2512
9123
2155
5980
862
4099
8222
1603
9651
2193
9727
1125
8385
5270
7270
3253
3337
5893
7579
7202
9990
6026
3477
3785
1055
9001
8361
2437
7786
4441
7499
3462
2738
6814
9262
8127
6485
5582
7486
6497
4433
8114
1763
8492
8373
6374
7127
2573
699
7865
5011
5320
2467
8672
4744
3753
1836
1556
2676
996
228
7863
828
293
1045
1597
5636
5737
2421
5372
5009
4080
486
8772
9450
6212
7631
5991
6936
6709
5394
5798
8310
6039
1133
8878
7905
4966
5710
7392
2743
4179
5968
9893
7634
5326
687
43
6850
6869
110
3089
9544
7140
2164
3463
8936
2403
8104
3325
7111
2882
182
1643
4227
2693
2409
5322
6171
1295
7268
3710
8039
7778
7550
4577
4432
7250
1546
3207
2638
7473
6553
1885
6027
86
7705
231
4752
5644
2737
450
8762
2821
7511
6426
7113
8957
5715
2028
3024
3424
5513
6742
3939
1027
1673
6134
7898
7686
4106
2164
3657
144
8706
6584
7408
3939
1917
8496
4675
9585
5203
4975
7726
7459
3441
5541
7027
315
9395
469
5964
9965
969
9499
7482
9990
7729
6231
8287
299
3055
4166
4208
9399
4267
417
2364
7515
7717
1063
6436
591
2183
8225
2128
5330
5400
4847
3319
248
524
9187
3247
9713
1428
8810
9483
4035
8571
3892
5193
2715
977
9952
2532
2787
7021
4724
5492
3854
5482
1995
9132
3212
4749
1906
1585
2535
7923
129
4439
2440
9546
6072
1546
329
456
372
9491
9916
2497
2362
3650
8196
1327
8325
5139
6975
9747
5804
7394
4853
5452
8483
6377
5704
5709
303
3306
5872
8843
2452
4553
154
4930
8004
6985
4613
1247
3474
1947
3314
9678
6913
5465
4781
6943
7858
3691
368
2473
6192
2876
9157
7982
8860
7298
3926
8069
642
2915
5251
9818
7921
6089
5449
5858
4359
8262
8302
3734
8131
752
8053
5486
1391
7644
5318
6065
3659
7464
6623
3086
84
5952
1573
2109
3537
7756
4049
4472
30
8936
3664
8032
9080
4360
3275
4761
3525
9216
7095
6156
2450
3952
6466
2884
9221
9601
9524
9790
925
9800
1075
2175
241
6006
1125
5687
8757
4928
1033
3950
1196
4959
2659
5248
8818
7245
4216
7013
257
8115
1385
1908
6530
3174
4833
7219
1183
7147
5616
1423
1070
8587
6422
771
1478
9112
6243
7924
6637
2035
5867
4626
9105
7981
9682
2239
3874
3451
676
1591
894
8878
3113
4750
3476
103
2630
3547
7752
9640
9408
9422
4223
3144
6702
2258
7608
7863
7482
4314
9493
775
6072
4614
7797
6507
4586
5220
8226
6132
2109
204
8492
4446
2425
2690
1689
748
5500
6034
2892
3872
9920
3739
2818
9608
8176
5518
819
9007
3832
6395
4498
7532
3943
3792
7713
9194
5815
5356
4301
2675
6314
5470
8826
8231
6410
8474
856
633
3132
5113
6829
4460
8461
3012
7463
2114
530
1074
4528
8335
7894
1826
3270
569
4411
7768
1900
6387
7162
8124
8956
2830
9325
2999
1631
6679
4262
485
517
2296
9261
4286
2103
561
9268
8623
1367
8849
3119
5340
3967
4516
4147
3032
146
7771
4482
4071
1606
6521
4866
3880
5789
3785
8152
8603
3793
4655
1931
664
5406
8704
4970
4571
6669
5681
3404
3104
4007
9298
5991
9539
4955
9917
1714
6977
1775
128
4559
9375
4845
5108
9773
4794
7390
7754
1431
1194
2364
3041
237
5664
1112
8754
1639
2908
6372
6263
5985
9996
3672
1547
7008
461
9609
4916
2959
5725
7002
4882
3748
9586
6019
2837
6563
2122
4553
1701
7202
5431
9253
9979
3499
5477
844
6322
8532
3170
7301
5739
2916
4651
1093
7598
9888
9571
3538
9487
5013
4476
2199
1578
3298
264
1231
1426
4935
9464
9023
8143
4272
1525
7655
5459
8611
3643
2558
9571
1681
8481
843
9182
1274
9693
1162
5012
8936
6038
9054
9717
4388
2686
1898
7805
7598
2599
1468
7558
5018
5359
8829
9229
9462
8572
4484
1380
3032
1059
1698
6038
7613
8366
7790
8003
4787
6459
6258
9571
20
9516
1020
9968
4466
9690
2983
62
9119
3924
443
8381
6530
6593
1283
3120
2655
9557
9254
9151
1853
5800
256
9576
7684
779
6537
3099
8686
1826
9415
9325
3720
9605
3620
2517
2321
1684
1119
875
4624
1977
9067
8866
8568
7929
6038
5997
9507
32
2864
5388
859
5648
7737
3997
7690
5347
1245
9010
6960
2758
1191
7968
5254
7302
7608
9391
3987
9522
5827
7113
970
6052
4535
6914
1016
9058
8585
7529
5378
6392
8552
6654
2978
95
2622
5635
9566
4204
7089
9892
5474
4214
5549
3584
8994
1227
324
2114
4795
254
600
1271
1398
4848
8631
148
5895
501
9324
2462
9634
7317
8322
5197
2181
6815
3592
7947
6535
7021
9226
1665
2274
1918
6647
8841
7700
4124
2685
9526
6622
6239
2861
1144
9134
8967
4212
9911
3863
2249
5316
7006
1498
640
9113
7861
7320
8012
4980
9771
2851
6832
2117
9426
164
927
4123
4198
6105
1352
941
742
661
5106
9203
2861
4776
2535
340
7717
9070
5848
4331
2096
3683
7044
7399
9947
4593
3678
9731
4624
9881
5702
285
4270
4729
2749
6494
8814
7184
6949
1225
6097
6719
1051
6075
4419
145
2272
4143
1649
3869
5755
9543
3148
5226
104
4987
7261
842
6214
7679
4486
7401
3406
2122
946
4992
7137
8727
8038
7652
4767
7107
0
3786
8627
7878
3307
6323
1394
8564
4176
9012
5383
3898
1395
9142
591
7892
9369
4340
347
5499
8838
4549
7267
4385
9516
7620
3679
5208
4067
2023
1460
2921
6270
5553
7370
1959
8471
8743
5308
9406
4821
4817
5575
970
9207
5049
4284
1761
5185
7483
2694
1358
3544
2257
7347
4638
4541
4396
4832
1518
9998
440
2978
495
573
5429
6114
1793
7240
1851
9250
6085
4454
9273
9554
7064
857
4647
211
2417
2175
5426
7221
3342
8875
7942
8812
2759
8071
9944
6011
8133
5707
5139
5399
8435
4596
5519
7305
2785
5241
5371
6760
1972
1424
6421
9352
3092
3896
2725
3295
9545
1142
6652
9877
3757
3176
3489
5374
3269
9130
2275
1269
107
6088
486
2084
344
6183
801
3103
7762
7339
4684
8989
6880
3346
2005
8403
9633
735
9055
5522
1248
8289
878
7671
6430
4879
56
5385
6572
4553
5589
8435
2677
3876
9951
7854
1482
6647
476
5051
8975
9295
6233
1316
8806
6459
4223
5146
1922
654
7214
9288
5690
9345
265
6074
6186
4641
8865
5608
939
8887
1683
8814
2827
5350
6238
810
293
4687
6457
4031
3024
8653
5947
4672
7935
9207
2528
6377
2954
6805
2508
2223
6536
6615
5285
121
1457
8094
9871
9415
9321
3652
2373
4326
3877
6267
4931
4877
6372
9935
5044
9128
9453
6544
4871
529
743
4452
1639
1691
5298
9804
2966
6691
6755
8900
6266
9748
2553
7340
319
7002
2544
6769
5554
6024
7215
6611
1805
2863
8653
5325
7363
1635
9220
3625
2434
2010
4191
9676
8584
8369
3582
4608
5785
7820
6355
6273
8220
9226
7247
4034
5786
864
1557
7390
8789
1742
2214
713
2581
6765
8823
5140
7906
7657
9333
7174
743
7874
1482
5134
1169
3469
3088
9773
8651
8439
9020
9589
1019
9058
5644
8843
5103
7510
1290
6190
7296
609
5384
6527
960
374
3617
3838
367
2720
8046
7920
1934
3678
5722
6102
6562
8683
7437
2573
9456
1784
81
6347
7528
2012
1147
6578
2220
5014
166
505
6160
5149
4512
2508
7591
2607
7630
3715
6203
8827
1369
812
5959
8827
6321
7031
1092
7153
1681
6504
7461
4685
719
8669
3
8540
1347
2207
1788
940
1232
8791
503
1587
9976
2288
4093
180
6900
4425
9391
5775
9382
6093
3789
4014
1977
6983
867
4045
6498
6176
8592
15
2235
1495
5597
5359
1919
6280
3937
1216
6788
4048
6576
6894
5812
653
7003
2839
1087
1158
4310
6765
1523
8952
8710
5226
6169
985
7035
8955
3841
2967
7289
1516
5353
5585
1370
3764
2918
3432
749
379
3998
253
5309
6253
8320
5343
4967
2328
1159
8722
6748
9604
572
145
5705
4757
9935
1521
4458
5595
9936
4900
5101
646
1063
526
3588
2613
3309
5073
3203
5622
2718
2679
8817
4518
1613
7654
2739
6932
8533
6787
694
5629
615
1187
8752
9750
1953
535
3765
505
7776
5048
1833
8845
9352
8990
8275
2456
825
4385
2890
9857
3682
5285
1756
9110
2419
1539
6176
2198
8556
2292
3156
290
9812
9015
2283
9541
7700
9220
8135
9835
5112
7650
7892
9879
9827
4500
4977
4193
1111
5284
5818
7623
619
4927
3502
2819
5833
9818
9129
3983
5482
7168
6669
9857
7909
3628
5995
6523
629
1730
5917
4184
3423
4421
9813
5510
7507
3823
5750
2464
2566
312
6971
2625
7795
6569
6918
1508
260
2139
8700
1814
3449
9918
3408
3136
9803
3590
7430
8828
5960
6391
47
393
3254
9564
8059
4686
277
920
9039
6692
4110
1362
3031
5338
70
2529
289
1906
2088
1716
7846
9126
3705
5731
763
1458
7177
1697
1080
4766
1701
1813
433
7527
1640
4100
7927
3443
8431
4067
6283
7333
536
2305
3573
8473
2716
4191
1187
4972
9613
7804
280
1304
4606
5855
7348
4969
738
2562
4420
7344
9091
7812
3843
4114
7715
6875
7724
6370
5209
2336
3495
1606
716
8928
7682
4957
6706
6365
958
4294
8712
5270
8008
9517
7294
8386
2374
7278
5495
3458
9189
8049
2520
7417
1430
112
844
3102
5694
7248
420
9080
2619
7309
6938
8571
9996
6573
6132
4334
801
7597
7026
6680
8377
8356
427
1516
837
12
4846
6014
5470
7763
2233
7813
4539
2603
5996
8728
7131
2751
3376
8159
2474
3228
2672
765
537
8571
1474
7111
3317
9526
4942
8709
2800
9350
8509
8657
5301
2155
383
4649
8530
8154
24
4582
4942
4745
8867
9428
7363
901
8380
8001
4152
1466
5785
6910
9895
3121
3385
4845
4609
5599
6725
772
7920
4436
6942
6194
4278
658
1785
4497
4752
4208
1427
9568
8950
785
5776
8456
2949
9942
2638
6960
5302
5734
1979
3175
5397
2688
3316
4020
5506
8996
3334
154
1644
4929
4368
3085
3505
8230
552
2820
1484
1487
5493
672
5472
6585
7320
2105
1489
4315
1619
4029
9489
7230
4187
6746
6387
7895
4497
1930
902
379
8689
8042
526
3765
7084
7032
1228
8985
581
2964
1471
2200
8051
4941
3959
8704
5537
1654
3173
1747
5029
6979
8456
5814
7754
1847
6032
5407
4776
7772
1513
3310
3886
623
9656
7326
8094
6905
5736
7810
5322
5808
2523
3343
3740
4806
5521
4854
5655
3941
225
250
6475
9651
1237
4604
9560
5077
7485
837
4037
250
3475
3671
9730
922
1784
1459
5409
663
2747
1849
1080
6132
1366
5157
2031
8045
1679
1385
7106
8144
1046
1755
600
3617
8394
3732
394
4920
5293
5364
2647
642
9107
6624
9034
2352
6815
4333
2995
5898
2635
1117
1846
2260
5215
7873
9156
4718
5383
7647
5965
359
9485
3942
9204
5399
4469
5063
436
6948
4004
2931
1264
8934
1645
3971
8073
1375
3982
1846
691
9630
3087
15
3620
806
366
3063
4763
6445
8190
913
5072
9898
8759
2533
8744
6940
3105
5530
1060
8396
7158
6873
8786
4075
9864
3050
4590
9077
6913
3269
8360
3332
3613
3101
8985
5968
5486
364
4571
3694
7334
207
5590
3402
6426
7757
3703
9449
9826
7783
293
1503
1567
2274
5814
771
9306
5570
1877
5999
5139
4479
902
6400
7254
6030
6207
9556
9313
4294
8444
9813
8649
7279
3364
3170
1938
6285
9247
4408
1367
934
2835
183
4792
3340
6942
799
2005
71
2293
9657
6755
9092
3012
9326
4169
4716
910
890
5639
8571
3880
5323
6658
381
6458
9066
7326
7811
7138
3295
22
2367
1097
6283
6242
250
2572
3075
8
6400
7
8931
3110
7530
6247
5949
4066
1111
5073
5643
5357
8519
9339
9075
6606
9982
1285
9371
3597
6889
9300
2175
4895
8276
7295
2955
7968
2051
6460
5663
7470
4645
2786
8840
5980
3705
3859
3475
4166
9160
1938
1001
4722
1009
5279
4133
9190
1031
7598
1047
1345
8153
5570
1176
8423
683
3791
4979
4879
5227
3579
344
8893
7863
2368
4789
9809
6231
4053
3862
9942
4785
7106
7333
5845
9231
2985
1317
4034
5159
131
3547
1194
7785
5944
7953
6359
909
8429
7760
4720
4845
9118
8691
6186
3196
9299
1010
4402
7803
7114
7565
5970
1660
7343
3659
801
6765
841
6795
3218
9180
6200
1112
4910
9517
125
356
8007
8523
9619
8515
8879
4958
7083
9709
3607
1325
505
2169
1090
2105
1867
1156
4520
5030
6302
7049
6795
5910
8710
80
9674
1318
4770
3650
6426
9668
71
7786
1715
5360
9157
4660
2764
5498
9473
1138
7974
5789
5623
8852
201
6803
1176
5257
1042
76
1503
7870
3848
524
258
4062
6012
4356
9256
9665
659
8535
65
3597
8191
2693
7518
7426
251
2120
6269
5826
1951
9731
1362
3760
3060
2639
5949
1548
5788
7195
9156
8828
3724
9132
5958
7223
4654
1309
6372
2531
5555
7147
5630
4349
9986
6044
9704
4619
5907
707
6166
9809
5013
4260
6228
6533
541
9640
6212
8644
9451
3680
9975
5499
4254
6461
5704
4948
105
9144
1425
2210
9540
3902
9699
436
5963
8294
4349
9683
6579
5719
1481
2665
9756
6019
9301
5100
6031
7774
2043
8406
5464
4139
6827
3122
7082
6870
4776
937
730
3202
6722
1156
798
536
2287
7767
8938
9041
6860
9284
5076
7644
1889
7657
6513
5807
7822
3945
2085
7290
2247
2832
6674
4740
5228
6244
797
4157
1532
9667
4109
1252
9756
2776
2025
2115
2058
5453
8159
579
5067
8897
6528
4966
1087
8744
4433
8208
6518
8419
1
7088
2567
975
7532
7230
1244
7639
309
9156
2172
4516
7646
6832
4407
6671
1450
7200
2047
606
144
9330
8892
8818
354
9453
3220
774
7570
3295
5241
3245
5486
9305
4815
9001
4354
198
4315
8907
4600
459
9503
4014
6118
2867
495
6445
8710
4834
3262
8071
7729
1287
3331
2638
9069
8334
8681
7102
7275
3089
3528
2368
982
6999
4041
9467
1395
9071
876
8738
5266
4539
6928
5807
6466
7619
2691
2328
3233
4754
7996
757
4773
4679
161
7952
7440
830
5112
8987
2598
6305
6722
106
4784
3065
3545
8455
7625
5935
7850
1670
3513
3805
8177
9128
8198
9206
5701
7113
8917
3868
7521
773
7476
859
9605
8888
6901
8947
1290
1217
8961
2806
7627
1655
5736
4345
3832
8266
4824
3167
6144
9794
4283
919
2308
4394
3928
7156
5717
8960
7558
3040
8047
1415
6822
3344
7847
8655
5656
9989
6193
8152
2601
1171
5060
736
5515
8673
2414
6615
2867
6023
9779
8249
2161
7067
4482
6400
8677
7792
210
1316
2844
2808
2957
8830
4726
3940
228
2853
4803
1113
7965
132
5970
244
3707
138
6089
9973
1743
8035
8696
1080
5632
4064
3950
4140
1606
4273
2894
2365
2844
9156
3338
3902
8619
6939
8003
2763
42
174
9903
2896
8553
8952
9177
7453
2590
4183
799
3663
6094
6539
9652
4118
8903
1247
3231
409
5318
5704
4803
3002
3125
1874
7985
651
7782
2734
2933
2649
2186
3654
9811
2173
7237
273
9080
2844
3133
7190
7682
7440
7810
2650
9844
9505
9810
8342
8090
112
232
4328
8736
163
4214
3953
64
1778
5153
5278
5657
5547
9903
5051
6636
2948
1321
497
9416
245
5984
1297
2350
49
7075
2325
6657
2506
2440
4032
9057
9616
4318
5464
4853
9250
1542
2982
2615
7848
1296
8965
336
1378
1955
6353
4073
9382
8002
9125
7430
5916
3040
3433
670
1423
6919
5525
5843
9599
8570
5623
2206
8245
4783
2213
7174
5970
8433
2176
865
8969
638
9592
701
4169
100
6140
3320
3777
423
6527
8908
3555
8655
2781
6517
3560
2590
3325
3898
1662
1539
8881
8517
3578
8904
6477
945
8890
1699
1660
1394
9194
9221
8376
8381
5309
5782
4733
355
4013
4299
9833
6333
946
7601
7416
7016
1755
4306
7677
4498
2908
7344
3480
7664
4403
3876
4671
8326
5343
8422
4231
1534
2893
239
5791
7661
8847
7323
1881
3444
6639
7493
4664
1466
6305
9902
928
1686
5163
7630
4517
8144
6433
9581
4363
9447
8164
8237
8828
9019
1380
8406
5870
2215
4859
1223
2531
4618
2142
7880
5198
5263
3761
5951
1562
1528
1724
5169
7402
2661
6470
5612
305
7883
7126
9875
9612
3426
4786
9984
3796
2373
867
3397
3157
9235
8991
310
1333
4561
7491
8189
5561
5462
9577
5270
8715
5454
7955
186
4397
2037
3337
3229
9164
3345
2145
1889
9824
7334
5604
2844
8596
644
6108
4276
9913
7611
2177
6269
9748
8552
4486
1054
1433
5488
1409
2661
1208
9862
6961
4238
7298
7170
2184
5134
8829
6080
2198
4915
6809
8409
5495
7192
3788
6653
5835
8402
8868
2887
6076
6967
8974
599
7456
2236
9769
907
4479
1312
1669
949
4913
4810
1158
5073
722
160
1141
3447
6143
5416
9308
8063
2427
4496
9285
4269
9597
1719
3133
986
8504
2066
3798
9672
4521
2661
5744
4710
995
3346
5126
8792
3843
1240
974
7380
7204
6619
6630
5072
2074
384
7824
6096
5977
6073
4207
7461
70
5223
8451
7942
6123
3653
1722
1054
7750
2149
232
4118
2419
8137
3439
7878
5396
4754
9102
6259
3865
9515
5844
4202
1713
7485
2521
4503
63
5929
2643
6430
4801
2317
9159
9785
667
7192
3550
1368
3978
6489
8921
4374
9042
9466
6655
7547
9450
1137
9208
1258
6490
7935
8322
7244
7182
5450
3682
4324
2361
3128
625
7674
7581
5833
6061
1357
5995
2735
3531
2832
9697
1792
1853
1888
4790
4832
9586
1303
8505
6779
3286
9769
4527
6507
5606
9138
5244
6334
5194
8074
281
2314
9743
1923
9661
3271
9135
1120
5893
8718
7408
2615
9143
1701
9685
9715
8772
8590
9491
8976
1993
7173
2728
9690
9411
6028
8288
9638
2210
2768
7536
4694
9970
5203
4341
1790
9534
8271
6710
7944
6527
9192
5699
7937
2058
3014
7453
6543
9305
7752
9073
8611
1912
7871
2451
8737
6426
520
7727
5900
3276
2110
9694
5915
2072
3673
6012
9945
2914
8809
1414
5071
2008
8572
8043
4408
2068
8851
9262
6763
5994
59
2042
5199
5075
9852
5595
2398
7665
1728
8088
7353
3992
3560
7048
8154
2472
4818
6146
662
1436
3096
662
4316
2515
918
3470
1475
7222
7128
8382
6913
9814
3867
6506
1315
4109
528
4210
1619
377
6159
7581
8780
1321
2306
1951
6406
185
2697
8843
3417
8907
5390
4506
5466
2162
4750
1610
6692
152
5004
3226
448
192
5199
1451
2206
389
849
9104
7272
4128
6388
3908
3839
7743
4554
7347
6262
7458
2662
1593
548
4594
22
8502
5020
3812
1515
5177
3236
5931
7289
9449
6403
2631
4308
5497
8215
7392
6695
1351
2699
6557
7783
9979
7060
2788
5318
1149
6608
1254
3374
9642
7418
893
9355
6965
5972
2456
3876
1477
3645
1309
497
6242
1913
8245
4570
8306
8542
5025
5138
5258
2961
2503
4503
5552
601
1486
223
7542
77
1466
8914
2862
3757
6404
3896
81
6573
3586
310
2366
4849
4277
5008
2817
2418
6911
1690
7626
865
4337
1390
8426
5935
9795
270
4526
5479
3742
6238
9533
23
7621
7896
7852
7674
6973
9936
4327
2324
2832
5088
369
5891
1748
5380
9644
7683
7651
375
7509
2079
4684
4362
2001
8855
7795
9358
640
355
2167
2152
3506
310
1801
6326
3305
5332
329
2627
4091
5561
7800
7965
3675
8196
9781
648
2206
3049
150
6408
3658
3243
5351
6550
2555
6613
3660
144
1855
7942
6740
5994
8163
2616
1085
8375
1628
455
8589
6001
7885
2018
3365
4892
4485
2016
4815
2527
9293
5344
395
5266
4418
5930
5195
2329
2815
9352
630
9939
5751
214
8596
4857
7382
6637
4397
142
8291
3632
2685
4345
2303
5696
3760
2660
3523
556
7837
7475
6113
320
8432
1740
3683
5432
6648
8026
9785
228
8533
9794
3580
6476
5548
5194
9003
8396
670
6742
5308
6562
2962
1076
7704
2475
6710
9630
6021
3955
6095
4619
760
4474
5331
4919
4018
1087
9036
7996
3544
8259
2725
286
6491
2086
6149
176
6553
657
4368
4303
4988
7246
4711
794
4756
7282
1166
5553
6498
496
6322
4587
109
5738
308
5870
4524
7132
5263
1752
9084
5354
9485
7721
5666
3329
8984
8316
389
4706
6698
9793
2474
4369
1560
2336
4939
5076
4916
8569
5930
8089
5801
275
8319
2450
3911
1790
6529
3182
5560
9233
1620
3264
3200
2715
6695
8417
1188
4029
5333
4385
6303
4510
5997
330
2214
742
6660
7535
1851
1916
6774
5988
3999
8065
7355
4412
3335
4263
6903
1142
8017
1951
7624
2999
6329
6773
2964
9046
2736
4833
2788
1038
7363
9071
1153
4676
5416
202
9536
8448
2592
374
5352
4867
7060
5375
8392
8685
6842
3833
9655
7091
2537
9378
5089
8286
4825
9720
9856
7885
4292
5708
3597
9015
243
2832
6383
3801
8805
9498
2710
7210
5263
2971
6602
4094
7131
6923
1070
8970
404
5072
8805
358
2688
2496
8177
3988
3538
8844
1315
3086
1008
5853
3704
8632
4447
9322
705
7013
6102
3062
278
934
4168
5259
9100
3781
9498
2839
8392
654
1857
7750
773
6527
2641
5417
5995
1361
3545
4571
5921
5360
6403
2955
8629
1134
8771
9272
3681
6701
5635
4774
4318
7854
1602
3205
7927
8040
1189
4083
6519
7637
3487
5895
1276
9211
7435
1041
8508
5016
7024
3604
7879
174
5084
269
7264
1912
7860
3568
9083
793
4054
7178
5531
2153
1612
4722
4526
4822
626
1053
6032
7458
440
2597
6455
4849
5460
8112
559
7273
9348
4153
1397
8759
9340
1133
6191
9458
4068
4391
7009
442
881
5686
8801
3331
5375
2243
6224
2330
9658
7794
2461
2579
4898
1068
4506
409
765
3529
1392
9997
2341
7415
938
3175
1848
5294
4448
7069
2152
7643
2957
1252
9119
422
839
8569
1285
4480
9597
6642
6247
7443
781
7703
3513
9066
6287
9766
4862
277
1730
4524
982
3009
2969
7586
8326
5547
1286
9559
7936
8802
6478
9387
5347
205
8741
6484
8839
4234
5575
4729
9355
1838
1220
1391
9160
5940
2302
9326
5535
41
9930
9893
8767
6388
9364
9453
8128
2782
1279
3823
4187
7876
7597
3537
8163
4783
2895
6947
4352
7338
2646
3709
572
5097
3220
72
3822
2535
7672
4287
1665
4428
9288
5198
8028
2090
3841
7772
9982
4782
49
4837
4441
339
8463
7182
1008
8992
6052
2308
4925
7616
9527
1089
197
1770
2532
5084
3963
476
1028
3200
7163
9876
9155
6444
5145
119
8754
3813
9232
2792
4999
1858
1767
2042
7355
4546
304
2947
3935
2006
4301
8097
5840
3723
818
4522
7318
8877
6296
5753
1994
680
4529
3091
4890
4329
9556
5902
8909
6623
7664
7783
2264
6504
287
2727
8367
4203
7318
3467
4560
352
1628
3906
4547
7665
8058
1333
2268
9321
2286
5792
4216
3609
7010
4589
6450
9960
5564
2825
8269
2214
1556
2242
154
7559
5894
5511
6115
2964
7905
6929
4763
7101
9206
9791
6532
1199
317
611
2813
4819
7972
7237
6941
7885
3523
1712
6584
7564
243
2866
7630
8968
4372
1667
387
7533
942
8226
980
6565
1352
7508
7418
3085
4923
8777
3974
2843
1961
1683
7127
6609
4332
70
6839
162
3915
5109
3064
6393
1603
4273
7073
4718
8899
9266
3778
6899
1267
3045
4249
2135
7100
6882
7964
9014
4061
4767
4415
1460
7011
3342
1932
7960
8811
267
5347
8430
383
6741
6853
545
5609
5470
4902
1825
2797
6692
6433
1300
1743
4846
6315
9171
3453
1443
552
8842
465
651
6544
2340
3254
4490
3778
3777
1527
9501
5839
7396
435
4253
713
7857
6952
3675
7106
7104
2494
9127
1362
1922
9330
862
7207
8134
9150
8048
7929
1970
811
4583
9900
5543
1391
6606
9341
2555
7724
1931
6154
45
3092
6980
6027
1480
7435
7269
5853
1032
1737
7515
3187
1211
9322
8046
9346
9442
2306
7078
4424
1447
7299
79
6350
2790
5286
1508
9971
6810
8401
151
9356
8555
2070
2653
2262
4535
8426
4027
5801
5641
9687
5401
571
4035
2125
8956
65
6668
7850
1444
6059
8188
5629
2069
6083
5156
4906
5326
8918
4362
9070
7878
9978
8392
6202
7898
7155
1385
999
5732
3353
324
4201
1061
5906
2041
9994
1724
2908
7213
4345
8484
7059
8319
5684
7659
285
8802
4657
2936
4781
7750
224
3890
344
9803
3003
3018
1383
521
4070
8959
609
784
1846
8774
6009
6984
4787
4417
2290
8874
8527
7579
3522
7679
7445
1682
9216
3295
8498
5421
2472
8436
5930
2795
235
9188
1227
9915
6958
6383
6460
680
4672
1849
686
4060
8218
364
5019
5480
2911
1079
4453
3300
236
7161
3371
1891
4182
4427
5351
1818
3262
88
2019
1067
202
5455
6557
3615
3172
8422
6702
7323
5732
3182
5841
3350
6148
7135
7207
198
3606
493
7909
811
4946
9046
204
2263
5210
2907
6412
9828
8280
2520
3047
5161
8027
4075
6423
2328
4318
7404
428
6171
8692
683
6868
6540
8965
4398
711
5214
1142
5258
8049
3273
8816
6246
1265
9839
5832
1133
6476
9777
497
6531
8165
7809
1495
714
7875
9276
6408
2960
9686
8039
6703
8705
8255
5333
3756
8904
299
2821
30
2854
8445
1209
3773
2747
1777
1439
7363
1254
4615
9855
6308
2974
6899
1625
2802
856
3414
7162
6746
2492
1230
8012
9951
6566
391
1463
6384
9721
3778
4809
9547
8913
1435
9858
889
5927
7759
9675
9067
9988
1459
5498
8981
2907
4031
7446
3292
277
5510
1013
502
5057
9001
869
2474
5089
8859
9051
4835
4069
3807
3837
3555
2781
5376
8486
7279
7837
7351
518
3591
7204
3585
2119
4265
8173
3907
2740
2885
8182
1881
2731
9851
4869
5386
4192
6993
3455
8879
2083
7166
9217
3613
4640
7194
6737
8576
7804
9193
6029
3785
3980
5758
4848
3525
68
3774
5313
1477
5090
7676
3093
9627
6311
7049
8408
2795
2671
3595
1502
3899
2263
2012
6937
3442
1811
7480
1411
696
3335
3722
6321
586
6726
9988
9156
2591
8085
6708
2908
3895
7102
9381
7264
2674
4552
6377
5852
2024
3432
692
373
8027
9953
776
8955
4472
7124
874
5266
6688
4918
1309
1360
4626
6915
7083
9653
9779
911
9783
4672
2745
7968
1087
3837
1
8439
9527
9926
8789
7976
1764
1377
3420
4635
8956
7600
1618
8090
9531
7600
1334
6570
2854
6393
6078
654
3487
9875
3075
6478
6763
2451
4044
961
62
3543
1440
278
4193
6509
7779
4314
6830
7569
4889
9554
3032
8822
4404
7663
8423
209
8149
6014
799
7534
1407
5290
9232
3895
4505
2143
7212
5843
2420
5377
5151
8320
8167
143
7189
2183
9148
7324
6703
5189
3679
6350
3955
1749
8100
1442
7457
3792
1992
5743
1286
4329
3507
287
9796
7927
3164
6329
5536
345
4866
9521
6885
8551
6139
3293
3149
9641
1362
4310
3916
6250
6843
9163
6940
7078
3070
7301
5174
77
434
8713
4810
4337
3296
4721
3174
6533
3493
5643
2878
2733
5712
1293
9058
1675
3762
7419
7467
8902
3112
9263
9910
3741
3762
4737
7655
8137
9104
653
8853
319
7011
1755
6883
3898
7834
4969
1167
8276
2258
8105
8180
756
2005
4587
3519
2052
6967
562
8007
4386
5611
5869
8574
6437
9490
5553
9259
1200
7015
6118
7734
6588
7420
9185
5057
5030
5058
6771
580
1864
8856
1055
1936
7191
4216
7010
4549
6472
1488
5121
9490
156
5557
3876
5617
7602
3782
3459
7227
4207
7387
1069
402
322
5198
8628
5136
6100
163
7884
9825
4203
4571
602
3349
9316
4832
4021
4614
8919
7996
7482
4093
2917
9489
1473
5525
5468
883
5594
323
9035
6470
5218
9414
9417
531
5130
1768
1797
7440
794
3203
1582
58
9494
3813
2918
5753
982
6666
4810
8078
2322
5839
3602
2777
6490
728
8636
9329
3664
4175
3052
6677
2549
4794
3603
4831
5108
1128
8449
7439
2757
6715
4526
2470
9049
422
3954
8283
7663
1674
2194
7017
9691
8590
9641
5294
3161
1601
819
9451
3164
3205
3388
619
2568
4661
5022
3718
3093
3653
1997
6607
2861
1117
818
4009
6567
7663
2320
6848
1952
9148
7556
4886
4153
4770
122
1878
7521
5508
6460
1468
209
6841
7333
2245
2148
1710
5882
3101
215
7228
1534
6062
6029
5161
7510
1756
2702
9792
4300
9770
9911
214
6974
5361
4976
6150
882
6363
9615
9291
5287
2697
9300
6131
9448
1257
8557
1176
1642
8710
2614
948
6274
8958
8481
3171
45
1376
201
8796
843
5782
3436
2777
9537
9491
5277
8034
1720
8993
5788
9230
5819
6877
6508
3264
3389
8353
9508
9877
3474
7530
6127
6157
3747
1548
6053
6329
9698
6898
3538
3204
8051
2149
8196
7240
6155
4726
8882
7254
1879
4484
4178
3243
8825
1036
7469
3593
3318
3125
2398
9243
3220
6807
2134
9327
3741
2174
8515
7321
3740
1620
7926
4719
1254
9359
2302
6590
2033
6024
2446
1594
5086
870
1392
7536
8962
2801
8487
1154
8615
1443
1376
638
9830
1474
605
6176
4752
176
9680
6133
8959
4097
406
1003
7926
8659
4454
9432
7894
5307
381
7697
3644
3109
1925
9497
1559
1028
7407
5621
8992
93
4145
1230
3804
7729
5250
4426
9980
8050
6619
4576
5379
8721
940
8256
2576
3668
7438
2824
2203
9474
5874
5553
639
5644
319
5129
3208
1932
394
7148
3241
5449
9862
6144
6345
6196
4780
6038
3468
2468
9264
6973
3618
9657
3171
2734
2950
2621
6399
7756
9535
6126
8950
1634
143
2063
8101
216
4398
971
597
5923
3757
2338
4750
6612
1259
9821
9150
9856
6508
4761
8630
2009
7751
1251
6544
543
5316
8324
4472
3952
248
7833
3860
9460
7485
7892
7472
5403
1345
819
4297
9043
2146
8323
3812
7483
9868
1901
7104
2303
9118
9651
8704
8218
5275
2160
958
2629
5430
7577
7529
3766
2820
1345
9744
1765
3835
787
7196
595
3818
4937
6986
5288
2273
9549
2098
7023
4455
3525
8779
1278
2371
8906
3884
9605
3170
8509
5218
3599
8969
3849
7589
9520
7480
7469
3146
5004
4848
1172
9790
38
6646
7584
9986
6488
5685
2691
8069
7511
7552
8187
3210
3352
2086
1705
7315
1941
6988
3534
2416
385
867
9159
1645
6570
745
5720
2506
3226
7048
6859
3412
8352
1459
3093
8664
1352
2624
8857
2510
4731
6288
3815
9958
9951
8470
8314
5484
5215
8176
4492
1240
1367
1940
6496
4278
4853
8416
3791
7171
9977
9636
6243
1264
2457
5600
3980
6684
4585
4897
8393
928
2814
1355
3862
6575
4383
8845
9300
2351
1352
4187
5797
3968
7675
3819
8273
3780
3782
9674
5013
3103
9806
2190
2493
425
3714
9471
4056
1512
2543
9355
1691
7233
6922
7562
5852
140
6325
5756
8795
4509
3699
3447
2693
1639
2962
6928
3301
6897
2447
2195
9639
1816
4203
2883
3355
3691
7805
1504
4781
4468
7226
277
2871
9419
1468
5468
8928
6844
4503
5807
5186
8008
7455
4358
7149
8840
6042
6271
4591
9000
675
8596
2647
7338
6518
1944
6434
7030
1213
9030
2305
1671
9130
5014
8461
669
2289
3173
7486
1451
7763
6480
9535
4062
7968
9659
5774
9637
8420
9878
2354
3865
6787
4885
2782
6970
3211
4520
8969
1384
5673
334
6260
3373
3047
2677
8213
6270
8893
3678
4183
1357
5132
3522
4774
3783
2639
7861
2332
5779
1936
2029
2372
9419
3042
7432
3377
9744
2262
5348
8704
8174
6917
2988
7383
7786
8750
3677
6579
9914
6215
1304
3763
1476
8166
2156
8183
3352
8204
7923
5423
6746
3752
780
1923
5518
5892
5581
3299
3432
5053
6669
1072
3829
9409
222
1392
4077
1840
6740
6235
8784
7271
9760
4334
4480
167
1066
1731
3904
275
4240
3406
2085
2131
1643
8993
5477
3587
7486
4791
5979
4641
7095
8738
2585
8627
1213
7746
5189
5770
1176
5199
3750
4863
8850
679
5551
9368
8399
7077
1397
8406
4488
3563
4829
6341
7841
793
7376
8405
4982
8584
8466
1259
3686
8843
436
4201
2851
7564
8734
7424
5030
2782
4791
9892
9392
3708
8248
9548
8655
1241
2779
9083
5775
375
8382
2654
5114
257
3585
2284
9150
1179
4807
9399
5064
3240
1319
1451
8935
7072
8994
2193
5949
1123
4489
1626
8207
4697
3476
8531
8697
9992
1237
1035
5894
2616
453
8154
7604
1658
2023
1844
2401
5807
7812
5234
587
1979
1105
6068
312
9607
6403
8506
2287
7986
4401
9875
1356
9843
2406
4759
7230
194
1649
7007
3330
5622
8257
4106
305
7492
967
5193
835
3792
3057
5024
151
385
9602
1878
3876
7260
9437
9671
4196
5974
538
3510
34
537
242
7150
2688
370
2112
4453
5408
2794
6933
8637
1349
3947
5806
6466
6989
1649
9167
885
4777
4820
6579
7103
6168
7067
9144
324
4607
7096
5391
6092
7699
2575
4803
3246
397
4461
3652
1216
116
7178
3175
1850
4641
3536
907
9333
9783
2431
4368
243
4066
1735
1606
3488
7895
6362
773
5829
7241
2133
1993
4733
1007
8641
2205
272
3669
5599
1933
4699
8249
5702
9139
3595
3558
6735
7083
8708
1587
1670
3824
6240
3469
1917
5692
512
645
2753
1557
9229
6289
341
9247
5140
7554
4260
8489
9966
4622
482
822
7596
7867
5372
8732
4237
8721
507
6840
3725
3828
9113
6170
9377
3492
8411
8411
4630
268
7747
4339
7669
5159
260
7581
4938
8591
9703
1281
5437
8897
7737
9855
2887
2237
359
6153
5813
7613
2404
6937
7043
8630
9587
2786
4509
5020
862
8145
8242
2655
7494
2935
2957
6643
7017
257
7524
1329
7173
5657
3985
118
9891
661
6186
9460
2677
6179
4227
5342
7201
6444
9614
1793
9059
3601
2235
5816
4164
7448
9908
8496
6338
4418
42
3113
143
5561
9930
2
25
5020
5627
2407
9861
9365
5601
8561
5202
813
8685
7227
2901
7822
7281
9066
4539
7769
6742
3741
9395
9863
5873
7254
2674
6708
3039
5462
9205
3905
6940
9615
8443
8808
315
487
7745
6557
8272
7284
6457
5597
2922
3787
3739
9364
1000
789
9816
9525
3131
1603
3865
575
5528
5699
3176
9673
8067
917
9540
5531
2791
8222
9988
9739
5221
4665
8965
5785
5193
5760
8079
511
470
4419
7889
4205
2855
3139
4524
9894
5449
7804
6076
7731
1185
4959
4988
7352
340
9130
4504
2844
3395
7622
5333
6717
7305
992
9620
9047
5706
5872
2609
7122
8930
4061
780
5810
9257
256
9026
8432
7653
1720
8695
4388
2764
8542
2894
9698
5685
7341
4731
7877
712
8136
6870
352
9392
1395
4935
8218
9007
6332
8981
4523
4830
6413
216
7167
6641
3475
842
8693
2618
3788
8723
7966
4064
9556
2426
9638
745
183
1025
9146
9462
5378
9270
4254
8562
7204
8604
6583
538
3269
941
5894
9223
2305
5125
2372
8676
4339
5648
7756
32
8210
4263
1683
6005
3896
2046
6488
6421
2048
1204
9946
6267
5132
3595
6276
2729
2320
4036
9905
1774
7966
7532
7073
2062
2875
982
5286
4004
4490
9977
1027
619
4216
9648
4433
5329
2904
8435
9941
193
8542
2654
1454
8145
5890
7516
2803
5490
6477
505
4716
8199
4342
7306
8785
2760
7097
6202
9141
3888
7029
4541
2885
7483
5105
8398
8216
7846
9044
8056
5708
6748
6198
6131
4905
4530
7119
4492
923
1988
7776
4130
7635
4956
2317
7917
7299
6038
488
2022
6107
9145
2940
6312
7764
4183
7968
263
4984
7444
8659
3990
5613
7774
5655
5598
2922
6613
8574
7146
7797
2747
3277
9033
5613
6896
9287
2392
5655
6707
4070
9506
3556
6201
6542
5043
3154
856
4132
3203
1580
9163
4392
7662
57
1239
8050
7435
1761
7983
9620
5138
2134
6709
3472
5016
7452
7681
7920
7390
6643
1932
2423
1332
544
5822
8089
2475
9039
6809
8524
4476
2232
9855
5000
7471
7198
2556
9423
8383
2171
8719
8174
7365
5359
297
3222
7363
77
5548
7429
7305
6014
3895
5491
1943
9591
7501
377
8373
2019
5789
195
8135
1067
4830
3235
8405
540
1157
6819
5598
2819
9108
773
6560
157
9706
2498
4440
3069
3804
2804
4719
6040
4566
9007
3
2763
6127
4074
190
8412
545
5340
3838
7772
6776
490
7715
4278
5593
2838
8750
288
9336
8790
9034
249
739
6522
5353
8853
2450
9793
8988
8348
8717
7976
8809
7929
9636
4968
2199
4914
6334
1496
3460
842
9439
6347
2564
8261
5168
3875
7008
9954
1154
948
3035
5947
8645
2650
8087
4978
8525
5137
1235
2820
8486
6555
4797
7655
4305
5235
1002
8513
3351
8965
2761
6709
2986
3134
340
6126
5122
5796
5858
5359
8364
9237
3976
2297
7893
2926
8564
6681
7409
589
7971
7238
8658
8456
298
8771
602
290
6342
746
7053
71
7547
8925
7266
5867
9800
1701
9065
5926
5172
932
8655
38
4666
1817
3647
621
7531
2516
7515
7032
3475
7467
9140
5249
7329
5668
3261
8705
1581
5603
8062
9646
845
2505
3680
4831
8849
1203
2765
7907
9415
6447
318
2427
3406
4571
4449
5986
564
5870
4713
5720
6741
4807
9373
977
3396
9246
5900
1679
6198
3603
9661
7631
6010
3308
1546
178
3556
8827
5523
9331
4811
9577
4855
4607
7314
1100
5413
5676
3731
4426
829
2817
2132
4954
1018
4372
2498
4431
6629
3806
9766
3703
7649
9809
9742
9330
8482
8563
6452
9390
7746
1881
9571
3186
6467
8986
7806
6496
9039
6122
1768
6762
8265
4128
8639
2971
1335
3195
1163
7046
4659
1291
4159
2249
956
5601
2638
2599
2316
643
6286
5824
8230
6250
1764
5411
8737
8554
8272
2529
6145
4643
3404
1717
5922
8343
9279
7451
152
9208
647
904
5394
1206
7897
9955
7996
2815
2389
2557
7798
3751
1389
6860
7721
8821
6538
7830
2300
210
926
2566
1845
9617
5714
5261
4139
9091
6382
6835
391
7220
7217
202
4157
821
7920
5320
6896
2053
5589
639
9348
5473
6320
3571
6812
3548
742
7191
226
4302
1481
2355
667
6928
5142
9413
4972
3123
2761
9352
7973
6870
6787
810
3619
86
1532
801
4863
8407
1009
1226
3986
933
2100
660
5969
93
7329
3706
8197
1387
1578
1610
5352
6372
5526
5752
8794
4663
8630
1890
6068
4849
2318
5940
6824
8757
3356
8188
5214
4670
840
784
6532
457
2961
9230
7568
1417
3056
72
5771
46
505
4321
6539
3881
3311
2877
849
6947
9534
8986
5211
6822
6143
6120
930
2082
9857
3148
3929
3172
1317
4298
5430
5667
354
896
3257
7603
2792
3528
6314
2266
4375
1667
2829
447
3507
6720
6290
346
2789
515
9637
1245
1021
3145
4065
2093
7080
5342
8395
6339
4133
4814
9015
4975
8665
9467
3345
5332
1672
2128
5000
8186
7518
3271
9949
6593
542
8117
5948
9945
4513
8254
3591
278
9202
264
7485
748
1497
499
702
8626
5795
2063
4561
308
7740
817
3667
7057
9469
889
9147
2657
9865
9314
946
9145
28
154
1026
2552
7985
9260
1845
137
8370
3284
8643
516
1868
5113
7829
176
9517
7025
2705
7475
2101
610
7351
1148
6077
4579
9689
292
7829
3049
542
8387
7690
3293
6733
5956
1535
4250
9136
9777
6251
5101
9626
4667
8057
3948
1406
2587
885
3977
1764
5879
1148
5439
8321
3008
21
2887
8715
3127
2606
6284
6089
3809
9692
8687
4122
6124
2878
9962
3528
9380
963
7008
4586
6076
3321
4425
3650
3434
3059
4408
1470
4107
1904
4847
6039
3109
7025
7163
6419
9287
9214
3114
2588
4096
3982
2869
1622
327
8009
5287
403
6120
4006
6427
1247
257
1503
3449
8227
7770
1848
8682
4419
2220
7727
7994
7537
91
2665
6441
4334
3173
6985
4060
913
4084
5476
2052
7860
6622
5788
5353
4280
6739
8444
3307
3051
1612
3567
686
2852
7400
7061
1463
9517
6998
9648
8449
2905
6083
564
8743
6544
4187
9250
7410
6124
8194
1107
4631
7742
7360
6642
8348
3816
9212
1273
306
8644
8176
8810
7979
6941
4767
2842
3283
1872
2278
6543
2272
4752
9549
6293
2017
5067
2169
6203
2261
4325
3047
8286
1720
763
1385
117
2529
6200
1504
3470
5170
8687
8761
581
4942
7498
4010
4011
8035
3630
9874
1495
3212
4840
2608
2995
5731
4938
4361
1518
7722
8425
488
4654
5259
2689
650
7181
7948
6843
2900
5913
267
154
8700
1196
6088
218
1829
538
2796
6940
2835
1074
2675
3981
4450
9079
8201
5910
3437
4159
8516
4881
4734
5458
1622
324
8960
7439
9764
918
572
6160
8948
9527
9122
3702
4508
9622
9901
300
2252
2893
6051
6907
8241
9197
8073
1421
2829
912
6545
5085
1756
6054
8452
2911
8488
8918
3915
5547
9387
8780
4553
1251
1700
6261
1901
9206
7668
1018
8706
883
2308
28
4685
3428
3769
5806
4189
6137
9899
7081
949
4649
4297
723
8451
8413
6243
8715
7804
3904
1206
9760
2483
8917
1857
8219
2018
740
362
1130
5060
9425
4025
6273
6039
2556
7596
584
5471
3254
549
2713
8914
4355
9240
4641
3601
5826
1458
9111
7839
5667
6469
1305
8366
3636
3386
9473
671
5656
9514
5852
1006
7292
1513
9175
3916
1942
280
7784
5289
9030
8583
1764
121
9540
2949
9144
520
9572
2216
5279
4208
7155
3000
1013
8453
3404
2366
3179
2159
317
7891
2956
7026
415
4464
1087
2417
9936
9985
2606
9657
8210
9375
3544
5990
6719
8632
6271
4092
5591
7221
3920
2304
2932
9192
8412
8487
8675
2905
4929
8967
6679
7642
4185
1102
449
8631
314
800
2186
9922
1924
7448
3685
4392
3272
4819
7047
7118
5161
3826
4153
6282
6859
2010
1290
4419
8301
5694
39
4150
9304
4508
1534
7475
4902
634
6361
9622
944
6557
3657
6116
9314
5484
4707
2748
6973
8092
2968
4969
1680
6624
1576
3141
6208
6228
1936
9864
5207
4282
3710
2721
4736
2779
1609
8755
6746
5895
2224
6069
1215
6303
5608
8552
4328
3566
3025
5762
6782
4473
1170
7189
4479
5118
6946
97
7416
5932
1691
9921
2672
560
6078
1873
3575
4150
6198
222
1809
1993
9211
6092
1093
9985
4482
9581
8727
7400
138
1552
4000
3540
6881
16
7506
5509
7832
2550
5102
1443
7408
1152
6187
4435
6951
8760
3510
5212
9839
9026
5063
9278
6912
4838
4062
4835
6054
3887
616
9296
4832
4561
2386
884
9991
3279
5236
6895
710
9769
7427
8784
5208
3185
3149
9756
5858
7384
7799
9408
1977
5581
8983
638
2040
8598
8208
8915
8173
9925
9902
7076
9715
2333
1465
1911
8709
2448
6772
4354
1407
89
8566
2752
200
2171
7021
6271
6273
4881
1242
1900
8468
5469
8741
5819
996
9911
4051
499
4317
6985
9825
5278
7805
5006
5396
4343
1383
685
4618
7719
6369
3370
5363
7014
7665
8482
3394
4776
3395
6282
9582
1549
6716
3351
9088
242
7939
2121
3509
5604
6318
5296
1299
9038
5138
1611
1166
6469
5796
4057
3741
1084
6075
5145
5002
5330
7360
7513
8604
8748
3782
3984
1325
4466
1374
6615
6852
201
400
4056
6952
1169
8392
4464
1995
7827
7398
1700
7235
3168
9173
9896
8320
8020
4481
1721
2055
1351
646
831
9238
9579
7016
6980
2376
7699
2600
846
573
8697
407
7158
6713
4291
7586
2788
9474
1281
3765
7023
3048
1323
2236
3672
7476
2771
7462
2187
6919
6059
965
478
2576
4764
1835
1473
7187
4842
8702
3016
8215
6907
3167
4449
1075
4853
7681
3389
7995
6040
3333
6322
2892
6165
937
7538
4887
3178
2807
5913
1057
8152
2631
4013
8189
5491
4415
7114
531
1389
4002
837
4497
726
2277
9816
4901
6322
5768
6763
6123
7146
9214
9522
3355
6710
3947
7442
4135
1525
4760
3302
2719
4435
3751
3338
8230
4203
5320
232
812
8500
5386
6477
341
9022
3703
1839
3750
4510
3247
5684
8143
289
3419
5509
7202
9421
7073
9937
4964
369
8814
719
3988
4283
9109
8413
9878
1333
1987
2451
7636
1102
7053
4629
7946
8288
5864
6092
9073
2820
6025
6881
5613
5476
9903
8652
1000
1623
6895
9834
1137
7433
2530
248
2459
2743
8492
8133
7215
7732
9582
1469
4918
8587
4223
3969
4506
1476
5651
8588
1470
1922
103
8001
4824
5
5807
1072
45
2504
4963
7233
750
1298
2538
6820
2598
4158
9210
5507
2273
4248
4309
9065
2802
932
8087
8898
848
1158
9665
1150
9112
7145
1492
3392
4845
1516
9451
7175
2604
8025
8213
3519
1407
5505
7479
7180
5802
1851
461
8241
7672
4293
8379
4186
6273
1185
9566
3734
9905
8066
2522
4289
2610
8211
7074
3503
2061
9767
9508
4548
247
8339
6312
3713
9137
8785
6822
6737
9082
5721
1334
8323
5770
3907
7229
4546
6052
1856
7974
2136
7802
913
6177
600
8139
714
7138
642
3213
3345
3649
80
807
4733
8776
4058
942
9282
5095
6245
3225
3937
4219
6664
998
2154
4438
5548
1703
9297
5624
3325
2062
3612
5498
6927
9279
5046
5409
4933
4988
5410
8963
3276
3183
7692
3806
8367
3714
6566
171
9430
2146
5851
9283
9397
8387
8744
3594
8297
2745
2703
445
9633
925
3783
6455
3006
2021
4
8660
9346
2103
6324
2383
2199
4681
1443
7941
4005
9456
461
1858
6964
9454
4957
4199
8064
2189
4283
2560
5549
1795
6939
5675
8839
5008
2184
2794
1173
8813
4385
7919
8569
4911
3918
7657
772
1026
9054
1602
7284
1560
4552
5822
1936
6004
6767
7748
7355
2285
2380
4401
1497
2710
4264
8551
4150
8567
2387
1085
3115
9951
8764
2322
58
5978
2242
3918
5402
8503
8635
7423
308
9931
879
6319
5514
7274
7644
596
9052
9253
6006
4508
2666
3856
5907
3788
3863
3074
1779
3059
5029
2390
9019
7848
6784
7643
7472
6776
5432
5747
2142
2035
9838
6648
6824
6347
9647
4917
9547
8443
4032
5984
3223
7768
8955
5240
64
7680
2294
5986
857
7305
5634
4775
9881
4493
2366
584
142
72
3479
230
8695
1134
9193
8116
7724
1930
7164
5848
3911
7894
358
7823
9614
8474
4438
7150
412
4562
3109
500
1650
2882
1639
6119
5239
1809
9896
9682
9405
136
3213
6575
2183
2616
1147
3679
9958
6846
8018
9846
7601
8690
559
859
3421
121
9083
4180
9146
4347
8209
5376
227
9153
6723
5407
4359
8753
3333
4579
6889
4935
4944
2845
8528
9656
9603
9390
3023
7313
8700
6294
3597
7553
258
3001
1853
5762
8465
9838
9392
1697
528
9019
3766
8877
4018
292
1939
3345
8165
6477
1093
657
8024
2077
647
3383
9055
5487
1109
4940
7297
5283
8810
8382
9323
8728
4923
4689
893
5236
8183
6268
6273
8488
8170
4172
3956
2019
3868
5984
2362
8324
3432
7088
8228
2710
8195
659
4098
420
1296
3394
3849
174
2795
3771
8671
3430
7869
8315
4090
6725
8367
7033
3877
2066
4175
7635
7415
2729
8036
5706
8517
9299
5584
858
2871
3667
2445
4822
4139
993
5600
5686
9743
5176
3862
8468
1937
7434
4617
6172
1014
1785
801
62
9871
2357
756
9040
277
7078
4971
8050
6599
2977
5691
26
451
344
9276
5671
5419
9241
246
4915
2094
3529
1842
5420
2195
6080
966
411
3239
84
2488
1249
4202
5255
7869
8760
5190
5344
820
5106
9601
4050
9228
4189
1715
8387
2700
3915
715
6086
326
5491
7616
8256
4975
9051
641
389
3041
4427
2002
8108
1814
1796
9270
2357
8080
8101
7776
2158
3948
4097
3982
6950
1312
6409
8785
3644
4937
1577
6227
1501
5421
7747
7222
3914
6815
1885
2290
3672
7437
5566
780
3003
2495
2146
8497
1258
5184
7676
4578
6779
7437
8628
2483
4630
1313
2577
5343
7347
1066
2263
5689
6386
9112
8276
6996
7994
4392
2827
6586
2637
9609
6834
987
5728
1839
6267
4885
4473
7334
2575
526
5317
9390
3282
1168
7877
2067
238
2348
9755
7234
5727
4461
3624
9132
4639
4865
5107
8338
6988
3540
1618
2313
3277
7785
2812
4884
9872
8877
1256
1508
90
3320
5955
5622
2754
6556
3149
3235
3260
1137
32
7183
4529
3872
5715
855
8322
6772
6132
4040
8827
6368
6319
6367
3804
9579
3684
4917
3566
3859
5422
991
2763
909
9557
9770
625
2600
7052
5573
3655
4425
159
9410
3045
2028
2333
457
6382
421
1174
1279
6626
1452
3479
6809
7462
484
8599
4440
3667
1640
8596
1246
7897
5901
8568
8298
307
3911
1400
9508
5177
5331
8349
3039
8847
4046
850
7561
4286
2107
5413
1966
365
1110
3594
9304
3925
5224
8051
2304
2483
1633
1743
4060
3870
4139
2736
8338
8622
1953
9508
2118
7485
9777
4167
1654
406
6675
4084
1578
5779
6826
9886
9330
6905
9599
1959
2403
270
4539
4321
9252
8595
6463
9398
2505
9167
1215
5048
5545
2531
3585
2059
8126
2631
6514
3001
2210
9367
3142
4088
8969
699
5010
8432
5652
8810
4227
7929
7239
1518
3802
8626
9697
516
9566
717
6223
3986
6789
7944
2627
9034
1810
9303
5544
6167
8687
7926
8354
3369
6705
3855
2685
9670
3219
352
4949
3276
149
7681
8104
8459
8585
7734
6913
2652
5341
815
986
2538
7467
954
1972
2531
8915
2999
5388
6959
4695
1473
7032
8606
7234
3199
5413
9719
9355
671
5739
9138
9222
3153
3218
8263
987
8441
9838
6305
158
4381
2938
8509
1636
9304
7924
1700
2497
6048
1373
1189
9483
6942
7249
4436
778
1408
1594
6943
9382
7951
4952
8863
8232
618
4282
5010
9484
8413
2018
6640
4885
3578
1229
6589
6270
2120
7709
2304
5189
3488
6841
9952
4921
9633
1184
4917
4864
3480
3936
893
6089
2914
3822
1892
8047
728
8184
6700
2033
3289
6470
7723
6302
1567
8595
1406
1813
8445
6763
3697
5900
4591
5130
1082
8929
7216
4319
2637
7796
5203
7183
6901
554
2507
105
9173
7148
3293
5015
2208
9509
5099
2219
2206
6571
1308
7897
6855
5602
6988
1145
7556
835
2570
9166
9268
2031
8084
2362
380
8699
6789
4297
5060
443
1733
676
7211
5960
5075
1853
800
9793
3101
4410
6156
4556
8404
9515
5609
5303
266
2253
1518
6620
6903
5373
5065
1967
7983
9054
5187
3573
5336
4151
4603
3388
4196
4048
1215
4588
5079
9863
5521
802
3825
415
5910
4625
7677
9740
2352
7885
7658
8357
7618
3060
7253
5486
6129
5650
1610
3272
1572
5716
5799
7979
9642
1153
8717
8829
7070
8570
4191
6541
837
95
300
1272
6701
2738
9191
2816
2253
26
7004
4646
9982
6768
5259
9693
8134
4885
1316
9552
3602
6727
9620
2557
7830
9617
3286
1136
1310
2102
502
9796
4288
6527
3462
6071
2036
183
7659
7473
1779
6014
851
4986
1899
7585
5740
6059
8688
3202
8032
3459
4940
6288
7435
9544
9314
6491
8628
6605
8686
5196
9101
7261
1969
8271
4663
6932
8461
2964
8881
2702
9623
164
9607
4815
739
1747
4277
9539
8029
9679
9039
4637
1114
3355
7797
8488
17
370
4249
4118
7983
1732
1053
3738
7000
5653
6568
4006
1511
3350
8974
7298
6338
5914
6712
4315
2917
7761
3503
3245
7228
7366
223
8075
4449
85
7282
6217
3099
9043
9627
652
4047
190
4155
9450
4826
8246
2257
659
1251
1123
9274
685
216
1744
4362
5513
1332
2005
4801
7902
244
1411
9036
9083
6426
9442
711
8062
2150
6605
1689
3924
2843
9604
650
4154
4910
9984
7889
2806
6294
7616
419
7139
7055
2290
5209
9997
5182
2622
5159
6026
7440
871
5130
4586
8830
2357
4706
887
8577
1128
7672
6527
7499
6119
7157
846
9948
1546
9937
2208
9243
5813
5003
7129
4387
6438
7048
6020
2244
3993
6668
7806
7885
232
1556
1651
5551
4276
3506
1001
2766
264
9299
7033
135
3
1230
5432
7156
3397
1215
4710
8617
9742
3947
395
104
4678
6575
4958
1515
7580
9730
7207
6467
9469
1322
346
6832
4026
2802
502
7516
7224
1097
3782
5835
4320
3353
6857
2890
5985
1365
6916
6896
7425
5733
6519
6937
232
746
8273
2063
2888
3117
4434
9416
5951
4262
2750
7916
6686
4342
8991
6493
7559
2558
4536
4316
751
9995
1696
7675
2232
4637
9470
6276
6758
8534
9549
9647
9283
8506
7741
2007
2916
886
1672
9699
5237
4204
32
8152
6041
9323
244
5570
8213
3758
7177
2799
3586
8948
3411
8174
761
4894
833
4801
2286
3314
5193
6753
1146
5989
5712
6904
4447
9056
8178
3967
4854
2238
8233
3916
3357
3883
9416
5642
4979
8078
6549
343
615
381
1668
7761
6240
6314
9663
9084
7019
9086
3306
7213
509
7135
2681
5279
6834
1244
5168
7976
8394
5117
3441
7012
2653
1835
6792
620
6038
6873
2796
7555
9455
6629
9304
4155
453
251
4089
4205
3844
4719
5388
6023
8078
7426
4447
9629
2078
1552
1732
9350
5506
7430
9921
7611
5216
4801
5169
6427
4885
6854
9844
9205
4655
998
5982
1526
7063
4163
3826
4159
9770
3185
7390
3265
5116
1738
5800
2806
3166
7949
6635
2503
227
378
9545
2790
300
4498
4930
2531
8248
9606
9389
170
6665
5309
5888
1433
8214
9174
6723
8888
5403
3472
7272
6645
6496
2117
6507
8538
8712
1990
6189
3408
9080
1781
3536
788
56
8414
2705
1782
6582
126
1474
2304
379
6327
6351
7405
8340
7187
1730
4751
5800
6940
5022
7982
2719
2245
994
8044
6356
4581
6122
5844
4175
877
6545
3520
1535
5606
6514
9543
6289
1966
95
3215
6682
1599
1492
4390
8171
4202
4543
9846
4778
7993
6173
2226
7869
7148
9687
7445
7937
1235
1512
4866
3810
1093
288
8487
7193
3843
7691
1470
6951
658
2068
3450
9496
954
8228
9988
975
5685
6993
8330
2854
6581
4288
2115
7048
8069
5335
5838
6893
6044
3164
1627
9974
6116
723
3335
1720
3555
318
4373
6076
2780
4716
5109
6991
5827
3075
4676
9739
3718
2872
8941
8625
9967
3986
7416
8428
413
1966
1949
3732
7947
556
9438
1803
2103
8025
912
8565
1183
3772
8678
9997
803
8255
9123
6075
1466
7549
8333
6006
5249
9170
3796
5954
549
2377
5905
8458
7072
6006
5755
7460
9067
2326
7403
4267
4715
8775
9092
7185
6058
8540
6222
3930
7823
3023
719
4572
9854
819
2849
7803
9957
5826
9031
1101
7401
5280
4784
4950
7816
5084
4484
2276
3592
5220
179
8861
4814
8273
5255
8825
8176
6911
7259
4662
8766
4527
9217
6275
8961
103
8628
8029
1722
5352
554
7052
5164
1632
4068
9856
8651
7270
3324
5564
1343
2841
9199
1091
1191
3715
1566
8117
6541
148
1838
7154
6703
9968
7396
2169
8392
3467
6099
4329
7690
6976
8808
7812
2206
8279
534
8771
7838
3208
6507
245
3372
8224
749
2610
7431
5
2678
2047
5127
1333
9577
4105
6664
631
9630
133
3305
3496
8636
1463
3681
3546
4454
3914
4824
8048
7878
449
8347
5876
5476
6675
1598
9154
4743
8832
2085
9089
7811
5707
1965
7050
8340
1266
2227
8823
6566
5244
1277
2882
3203
6
3479
8448
5561
1592
7061
6593
7222
5949
3439
1128
5503
6100
3287
8985
104
9082
7386
1291
1238
823
8685
3883
410
7790
8819
4130
6256
2079
5432
5750
3627
1271
8427
9374
1411
4447
9289
5087
3746
9191
7502
4714
9742
3323
1987
8222
9617
1531
5546
4087
1687
1291
1792
5289
7325
1215
8541
5922
7875
6758
7013
7419
8845
1820
7315
7192
6840
5597
5481
8310
9572
651
3691
7228
7586
1476
7572
5251
2565
8876
4116
8863
1037
7497
6153
2238
1558
4137
8033
826
7231
5367
1486
4920
7246
9156
6420
4540
8569
9249
5787
6573
3284
8711
1579
7208
342
9018
339
1303
349
3003
3728
9788
202
8124
9972
8649
370
5067
9894
9735
9772
131
3589
9013
4495
4515
8183
2199
5792
4507
9040
5009
4640
6160
3731
7659
2522
5701
8710
4975
3642
1706
1894
7085
8964
1353
2412
9281
7606
9844
3970
7802
1151
6913
957
3679
2504
4695
504
696
5982
5301
485
496
2155
4766
3135
2531
7846
5670
5185
7863
7956
893
84
6273
8445
2428
670
123
6790
2037
9146
3781
1369
8578
1588
5980
5149
4896
3954
9151
9308
1244
7629
4041
2871
2875
2112
3535
9546
8799
908
8908
5551
7204
8216
5702
8585
701
9456
4700
6060
2478
6979
6420
3913
6358
930
6990
8176
3633
7126
6248
654
909
4231
3259
948
9248
4559
1024
5393
2925
1382
5225
6578
536
1392
4674
536
4847
5254
1066
5366
7914
7835
9327
8719
555
2446
6799
8236
5123
2230
7750
5064
1439
245
641
1876
6288
2435
3423
3325
5652
7979
9704
9922
7801
3258
3078
6531
4484
8466
7262
2578
586
8447
7337
6945
7064
3625
8382
1573
2613
7611
108
9986
5302
7821
6067
1953
8836
5463
1892
1731
3179
1248
4581
6985
9921
9916
3125
8468
6014
8421
7219
9604
9344
2306
107
2011
1751
4792
5780
5872
7225
9499
614
1038
7346
8972
7829
5934
4084
666
7470
5673
2019
7129
9106
2600
6641
8370
4252
6667
6397
778
6132
8050
3784
8882
2225
8407
1566
2373
7461
6309
6790
91
3085
9966
5466
4045
1746
8131
7026
7799
9671
6605
1927
6223
4596
8235
1578
1938
7551
7417
4189
3716
7212
7820
807
3912
6961
4165
418
3803
5297
1232
980
4868
3102
9608
1749
9506
3694
5302
5650
6766
7854
8657
9621
8785
4660
4824
4672
6625
6935
2193
85
9816
106
7303
2076
9783
9579
5632
7375
3976
8580
8792
555
1588
5359
9834
2339
6568
1167
1442
2374
4056
9442
4386
4809
1562
6127
5899
7992
4064
4840
8929
7549
6459
3438
5732
983
1558
6939
5563
751
9822
6924
1517
9702
5176
3843
7220
3461
4584
3141
2102
3104
4979
8734
9536
3347
7887
3838
592
1397
2053
6942
3043
1422
5586
8794
3626
7025
8853
9334
8599
502
9334
5821
5273
8683
8572
2494
1824
1034
2610
4328
4990
9388
5228
8369
856
1312
2242
6929
7946
9605
294
3594
6920
6597
7869
4469
1112
2322
447
1461
9521
3802
5876
1075
2343
1826
8465
4166
2294
6899
8663
67
9354
3519
8336
1333
7626
7496
6627
9691
7293
1371
3858
3510
3564
9268
3981
6347
3735
6471
2526
4344
5327
8562
7186
3258
4375
9273
469
6993
9341
3086
7148
4919
1738
2196
5809
6304
3581
3361
8655
5495
5605
941
7742
4182
5155
6816
9764
5566
7705
9608
9717
1035
8339
1723
4436
2617
1272
6835
7133
904
9959
6900
1354
2159
2570
1963
6180
1740
8551
9056
4660
4748
8600
7266
5435
5801
5912
9748
6455
8367
8586
7624
356
8864
5020
3399
8275
7667
1623
2124
4653
7626
2064
513
1625
6705
6781
6541
3540
5189
2024
6026
1650
5560
4358
3318
9324
5312
4843
9106
9135
6344
9183
8614
6968
9447
6269
5004
2613
6071
2568
2028
3514
3831
968
9511
1573
5726
3893
5067
8176
3456
9989
864
1188
3697
4809
4527
308
8261
2588
3266
9912
2318
1459
6101
7813
3644
3960
9579
7361
9515
6691
8170
6475
1443
9800
801
5054
7820
544
602
1111
3128
8591
4798
150
7365
4101
8676
4010
3589
1036
1064
1995
5081
2695
710
8880
153
5502
6999
7121
7940
6202
4924
9962
6014
6276
3243
195
2065
1224
5713
3566
3755
6133
5287
1836
6292
1323
6551
9758
6454
2082
6388
7263
3037
2658
4697
2996
1033
8549
8941
6299
7
3048
8879
1394
5643
8261
2524
613
591
5469
8759
6154
1012
8198
471
1162
9297
6168
890
6505
268
5862
8067
1819
5467
8398
1502
2231
7353
6575
957
9813
4315
6468
3066
4231
6436
7271
1740
6402
9198
9213
1606
5465
8899
3519
4030
5335
4939
2806
7611
1655
9142
2916
8089
9848
8226
1787
8078
7450
7437
3169
3235
6058
1771
4796
7611
8114
6649
6806
7447
7665
1343
387
5574
727
5803
5536
182
9822
738
9114
557
1520
8267
4547
7198
4639
7473
9559
3794
1490
6670
6996
9967
6783
2889
7704
1509
2929
5119
8685
3413
179
2855
4737
1939
5544
7220
5435
6748
7793
8423
7584
948
6932
5746
1781
432
3178
4364
9869
2735
6193
8659
7038
4806
1672
1382
8710
91
8562
8114
9903
3091
1694
9176
265
1115
4273
5636
8809
39
4937
5477
9859
2907
8585
7568
6636
8803
6032
7031
3650
648
7879
8734
9818
8582
4558
2347
5933
9209
5200
4600
8202
8645
8339
4398
1605
2708
7472
6389
4955
3514
6145
9976
4217
580
8637
8602
5438
8658
8790
4595
9955
445
2819
7583
9581
8753
1183
7407
7960
835
2341
1325
1969
7023
1040
8687
3716
262
6110
1927
9300
1315
8802
2924
7500
1011
6493
1111
3608
4896
3116
6977
5013
2024
4054
5854
8061
6209
5666
5228
2426
6780
8951
8898
2470
447
9481
6180
8247
8985
4509
8367
6835
4875
4534
8895
4196
9536
2660
8484
1616
2491
7383
8037
4123
8218
8641
9265
4992
7046
9486
8651
9832
1156
8904
4909
418
4655
2135
5246
9718
6450
909
9139
4284
394
831
2438
6435
2624
6560
430
6643
523
113
3986
6934
3972
1780
7317
2788
8745
243
9192
8391
7068
8702
7159
4556
9545
6734
9172
4478
4748
715
8051
6816
1787
2590
7046
5793
9546
5079
9437
3412
7007
4572
3519
8745
1918
5962
5805
2668
3058
1544
5259
4832
6969
5286
1965
7209
7188
9863
70
2194
1165
8065
9492
7470
3314
7945
3397
9962
7460
5724
8501
941
5984
7341
4861
2730
9705
2217
5800
4683
9617
5443
8367
4167
3312
7260
7334
7471
3019
6323
8527
1115
5477
7409
6707
1114
1643
4672
1643
8745
6195
3805
5520
5267
6996
7515
2461
4391
7607
970
4601
9918
6117
1163
4527
4272
2664
6940
7068
7144
5099
4629
6686
6349
4881
6212
2396
6672
4505
1597
8580
1541
5480
8641
1809
4452
7012
5419
3345
9602
687
6817
8984
8188
6321
9866
9837
9739
2407
7987
9874
401
5772
1745
2438
4476
1594
7474
4455
1088
5691
9095
1868
7041
832
9253
114
5713
6700
7370
4031
9993
8599
3183
1694
1006
4039
5523
5146
2865
4466
944
8114
4775
8126
5709
2127
6025
4792
8534
1277
6684
5218
8364
8031
774
7100
8254
8371
755
3045
4677
449
2923
630
8876
3155
2610
232
4437
2224
2370
2854
6283
7655
4229
1718
8261
7296
623
7828
7816
8642
217
3274
8549
5301
757
4081
1341
9138
4687
5187
3385
2117
5216
5532
5844
5887
5987
3889
2514
2997
4816
4888
2985
8693
3344
4252
3069
1742
205
5528
1695
8438
5885
4965
1706
4522
2857
3194
3400
8910
1634
351
1028
4981
4431
907
6539
2962
9032
4944
7550
9531
3315
4225
8832
5727
3240
5488
7259
8124
1691
2211
1291
3028
9210
966
1445
5961
1100
4260
6821
7088
1983
7985
3893
6169
432
4726
7022
5238
268
7182
12
4957
3155
4575
7108
1905
2104
2269
4483
3385
3460
5830
4769
2871
4303
689
8889
7875
8034
1357
9109
3426
4982
6032
7811
326
2010
6616
3134
3327
2127
3477
7388
5489
3495
813
3667
9003
7220
417
2679
2548
4629
9618
5269
7533
2498
112
7298
2070
8602
6695
9825
6337
1340
4028
4413
4505
3863
5223
6086
1911
8061
2514
100
6931
9034
6205
6501
8433
5433
3946
5676
5617
8148
2874
6054
1255
8349
6251
7456
8704
7899
8850
5161
8824
2921
662
3520
4022
8060
9930
9315
4470
2577
1077
2589
6443
4218
9694
3321
3220
8316
1
2230
1911
7937
3455
2947
3622
7985
6179
8746
5057
5575
9618
3517
3320
997
7582
9582
655
45
6075
1663
529
5946
992
2795
7984
5752
9756
6747
7133
961
9180
3470
3345
393
9723
6374
9244
9901
7304
8710
6768
1967
2941
2283
637
5143
4522
1045
5239
7798
4942
4270
8396
2168
3203
9242
7416
3215
2254
881
4440
2664
2324
5053
3163
5354
6100
6589
4603
9753
4592
107
5661
111
1730
2311
7527
7334
5192
1099
939
7934
4630
1770
6762
7882
634
5316
4307
178
6626
5640
2162
3569
9423
205
4193
4345
3217
8333
914
7724
3279
2601
2958
7916
3308
9953
4274
3265
5496
9989
7405
1877
6759
8916
1658
6204
955
5901
4048
7744
4035
7978
2016
5064
4335
2465
6732
5308
641
5517
7431
2720
7393
5044
2723
3171
8598
4594
1037
2780
4345
5635
2232
2408
265
3234
5193
5697
3859
5403
1995
4573
2924
9399
1206
3920
3723
7233
9303
8385
2771
8269
7922
135
9145
8280
6758
1158
9844
1962
9878
2590
3048
5808
6882
221
5378
3128
3682
6730
1343
2819
8237
6911
2136
5754
828
4517
3047
5531
3834
8520
6460
4680
4969
9375
9557
3623
348
3944
7908
4054
7962
6524
4660
7590
7389
2785
8305
551
3084
5198
7269
9709
2614
3142
350
3294
2494
5336
2205
6994
346
8905
2028
6691
297
5540
3396
7687
6150
5686
8664
1741
3631
9461
4903
9684
3322
288
8908
1722
6583
9907
3035
9120
8912
7186
8022
4484
3719
4912
4263
4428
9198
9531
8078
2465
7079
5400
9039
7149
2526
7653
4565
3784
6060
9271
5045
8034
1144
783
401
5721
464
9375
2263
6379
636
3502
8531
3963
9008
8081
7651
1975
2262
1595
2179
4816
9090
7497
7284
510
7952
8058
8566
9865
865
7300
5926
8661
249
8690
6722
7138
2666
7214
4995
9380
3515
8315
5186
6831
8145
6781
5931
9227
4583
3843
1555
7604
2849
727
8645
752
7402
8967
6869
3112
3206
8608
4857
8520
9013
2943
636
2374
9235
7016
3462
4695
907
501
8869
2312
9448
4684
906
3972
3279
3598
7729
3729
7749
693
9694
2841
6677
9026
812
4895
929
4249
677
6259
5743
6645
8717
2845
2833
1526
9673
7175
96
719
1578
3721
3041
5707
5914
2985
8282
4438
2175
5815
702
4879
2800
9957
6965
4786
4618
874
4379
9014
5865
3572
4002
9911
5961
5951
8686
9416
9146
4733
1838
9556
7598
6236
8959
650
3165
5018
3582
1638
5768
7230
6674
736
1770
342
5121
697
5781
6248
4390
7439
1966
6691
426
7721
7100
4690
6945
9865
3459
8478
4733
1355
571
103
1844
6538
8430
3017
3702
2562
2309
9336
7935
7771
5431
1751
1337
6991
1524
7999
5138
7062
8326
8011
6538
6817
3078
2699
9024
4645
5429
564
3303
3560
3089
6306
2978
8539
6435
6912
4353
5752
4661
8824
7054
5761
4940
5430
2097
1717
6290
9763
2764
9124
3248
7371
6836
5180
8486
2347
3026
1820
2006
479
7781
8236
8940
326
6217
7873
8902
213
5621
7594
1815
7157
578
1544
117
1857
2005
7408
514
9226
8919
9127
8003
1425
2641
2642
9019
1955
7680
3586
815
4157
1573
6451
2063
2419
2709
5485
7505
982
3322
2948
5295
602
5223
7245
5983
6878
3907
1533
7525
4659
2204
1244
8364
1929
2243
1827
5110
2723
5362
4302
190
6605
1214
7827
8395
607
1163
9033
5496
5327
9873
87
5066
1704
9887
5565
8922
4470
7848
5684
2421
7661
731
3926
102
12
7813
1018
102
2972
3914
5149
7835
3872
7897
2388
9268
572
5741
8815
450
9419
6164
9193
307
317
3933
7861
7256
4234
4534
2797
9682
5868
8491
9503
8205
8124
7511
1297
47
5920
6238
2961
8681
1296
3976
7575
4884
5571
918
2413
1292
7566
1903
7894
2871
4786
1054
7621
4254
8818
1200
38
2968
7575
3993
385
2740
2745
678
8079
5219
7740
1289
1915
4158
4513
848
6193
8685
9877
817
181
4223
2305
145
4769
3667
8940
2221
8558
8536
2105
1789
4806
8130
920
4002
8088
4
6841
809
5666
2792
7136
552
9954
9733
8096
4112
1339
4239
7621
3026
6328
3666
4613
409
668
1543
8840
3959
6855
2528
8250
4599
2021
6775
906
5935
3035
9505
8255
9465
1792
5548
7294
9943
304
3454
2615
9482
7433
8063
5048
40
8836
199
9484
4886
5726
7227
542
2507
6427
2855
1537
7768
8157
5357
6358
3506
8407
3560
44
3458
8791
6657
670
2385
2500
4082
1536
4317
5878
4411
958
346
6723
1957
1927
1206
3919
9029
605
9414
7622
7376
383
2900
4531
6411
1930
2384
7848
6398
3319
8965
148
707
465
7283
4103
5907
3654
3998
4187
7560
1990
3373
9549
9715
417
6672
5363
7375
6172
7870
7303
3497
4496
7723
1795
8914
9228
2237
8789
9472
9936
2865
7058
4340
2346
7515
1031
9785
6101
6949
4239
3599
8968
8670
1790
4176
9080
3223
5932
2410
4657
3914
8016
4209
258
6955
8549
2380
1697
2389
6290
8960
6340
8471
5351
3983
4834
7060
6641
8555
8865
6094
2191
1496
4590
750
5010
3052
1713
7046
7260
4320
2448
3078
9197
8773
2343
3751
743
2899
4227
3474
8184
2438
854
9349
5128
7877
4642
4515
3801
4818
3016
3757
5065
2820
6523
5614
3442
8510
842
932
5753
6997
2378
5495
4970
9339
3197
4875
4546
2835
6807
6042
3801
5550
7297
7961
2289
937
7739
7979
9919
2122
5637
5729
2766
6235
9153
711
8321
3745
2767
388
3328
127
8254
9772
1285
8303
7011
5040
8717
1131
3003
9033
1199
2496
8131
7584
4
2598
6167
2126
6979
6535
1866
6416
2362
948
303
724
4497
609
4697
6790
2673
5251
4940
8996
5770
5823
8406
2425
7295
9601
9856
7733
1308
77
2694
2153
2748
7968
171
6079
1467
3892
962
9747
900
7216
4659
7461
7845
282
2179
7388
3961
9530
3511
2810
6650
5682
6895
5234
6346
1701
6175
2460
7315
4262
5599
8111
1416
8779
2912
4498
4935
5131
5219
686
84
1343
5077
1319
5492
6252
376
1581
484
8651
9564
925
4682
3040
6937
1736
1829
4303
4772
5135
6213
870
5064
6880
9723
509
2159
7417
9369
276
1385
5219
8441
9768
6001
4747
357
9249
8281
9347
3588
6133
4574
4758
1281
5827
2313
983
7194
2619
3762
3670
3743
5816
3845
382
3960
9232
4210
9260
3653
2447
4897
7995
1637
3093
4325
2301
5597
288
2113
2085
4748
5943
8719
9560
633
3342
1919
7675
2713
7503
4702
3770
9759
1403
8005
7384
2563
5521
440
9480
8941
6031
5315
5282
4188
1728
1701
2837
7884
2862
4509
4531
52
4048
9846
4002
5136
4850
8252
2976
1073
284
3572
1656
4310
6519
154
6588
871
7632
4012
4269
1468
906
8625
7872
5201
3189
1834
6729
252
3503
9058
1296
5802
9390
9548
3278
4422
3738
449
7089
8465
9284
5383
9415
816
2293
6636
7268
6877
3210
3751
9239
2066
1742
5502
8611
656
2107
7684
5141
7238
1113
9005
3722
1589
1173
843
4379
535
8265
2600
3750
5473
7073
3492
3196
7267
8840
261
7594
4626
9458
9132
384
5174
5215
5537
5543
6894
2182
4339
5791
6621
9238
2501
7745
8222
5626
2895
9955
2413
8019
3875
4414
3606
2317
1960
720
7323
9
6027
8320
6373
5849
8300
5799
9192
5567
6755
9400
6116
2145
6664
7195
687
7486
1404
6981
9459
6119
7600
2892
8764
7743
4743
6080
3888
1375
1322
3268
5804
810
476
7626
8693
2884
2913
4577
7794
5580
4969
2635
6525
2452
5302
1652
1700
1932
9536
1943
778
2355
4392
3185
872
3160
911
4373
1192
8816
5772
7979
2813
8512
85
1470
194
3604
8786
2006
2439
9404
5299
546
5888
2569
4435
2753
2083
9328
943
5135
3005
2648
5290
7302
303
3982
7605
1963
3016
5044
5762
8655
7389
5923
101
9908
9668
1440
2995
8143
1854
297
2668
7507
2076
1567
6107
7776
4414
6878
2107
194
4463
9247
9733
1080
5466
5999
5550
7560
1683
960
782
8128
7390
9765
7780
4108
1858
6962
2213
8559
6157
5078
8500
7087
3087
1879
2555
1216
3751
9792
7393
303
7973
7499
9021
2539
2289
5116
9500
5167
3176
4129
6734
8309
8140
2630
5823
6696
439
7127
9460
5684
3024
4458
2626
9238
7731
6411
2027
6846
2254
6242
9659
9684
1928
4684
3496
1199
4101
3427
8590
5974
6886
4113
8641
8845
8214
7878
3059
7348
6698
8770
8923
1658
545
6278
8447
7604
3789
2647
4233
3900
2349
3516
347
351
6903
9185
947
6017
7793
907
9036
8333
600
8499
2466
5931
3294
475
8042
5996
1270
2085
8168
7719
5407
4714
9443
6430
8897
3917
3788
5369
3919
7181
7966
2095
2456
8983
2344
4143
2419
5378
9681
4695
4272
3951
4956
4005
8160
795
6753
4119
1143
4697
8695
7815
9090
570
9436
4881
2250
2312
3374
7497
4034
5020
1972
3585
9540
6527
7279
8819
1729
2642
921
5407
2293
1914
8716
2170
439
7507
1416
2310
4483
5210
3209
2362
287
3906
6184
5901
1474
5814
7320
2043
22
4062
7297
645
7030
1407
9626
1143
1224
3753
4196
5731
7733
6594
7844
2091
2536
3321
4024
7139
7784
1368
8402
7772
8017
7642
1347
265
5261
6414
4447
5568
3002
8875
7027
6773
2834
56
8010
1933
4668
3160
442
9948
3606
2310
7986
2745
2773
6601
1237
9548
3142
4594
8403
2593
801
2227
6003
8454
3139
1055
388
948
7414
9284
3764
3374
8218
619
4897
6003
6635
5760
9804
4436
7910
9539
5677
7707
8804
7025
8357
6612
4950
6120
7803
1313
1447
4282
7407
9416
5028
1057
4659
1295
4086
1812
3708
5865
4146
8649
4494
9151
944
7765
1131
7703
9527
3919
7166
7233
6085
7462
7251
6301
253
4614
3406
4064
1725
6706
4898
7141
5833
9993
8778
3130
266
1010
483
2521
4601
828
2048
4189
4505
8630
9345
5576
8274
9883
9832
988
8391
873
6563
4576
6131
3177
7561
7789
4612
3190
8355
122
4500
3191
6037
9594
2502
7987
6490
6483
8485
9408
9195
2139
7932
2076
2114
4652
6590
8763
4966
726
1791
9204
6830
5070
1765
6441
4950
9885
7274
323
9525
8504
314
8374
6625
4920
256
2694
7622
9662
8984
3217
9309
455
3808
4654
1709
4754
2528
440
1370
346
6505
9610
1873
4796
8215
895
4398
7822
1420
233
6625
3592
4286
9628
445
3224
1825
1711
7381
5885
9720
783
4573
6824
1105
1816
7245
7485
5023
3452
8985
6821
7030
7179
4592
3234
1059
7365
5294
1740
3456
7381
4565
6059
1305
2451
2359
6687
833
6131
4319
1348
6026
2248
6000
494
8812
2507
6639
9976
3797
2573
7077
3877
2239
4775
7785
7960
7410
6873
4888
2192
2396
6873
6186
2636
330
5589
6511
4165
2328
3912
7830
1540
220
9315
4679
5199
5726
4808
7954
7881
3187
4747
6880
2537
8346
4157
6079
3586
3258
3938
5202
6748
8293
7128
268
5669
2077
5034
3537
465
1729
4121
8092
2161
3826
8506
7473
6712
3645
519
3117
7779
3318
5351
5264
3769
1805
880
8219
6793
6319
608
6379
1421
6863
7532
2873
7906
2237
1825
9135
5143
7649
6300
8430
9945
9211
9825
6428
8169
7232
6136
4071
9808
7342
1208
9156
630
9871
6030
1595
4150
1577
7287
8459
8398
4548
806
9815
1649
2294
7303
7003
5493
2954
5831
1807
9144
7923
9132
5881
5820
6757
9704
2979
6732
7909
4881
2664
2224
6329
106
3852
9964
6420
1830
1455
4927
3499
1488
394
1941
2220
8512
8385
9181
8608
6740
4581
2614
7898
2923
4004
8101
7195
9197
7554
3748
758
2784
6604
9779
6106
7026
1678
1670
2254
9680
2019
6084
2185
9452
8891
1534
5506
1253
7110
1502
9111
4731
6782
6918
2677
2630
1189
9865
1674
4661
961
1422
8569
5292
6429
2484
9308
8068
4466
2981
9687
2061
3245
9558
635
4223
4234
4454
6785
7720
7222
1441
2633
1071
3221
689
5463
200
4963
3014
8051
119
8333
4270
4282
7492
6160
7272
2287
3902
5141
2386
45
4690
4936
4227
2193
778
1258
1217
9158
5725
4366
9341
2497
7740
5406
2629
941
8824
8774
8744
1020
4664
5016
5019
4404
1471
6973
7171
758
6585
2965
7279
8982
1028
7898
2180
8409
668
264
6007
5880
3415
8039
6537
57
3151
1158
444
9038
6888
1443
5278
6208
7250
2072
852
2997
7297
6451
1930
8636
1568
177
3093
9800
2415
7644
6053
8768
2165
4036
6397
1232
8093
6314
8670
8510
5305
2773
4458
8886
1023
2763
6330
4566
4960
9512
9632
8035
2047
4971
848
1600
4352
9125
5801
1584
1096
2657
7734
667
4995
7172
545
167
4213
1713
3869
4764
8027
2151
5789
8393
6407
3772
7239
4669
9462
8506
7537
341
6245
3334
2926
1440
5487
7158
9719
2723
8928
8135
683
7738
8576
4499
3776
8910
382
2400
719
1873
1130
5050
7052
1456
5429
7923
1939
226
3504
2929
4909
9782
7550
6767
4634
8259
4745
7905
7162
8901
934
9543
9761
6310
6626
6790
5653
2770
7604
7821
4098
8243
7753
1694
4732
1475
4280
1344
3845
923
1124
2320
7861
1195
1961
2571
8085
5224
2336
8636
2612
6213
8323
7716
9319
4953
273
312
1059
3916
1233
5473
6140
685
9086
9573
6089
7327
3038
1366
555
9986
314
295
2803
7154
2574
2402
1118
2370
9567
556
3728
3023
2881
3580
6524
5768
3095
7380
440
9646
9517
8223
8666
2575
179
3353
9181
3641
5327
8624
5186
315
2452
245
9050
2853
6581
9368
4345
9515
4823
6348
2941
4420
436
5356
4842
1939
7396
7500
5157
3118
1794
7871
8350
4999
9036
7895
9373
1695
9378
2973
1816
9150
3747
9625
5322
9698
2395
4964
512
2872
1965
277
6706
6094
7003
9115
2068
681
1415
7706
5771
5462
7327
8195
9088
3292
639
1787
1421
5691
4935
9393
1835
6886
2332
5453
3113
9919
6309
9002
5279
2024
9207
6277
7665
8673
3736
4379
9005
7137
2566
487
9638
6380
5994
1227
5427
4121
6458
197
3210
4527
6302
1763
3484
5037
742
7931
9419
4326
819
3021
6450
7655
8563
9343
5004
4783
8904
9949
1861
3589
6794
5794
6687
3724
3841
9359
4506
5495
6269
3541
6069
342
5837
6665
7289
8160
1334
7020
1210
867
563
3877
9243
5892
51
7827
4915
8960
381
9981
4522
4806
8619
5858
4754
4424
2739
4795
9181
830
6921
8309
1372
4001
5872
292
9842
1563
2008
3813
3764
5811
5150
4155
976
7526
7354
7874
9783
3016
3182
4002
8587
7764
1756
5660
1773
3219
5967
5236
9693
197
6507
4721
2212
3575
3227
7271
6115
999
3134
1268
9961
8285
6777
7347
5892
626
7588
3372
3468
3032
833
2261
6370
8641
333
2003
9159
1121
2018
4571
6546
3735
2088
4611
1336
8427
71
9168
1732
2580
8662
4569
289
4476
1391
1560
3756
1062
7071
2261
3116
7790
4086
2768
80
5210
1285
7111
1589
1386
7786
3409
2123
1120
5523
3939
4700
4968
3542
3981
3153
674
7988
9794
9842
3402
3617
7092
2973
6325
6428
5878
2873
6164
951
1629
5978
8395
6391
8261
3374
7222
8044
1327
5490
4125
4820
1268
1956
6973
893
6297
8159
1495
1329
9049
1371
5536
8320
1567
9055
4771
4516
6605
787
1395
5083
7237
877
61
5575
4779
3059
4198
8297
290
4618
3700
3805
1712
1979
1727
1526
2065
2537
4457
8433
7773
6502
3013
4491
468
4391
145
1586
1891
948
2572
4119
6266
3626
3476
6595
4460
6579
588
700
1067
7456
3380
3447
2068
8567
8255
7228
7031
4017
6202
8007
3966
4709
9172
2685
9292
9326
3875
2358
8942
6706
5794
1321
8957
8441
9957
4841
4789
9204
832
4799
1207
757
944
8414
2102
9485
7318
1952
3400
2271
8725
7113
3947
4559
7215
8336
2657
3905
7063
2774
7050
7970
8760
7921
4086
7459
4734
112
2874
391
6804
9875
6141
1421
203
2440
3214
7300
1881
7609
8774
2494
4926
7825
725
70
4589
2922
9062
2248
3626
7228
5616
1660
7487
5331
4171
5327
9093
899
2833
333
3993
4919
4932
7331
671
4296
5895
7782
144
2713
8217
3883
5650
1433
1090
73
3732
2215
3914
7722
9986
5823
8380
8486
4467
7001
2411
2558
7508
8597
5752
6586
1810
8130
692
4996
4647
7433
3234
5379
6221
7820
9874
9366
1667
5699
1692
5403
6253
5961
1966
3513
1634
2253
8308
3414
6396
5502
1245
3177
9164
827
319
2431
3897
5431
5992
4773
2871
5432
8487
5136
786
4241
7425
3623
553
7070
7597
6566
6061
6178
2023
6595
9796
8154
8574
6592
2165
7125
385
4553
3717
4934
3684
3674
1900
3067
4866
5060
2729
8694
2834
5738
6166
1462
1276
1442
6135
1224
4377
8692
2518
1554
9511
9972
5734
4430
4571
556
3535
7235
9080
7501
8221
7466
8525
296
8185
7871
3312
6372
533
2409
7566
3084
807
2713
8071
6980
8797
918
9345
7798
7691
3667
8067
1230
3808
7435
1311
3425
58
3934
8963
1041
1530
8664
2150
2647
6691
89
8610
4741
8653
2968
8814
461
4013
1889
7760
1194
222
8868
121
8325
2563
9534
1373
1558
7027
5691
1198
2846
5289
9828
7609
6288
4276
2326
4970
4779
9140
6347
4506
9444
5666
6337
4138
2767
6602
9845
8414
8238
5836
5373
7274
1016
8206
4092
6994
3999
212
9285
744
3689
8296
7475
947
5831
4467
5577
6785
6630
5342
4345
9721
5754
4151
3199
8385
9139
1371
167
8879
2153
8927
5526
4696
7691
4904
2588
4779
8330
1262
1652
8490
5472
293
259
8513
4033
1334
9853
280
2314
580
1793
790
4604
4281
1218
3695
9548
3528
659
8859
2262
4545
3825
3218
1027
4424
9951
4515
1529
6120
9
3686
533
2562
1645
2626
9063
3601
4355
6645
7537
6124
7997
2412
952
6676
1044
1114
1498
3998
1259
9294
5062
8507
9994
3117
7297
750
1682
1220
9443
1195
9589
5229
3879
4216
5607
1078
5650
5171
6560
606
876
418
4833
7931
4409
5559
1522
2695
697
3654
2791
7934
2173
1261
606
8483
9742
7185
8076
662
238
9775
7540
2511
7363
6032
4310
6384
6251
3418
3419
8531
6701
5506
4433
694
1274
6071
2044
8294
8979
948
9020
6718
5115
7810
1555
5369
2583
1034
1452
371
761
1187
4598
9136
772
4217
8990
4119
1700
5588
6311
7852
340
3147
5216
4848
9651
4523
1913
8251
8789
4813
9455
3350
4924
4139
3657
2639
9660
8267
5482
7968
9155
3290
5557
9926
1178
2934
9282
6064
9830
3857
4695
9710
3154
3796
9029
2099
5314
5745
143
1315
5469
5739
7479
3647
1649
9115
2046
3063
4307
1775
1679
4118
727
1199
9483
1926
9500
4244
9730
9572
6632
1733
453
2880
3912
1641
5773
1136
7227
5327
4885
5946
6457
4481
9295
5810
7582
4843
343
7984
7311
6534
8824
9291
4354
887
3829
8729
5742
2116
7338
3311
1577
1796
4776
7003
4282
9996
5258
9966
4735
5295
1282
867
4817
1679
5107
7745
3497
1618
9733
1385
9344
9303
1604
3318
9424
9864
5073
9625
293
1903
4854
2957
1289
2594
6290
3750
6095
5034
9693
9572
7936
2513
8458
2530
8409
6253
2115
2946
7037
2436
5575
3137
5217
5600
6226
2836
5327
8345
8796
6286
4933
9620
4085
9409
8193
4851
160
5414
5438
7906
6363
1629
739
4584
8073
7048
1778
3357
2606
418
2082
2837
6271
2075
5184
9202
5426
4565
8193
9857
934
2310
4504
3240
9791
1234
583
5578
7395
2142
9591
1284
4423
7878
5680
3854
5097
3388
4118
6875
8314
6467
871
1910
9022
6521
3527
8579
4060
5045
1588
5866
8849
1339
451
2267
6399
3373
7263
1886
6895
6060
275
1700
3368
504
4752
6437
1088
8298
6738
699
2834
3860
8119
8569
4520
6378
2143
9788
768
1157
6113
7465
7551
7118
5221
4027
4905
2022
3796
6862
8190
455
7565
9048
98
4325
4232
6545
17
9365
7584
4743
1180
4444
8614
1719
7930
2649
8071
8546
648
4794
7511
8354
8247
2392
7303
8127
2317
2609
2162
3342
9569
118
4617
9938
6708
5386
438
5984
6472
439
2675
5734
5683
6155
8125
2977
7485
3830
5630
5522
6403
5274
5889
5353
9767
8617
330
8705
3729
6315
3997
9957
582
6620
5430
9062
3453
8787
2472
5199
1871
4716
4991
8719
1238
2412
8820
783
8630
2861
5207
380
215
1986
3350
7693
1068
8843
4381
1858
1592
813
2188
7400
7599
5281
4825
6187
2804
2870
9951
1094
1766
3386
8666
2164
587
5821
6738
683
7664
1139
5115
6908
4227
7646
3361
3750
185
5537
2774
6462
5245
5939
4171
6205
2426
8595
3456
9229
4517
7078
6525
9291
4581
248
5457
7368
4158
3446
3927
8438
5921
2249
9256
4922
1787
1119
2526
3195
9379
6543
808
7318
8930
2015
6891
2456
1242
962
189
5796
9946
5971
6895
1475
7613
6398
340
8835
633
538
5782
7217
4158
1190
408
9927
1285
8213
7559
2269
7860
3271
5862
212
6227
4304
3128
6313
5733
1688
96
6
6836
9226
6907
3164
7012
6717
4644
6196
474
4802
507
4032
6011
7443
8551
9528
9888
3194
8189
5990
858
8777
4551
3115
1756
5549
3780
5093
8681
5884
9390
6509
9590
6322
6636
1357
8822
5616
2221
2620
7778
1543
5836
7569
6429
2762
3705
3055
1068
7291
9119
6186
4438
8507
3856
1526
3550
5754
4737
1509
5990
2732
7773
2460
6344
1188
8896
4317
9731
1301
4968
3384
9127
8127
8654
6162
1537
5973
1714
6155
8641
3118
9187
423
3503
5959
6108
3093
5056
4397
3969
832
322
5804
1099
5492
7178
5329
8206
341
8298
8602
1159
8174
9788
2765
4783
5940
4236
1348
6022
1744
9948
9068
4878
944
563
6549
7420
315
8507
799
8897
2024
780
2789
9146
8264
9990
5634
2404
1992
4251
5654
6079
1532
3454
9643
6795
8194
1672
2621
5043
4954
5667
8303
7042
6453
4175
5676
9540
6723
433
5625
5866
9613
1752
2281
7875
6545
4578
8342
7904
7431
128
2309
6624
200
1704
5726
3895
349
5706
7732
1039
4204
8040
5087
2722
2148
2736
2841
4497
1548
1909
6996
5486
5779
1806
1403
2259
7090
2926
1015
9321
9629
2323
7350
1526
8124
9989
647
2984
8227
9864
8669
3026
8198
2213
8860
1853
2412
7385
5921
9488
7916
4282
3900
2438
679
2563
467
3461
7664
4050
8321
1698
6582
3169
7206
7648
6717
7775
4118
9966
5150
9696
1242
8732
7387
1266
6799
5280
3781
4936
4854
9376
7371
5141
6048
7633
2841
7661
481
119
6224
4256
491
3875
285
929
3664
7133
9610
6451
7139
1989
5535
3435
2257
8204
8968
9934
1164
4010
5190
6280
3607
9535
526
56
9394
7567
6870
4832
1243
1968
4994
3884
297
1457
6871
8196
7337
7763
4241
2782
4197
951
329
724
175
2539
929
6866
2204
265
8242
4807
6988
9950
2714
540
7641
5840
7417
7086
4934
7908
3728
6970
9535
4477
2100
6454
6175
1230
4573
2269
3801
6869
9088
4530
2657
1561
6998
440
2135
8273
6694
9029
4058
8350
8234
6106
4532
9137
3033
4860
341
3147
1005
4909
7485
299
321
8790
1269
5573
6888
8986
9919
521
8031
5097
1968
4594
5890
6980
8995
1774
7060
8055
584
8783
4318
301
3778
1844
9981
3519
4578
5972
2019
89
7819
773
9731
8020
6764
2868
6196
4519
9151
6446
2869
9617
2599
4689
862
4741
8085
3794
9212
8872
6204
1570
9935
7876
9863
3307
2492
4361
3435
5194
8489
2997
2171
9482
478
9018
1998
9606
6869
9064
5907
3343
560
2839
4654
3483
9095
7566
1854
7293
8418
3902
8229
420
3222
398
7384
3255
6601
173
3093
8037
6199
2171
6075
9756
8257
5040
5230
1172
2474
8612
7329
5131
4191
2711
5257
6152
3551
4027
9432
5496
1084
331
8551
7561
7835
4231
1717
6195
7035
9015
5487
5896
6586
2813
9730
1419
4247
681
2404
3030
5310
8881
5678
3958
5714
7669
8395
5479
1856
4201
1668
3375
9025
1775
9473
9687
7548
413
9137
5902
5717
9712
352
8627
7245
4440
5078
2122
3640
682
7593
3682
3460
8217
4266
1627
3814
2757
6299
5829
8927
4005
3845
1192
584
6600
4534
2426
7404
2558
3361
2261
3431
9074
1937
7699
3612
6315
9182
2074
8882
9555
7316
8131
2895
9409
4526
8022
3445
8258
9299
9865
78
5526
6869
6216
2134
6168
4040
9412
9129
8731
9821
7909
5553
3256
3896
4360
5133
9658
5558
2768
2028
4940
5182
3668
5984
2376
419
1657
9759
3774
8474
771
4177
9541
4050
3881
4647
8332
6513
8674
5708
8027
2848
1314
1809
5879
7049
7229
5868
8401
2558
108
8927
3696
5136
796
9883
8271
9440
1671
8784
7456
4945
4933
6578
259
9689
3410
9003
2477
6723
4902
9583
3165
4155
2297
4604
9407
3016
4798
2247
3264
7965
1414
3196
22
7421
7350
807
3038
119
8892
3078
1422
1550
9026
8660
1393
860
5764
1835
2673
6194
8232
3256
1064
151
1378
4081
5241
2237
363
4296
5023
7411
7502
6077
4564
256
5237
2231
3724
8461
6702
1619
4373
2751
8022
1051
5416
8898
3217
9379
7470
8913
9057
1002
4351
3606
8948
4039
6968
3298
4660
7822
9645
3920
1814
1410
3500
1400
3312
2449
1064
5089
4774
8919
9902
4579
6295
2141
9425
5913
1742
633
1819
7892
5976
5968
7098
8283
3797
929
725
7702
8093
858
7898
2019
4490
7940
5337
5371
5637
5262
917
2140
1616
1044
644
7860
8618
2778
9622
4346
5441
8970
9242
9174
6324
4783
2344
5097
1493
100
632
5340
669
9914
1325
4638
8933
3946
9813
2923
1797
7700
7685
5977
9215
3996
7700
8005
2883
4526
5005
2073
2396
7240
2001
1797
8201
1526
7095
1074
9921
1974
4895
8402
8958
673
4493
9224
1920
4050
9253
9459
6820
1014
1116
4362
1719
3768
789
4050
463
6683
8108
897
9430
7269
5027
1973
3083
3257
6523
1268
9970
1512
6042
5718
4346
3492
3092
5652
9831
6137
2163
2487
1500
8722
7985
6414
7885
4003
7793
8332
6038
1653
499
8832
6111
5409
1431
3835
6074
9701
6783
2379
4959
267
6470
3710
4508
4580
3520
9579
6595
9952
3192
4995
9342
1081
2562
5472
8221
8294
8173
4667
7575
5154
3848
4856
6300
434
5181
6775
5478
5950
2021
1800
2853
1379
2220
3555
8243
4635
7548
9306
4589
7200
4573
1013
4461
2977
8561
8108
6138
9451
9367
8940
1493
2943
1343
7776
269
1157
6100
2268
3557
3738
5385
8020
7182
8855
2356
6128
3754
1648
7263
5356
4946
7981
5612
6197
7444
4441
9448
1940
2840
2349
8940
9951
4719
9038
6919
227
7139
3642
2397
4072
5242
8928
8484
2308
9613
1403
5275
8632
6105
9549
9847
4881
3902
505
563
5492
5726
8303
4024
5344
5398
3010
8772
9821
7497
5973
4185
62
9694
8735
9446
7084
5950
68
7535
3117
7030
7052
1605
3948
5192
6061
9140
9384
6613
131
6343
9370
9315
2756
174
7013
5101
2320
5175
1197
6394
9320
9171
6066
5656
873
9789
9696
8887
4040
2828
5206
731
6926
1136
7896
407
223
8238
9147
4656
9915
4708
1882
1835
1809
3400
8335
1878
4212
99
9919
5103
1421
1857
1177
6844
5298
6723
4515
6784
4006
7429
7699
4511
3078
3009
4722
3678
773
7799
4651
4220
602
3929
4300
6998
9738
8068
2367
9843
3272
6487
3114
2507
7380
5881
9227
915
3253
2535
4529
2206
4084
1120
2576
8411
2589
8478
865
2553
2829
7248
9950
1343
4461
7541
3832
2813
7154
7166
4428
1440
5548
1639
5390
6497
2310
8658
1736
2110
5862
6246
6087
3734
724
3970
8996
3311
7819
5674
5396
4653
6319
2691
9688
8037
480
6740
3032
7536
6402
1421
7838
3965
6033
1228
658
2844
2184
7719
8986
6284
2242
5769
6871
1209
8126
5969
1913
5851
7390
7777
2893
3250
8365
1619
8486
2292
1682
808
4029
5313
3200
4497
6231
2594
1759
5680
1944
2845
8830
3769
1069
2308
7230
3782
1906
1640
4778
5070
4118
413
9492
1165
7198
4085
4991
9781
7953
4608
1640
9730
4589
7047
7588
1347
3734
1545
7824
2766
5550
669
2859
8674
7848
2377
470
6211
9358
503
3757
6230
9233
5841
6907
6116
6220
7428
1652
9626
4345
1833
190
8875
8485
7845
4446
2775
9958
6222
3198
6337
1174
8989
7439
8015
7255
4311
4538
6549
9518
8430
8595
9419
9002
5649
7210
1360
8580
7766
8133
8854
172
1215
5456
7914
5752
7011
908
4517
8354
6257
2275
8676
4904
834
4705
4701
9155
2885
9432
7782
2840
2182
1045
4671
2933
7859
2781
384
8205
475
8039
8101
4908
6634
3271
9550
5488
3515
803
1799
9231
978
8475
3043
161
6501
513
8046
8455
1720
3392
258
2952
2653
8160
5005
6167
5067
3831
870
4346
9176
3194
3001
2519
581
4962
1678
9947
199
9479
9195
1611
9371
374
7265
7312
8832
7794
7102
7182
1203
5189
5583
4193
2313
6572
8333
4461
6817
5655
2629
16
1802
5098
7890
1554
7015
6594
7191
2912
3400
4176
613
645
2924
2409
2895
5306
521
7264
8163
5983
4614
4479
8782
5389
5404
7871
3261
552
8263
6782
3607
4156
55
4513
5886
4114
8060
1219
8879
771
3562
4204
5377
9848
5206
1405
8782
6514
2997
6715
9950
6704
8808
9035
5276
7620
1085
5496
545
9091
4098
5880
8887
5147
1732
5689
6392
1920
6483
5163
1935
8374
6780
5477
7058
567
6933
6970
4581
1748
7626
4822
9302
1213
9136
2159
293
2794
3627
5743
6166
5525
7133
701
700
5367
9504
8452
1582
7160
4192
5222
4263
2020
2903
2438
6891
7446
3436
6678
5520
7548
2782
7862
2297
5896
5781
5771
8489
657
8181
2347
3692
1815
7928
1913
604
6338
8857
7041
3072
6003
2193
3023
96
1155
4835
9020
2044
5784
2610
9015
6381
8536
8917
7430
3093
5774
4443
6239
481
4471
2072
9568
4335
1295
2725
259
4551
7571
7087
6687
6955
397
1815
1467
8837
3695
5835
4520
2810
7006
7769
1667
8361
4679
2454
3549
6158
6930
8868
2267
5643
4274
7366
4643
3864
4175
6498
4401
5056
2455
5569
931
5487
2375
4500
9328
790
5146
8906
978
9320
7028
7536
3488
4262
8541
8731
9352
913
5891
9854
1180
978
9939
4131
59
9864
1942
7333
6545
5668
4976
1105
8715
9754
7961
3929
3504
1308
238
7759
444
3203
604
6124
9536
6994
6372
999
2849
180
9392
2286
4193
1744
9661
5478
6120
8585
2372
9289
707
5634
2395
8734
2639
6820
8269
5713
6462
6643
423
3064
7780
6690
3733
2849
742
3513
8672
7456
3800
7538
3856
1652
6981
3259
3642
6142
8162
9456
2396
2513
2173
2702
6562
7389
2528
5591
7113
2269
123
3651
6348
8032
7367
2789
22
1743
9634
7900
5978
9028
2556
4900
6153
6186
5670
4519
6725
2306
1248
6651
6111
1263
1610
8067
9833
796
490
877
9881
9226
1529
1649
1331
757
6517
9873
2231
6710
5516
4847
9992
9686
4564
4343
5998
9544
4970
3626
2644
7263
3471
709
3756
4934
1170
250
7620
9367
3780
274
2167
5279
6509
6294
3022
5629
8022
305
5925
8097
1235
4729
6722
4456
1561
7596
911
7226
7454
3204
1790
2518
7595
4386
547
4088
1027
7364
1862
1842
2458
428
9567
2798
2005
7433
5727
2309
2204
3378
5227
8955
3675
6616
7825
5150
8153
4025
5608
6884
4456
1853
8855
7475
7788
5090
9600
9814
8746
5156
3574
7466
9021
4277
2947
9444
4154
8423
2596
4534
793
8302
2212
4096
4005
2909
8542
4675
6727
7479
3785
1705
9628
8880
2280
5056
2554
9612
543
5927
7851
638
985
4220
2584
5802
6676
6337
5235
5428
7275
1816
1321
6599
6504
6490
7252
8253
8757
1278
9381
2033
2136
7901
2736
2475
1475
654
8090
9665
351
9628
428
315
810
9498
3377
7128
3398
2973
3576
4507
2654
3082
2198
4131
225
9288
8282
5259
3490
1910
3418
495
4161
2480
943
19
1617
4866
6055
3224
5490
3872
6894
4681
9247
4719
167
1423
6858
3539
6181
8830
4068
5828
4832
1060
7656
1835
2858
968
5241
2247
5768
3130
3692
3645
2578
8101
468
3121
4014
7376
1819
7551
7561
5734
4377
7286
6757
9159
9217
9070
6092
3335
9606
9597
9027
3354
4927
7098
4999
4261
1994
6637
33
7941
460
83
3491
8505
3824
861
180
8251
2751
7373
4175
401
1537
524
728
5969
4868
932
8990
3502
2063
6993
4463
1761
7745
1928
8102
2476
1009
132
1184
3499
8573
1861
291
1541
5549
6410
2833
62
6128
9014
8104
7169
6743
3310
5003
8806
7077
7382
2108
5806
8709
1912
6043
4806
4967
6139
2903
2445
1187
173
8486
4901
8598
1687
1113
82
7297
1253
3103
4128
7153
2975
4787
2700
952
4981
5712
6542
7685
3754
9345
7558
9803
4619
8104
7008
3543
6525
2889
9610
7947
1394
6378
9832
5098
8997
6328
6955
1465
8989
1410
9023
2507
2146
2647
9265
7927
4143
2876
7097
5369
8398
9759
3473
2050
5460
4715
7396
7544
5204
9147
9247
7109
8245
4442
2340
762
7255
8284
8865
3688
9843
6745
1867
5936
2210
9318
1136
7265
1046
8889
776
8770
3941
4245
2231
1875
4481
5017
4330
7267
433
5255
4278
5941
4493
9994
109
8908
2929
3925
3042
136
8157
2776
6124
3169
8423
5902
2705
607
4722
8423
2309
7431
327
5906
747
5149
1383
1607
1799
4575
4264
9745
7126
8967
5469
8327
3470
1805
6164
6947
2204
6535
4241
504
3676
3701
9597
3186
1834
9361
3266
341
3553
4668
7540
2671
4109
9892
2991
7810
5663
6278
8281
2855
2640
4969
3652
4928
4727
683
2242
5114
6482
3887
2567
6612
7106
6529
1169
361
5022
6840
2399
7319
6326
4170
5643
2068
2150
482
1772
2974
1119
1092
7675
4779
32
106
9677
1830
8331
6627
7656
5974
7158
6216
2715
5769
5298
786
1577
2230
1369
8777
4424
7521
2795
6521
9390
8145
8891
9305
9990
807
7828
2910
8949
4977
3883
5374
5025
3139
5818
7196
4643
7938
5367
1324
4218
5514
7380
3990
9062
8731
2452
9014
8871
8717
5692
4755
9695
1019
8161
1534
9711
8716
4235
739
18
8282
8366
3550
6869
4528
5522
5247
8595
9039
7214
8693
8877
6205
47
2107
5082
27
9690
2135
4598
4615
850
5050
9430
1323
4023
9106
9535
7397
1988
3213
9244
5303
7152
6037
8404
8667
1496
5240
7611
3693
7134
1656
8776
8006
5470
7706
2460
6221
1824
8928
5928
5507
764
3552
877
1538
7153
1437
5854
5905
5185
7906
5753
7332
8213
5678
4936
5920
3267
1428
9078
6106
5897
6234
6452
9574
9266
5673
2062
2861
270
6128
1511
1868
9646
299
6632
7574
2854
6356
360
9149
8082
6664
6809
2720
7162
7237
1009
4742
6132
8623
3999
4808
5749
3719
1279
40
9154
6217
8239
1568
9311
6430
2370
263
9224
6400
7216
6247
5403
9811
8804
9791
3908
7313
3957
5435
7806
2983
574
3298
4650
3401
5308
4407
5790
3062
4513
6019
4040
8882
8388
2869
7060
5107
4781
7669
9045
3483
77
927
7577
84
5445
4037
8519
7874
5667
7042
4502
1204
4696
7537
1486
5484
126
5151
3749
5641
5136
6839
6269
6472
6960
7128
7797
1819
8152
557
3054
4105
806
5079
2790
4148
4214
4469
4771
1274
2594
6714
5106
1659
3226
9877
4889
982
4341
3497
9326
1515
9053
1069
3172
6305
7886
7748
5832
143
9191
6629
5069
2520
1075
49
8838
632
9195
2087
5135
8860
4336
5436
822
5464
3990
9962
2929
1432
8034
496
78
3350
5632
3854
6882
1974
2677
8011
4397
4444
1787
9511
3578
3132
1161
7598
4498
5548
6811
7643
5514
3529
6003
3503
7437
1831
1918
1883
370
8286
7626
1843
8035
3138
7106
1487
4136
8831
9598
3629
1257
3941
1308
3978
8510
2401
9158
3204
4629
9948
1142
3732
9689
9800
4585
1908
2755
5938
7759
3489
1819
9477
1922
4569
741
7369
923
6602
9675
5378
1484
8267
3576
660
844
8036
7126
904
18
8457
1856
3202
5757
2181
5126
9851
5421
2364
8234
466
6465
7570
8067
6509
7146
3217
3804
510
7897
1378
3418
4254
6613
1498
693
437
949
5771
6954
7143
1448
3927
9137
1837
6333
6349
5806
1856
4431
4589
1783
7762
4394
5318
8811
5782
1896
5266
333
8438
5245
8644
5207
2516
8888
1849
5420
8532
2144
4916
5088
8107
6229
9327
1936
6879
9216
6261
2907
3935
325
8209
6168
1003
2994
1716
8911
3575
4374
1786
2485
9166
5705
9098
1945
4958
4987
7828
2595
6319
1377
2388
7282
6289
9715
3947
5316
7163
3010
6654
2279
3985
7034
9166
2923
1906
4639
7680
6182
2260
5441
8538
4053
4945
1693
9916
8693
6794
1649
6633
2857
4965
9040
3523
9413
2769
8990
3676
1977
2802
8990
7012
5293
3291
5742
6618
6740
5278
8327
5319
6806
1307
3775
4085
762
5614
4299
2914
7546
5341
3724
8861
7353
1933
3811
6493
9614
206
709
8227
3066
131
1510
2597
8138
7552
2819
8088
8652
2332
7887
5588
9578
3607
5002
3861
5519
6164
7753
2457
8147
152
1176
712
3229
5161
4046
2135
7306
5419
3996
6643
677
8035
2582
4364
4716
3952
1956
4470
3690
8698
313
8483
4733
5612
8759
9043
9956
5631
6358
68
1031
8014
6502
6733
8068
4853
2514
1057
2009
5042
5719
1727
3889
1234
4002
5006
5979
4886
9181
636
3612
4629
7760
8918
406
2234
7462
9872
288
9587
5694
4012
6855
148
4058
1404
3411
3930
1426
6048
1597
1794
31
2696
8960
7657
9911
6709
2924
4460
6499
5809
5094
840
7898
504
6188
6504
7975
7734
9027
8550
9585
4574
6098
5529
9246
8092
7898
6371
4416
2751
993
8917
3939
7342
3352
5146
3172
8576
2253
2682
1170
9718
3704
6938
3764
7270
4458
9723
6385
5422
688
6078
6523
4856
5551
1495
6330
6211
6597
2363
7545
1200
7481
6856
1553
5014
8680
9165
7649
5351
3577
5675
8819
4190
8454
4233
1580
3300
4625
8515
7184
6119
5032
8181
65
5269
2863
893
7028
7328
598
1111
6462
5231
6783
1401
549
7730
5190
7258
1370
2514
3140
7908
3910
5761
9252
6827
4885
1039
3637
3821
7130
2951
6170
2799
4201
9721
7849
7739
8556
4029
8459
1674
8595
7811
9391
998
4771
9962
4725
2707
1971
8916
1491
793
5366
4303
9027
813
5396
9751
7023
9787
7581
7355
2396
4825
7438
1348
2508
438
7555
3172
8254
3966
4545
6958
1592
5203
1887
941
1090
5925
808
8487
2350
6202
1138
5027
5795
2732
2877
1747
5140
4503
4066
9357
6622
8166
9300
4802
8268
9496
4139
3359
9225
593
6429
8757
2485
1734
752
3441
6695
738
2209
2349
5539
9699
1731
4105
1581
326
196
7227
2855
8452
7520
4911
5439
6590
8326
5142
9926
8387
38
5186
1345
446
5904
100
7109
645
5402
5665
9208
1189
8697
6740
134
3503
6629
8788
2423
8126
7267
6755
1010
6112
9162
5340
8706
8157
9699
3176
1068
7179
9045
2519
1885
4154
7771
9795
1132
4360
7323
7927
8606
2555
2617
1471
1331
5577
9230
7700
5879
3038
188
8391
5530
3637
9753
9517
9506
9475
8009
4107
745
2347
4632
4164
548
2691
4152
7905
714
4622
366
7752
1351
8415
6727
6332
6825
8271
1704
3895
5717
1951
9336
2878
788
1475
3295
5140
4606
5218
8022
2100
2019
2013
3678
4502
7119
35
5146
314
6366
2457
402
4201
4459
3696
7743
2634
8835
5107
3359
1562
402
5731
9199
2893
1976
120
9574
4928
9862
5393
3898
6959
9998
2434
6549
8075
1865
8181
3767
3938
7420
379
1283
9192
4818
3740
482
7739
5205
2301
6839
999
5917
5468
7430
8225
3244
5809
6296
5227
9569
6403
9262
2733
4866
1236
3032
6686
6898
61
9535
6287
4279
4002
920
4326
9683
4970
9809
145
3073
8660
666
6356
8269
6031
9776
5238
851
9465
7855
7292
5058
645
3714
9167
4256
4648
8156
4758
7737
6696
7593
436
3844
4681
8312
4984
3868
829
9360
9825
3623
9019
3183
4338
1829
2792
7374
3499
8246
2433
5279
7099
3857
1219
4101
4575
6330
9288
388
5054
6120
9244
2884
2177
4148
1597
6613
6958
9389
6079
2925
4910
6498
5685
6033
2193
8222
4361
3903
2635
9746
8059
1543
779
6435
4593
2418
8912
5226
5679
8711
651
852
2130
9759
7271
1868
6488
5472
7251
3941
8080
9618
575
8287
718
4060
8126
1649
8456
9621
6133
481
4182
6278
3377
8047
568
8640
5926
9616
3499
4232
7200
9612
8400
6028
2707
863
1664
3275
3679
497
896
8956
5452
9172
3156
6438
413
5662
4291
9940
33
9041
1972
3806
9415
7944
264
4672
4360
1155
2048
7797
7542
7717
9225
7751
8934
7321
5709
3273
1124
360
4492
941
1802
8913
5064
4564
1175
7366
7327
7339
6064
6955
4734
2487
5689
6062
8296
970
8420
6444
9546
3414
298
4494
9553
5315
815
1753
7253
1783
252
1558
8914
5844
620
6062
9473
2244
7813
7300
9554
6444
1314
347
4268
499
8023
8499
8470
8529
5115
4266
9197
3220
7221
8268
9476
3449
4987
7918
1278
4937
9056
1320
2747
7524
3782
8749
6369
5863
7331
8810
4689
2716
8541
9616
8764
7757
8598
6229
3573
5001
4551
2459
1028
6586
4005
7938
751
9063
1784
3608
3189
9646
6612
109
9359
6078
6682
5742
2784
9921
4502
1610
2338
1381
8869
2996
6250
3997
3510
2331
8979
7367
876
5741
2169
8491
2702
5166
2552
8156
8330
144
2410
158
9145
8926
600
7361
985
1954
2840
5298
8667
5655
602
3301
7109
6825
1638
4318
4239
5301
2050
1248
7121
1130
5998
1758
3504
4065
8927
6958
4072
3317
58
6243
8160
8081
8173
6364
5889
7287
8497
689
4519
5633
1046
162
7125
1123
4295
5767
3473
8628
9112
6142
2386
1117
2162
8809
7501
6299
7445
1553
6101
4104
6449
7584
7505
9256
7526
4112
3716
2834
2180
9974
515
3172
834
4059
3701
9404
7864
305
7563
8613
4859
6056
6577
6566
7778
9875
6378
87
9091
3753
1324
8178
6252
7061
8004
6334
3541
5632
4963
8893
3228
2662
8747
7733
7145
5536
1711
7664
3866
9231
8627
3228
7594
1902
4390
6947
5455
2849
9368
8115
7153
8199
1728
4031
2655
5030
7548
9446
8117
4026
3374
3698
9895
7961
4443
9389
4331
4627
2951
6675
9438
8960
5052
8367
6638
4654
3765
4353
3094
6118
6442
2114
1866
4232
4106
1844
9650
4620
555
3020
9253
4175
8428
1109
4174
4361
3177
1048
2626
9613
404
752
389
3121
3258
7289
2393
5372
1146
5320
1874
6264
3855
6930
6119
317
3092
5131
3427
8503
6926
4351
9286
3995
6702
4608
5864
8011
989
7993
1749
9312
1019
7310
1028
6102
4248
6676
7356
5408
3971
2929
4521
2083
7364
1362
9957
652
8335
4233
6207
655
7751
988
5492
362
1480
968
2839
3852
8289
4012
1761
5608
2253
4605
6527
5228
5889
3360
635
3580
7942
7441
4034
7050
5219
7024
5799
4632
7946
7115
5880
809
9438
3359
7063
6337
8605
9063
3826
9428
9153
8348
5963
9417
3511
9496
8122
8122
4253
5674
2797
2961
6979
8249
5766
9500
7333
7647
7755
2847
6260
671
5625
8250
534
822
7200
5654
9872
541
4959
3845
650
9567
1133
3908
3688
5414
9391
1324
2093
4670
1058
7717
9431
338
3293
4291
7327
886
3555
6084
720
1738
7066
5870
4035
1272
4639
4240
2756
1953
4287
821
6607
1395
6027
6044
4276
6696
7947
6700
4248
1983
9055
5065
6064
2662
3755
5940
8447
4868
2285
2232
6721
4293
1958
9578
7738
4428
2275
8996
8169
20
7373
2887
2642
2503
7479
1567
952
9429
7372
7016
2735
9043
6941
4197
2300
9915
7918
4687
1313
1748
2046
2673
9780
7516
613
3321
1590
9749
6601
4643
6076
5034
2886
2372
3088
4955
2687
3326
4802
8693
6005
2538
1826
6082
4436
6340
8527
1452
825
9593
2856
3506
8673
4863
8750
7853
4599
9242
1060
7929
163
3746
1365
9518
1569
5823
5675
3402
1109
5551
12
5448
3306
1663
9945
4852
9429
2443
3791
5660
2967
3717
8280
9218
9142
3629
448
5588
891
2471
3652
8713
5799
486
7918
7103
8914
6096
3286
8871
2367
100
4907
9372
5908
379
8413
3988
3120
9575
7545
7043
4773
8050
1353
6738
5879
4474
7474
2019
7616
8075
3376
8224
7723
3371
4698
1657
4933
1308
5049
5508
4394
7241
1057
4282
3014
5953
5248
2544
1415
6745
5772
7136
1568
2096
1239
577
8062
7049
4865
2939
7861
8222
6794
2757
5949
4914
4029
991
9135
4263
2870
2742
1726
4234
8603
9723
6579
9518
6963
5549
9537
7619
1523
3389
1453
8520
8682
6175
6310
5584
4662
7684
7714
5292
9814
5640
8427
9837
2569
8855
8788
9395
4484
4443
5497
1830
6460
4976
593
1566
9774
5670
7750
6568
539
1917
8793
923
2041
2569
7318
2864
2513
477
5806
6287
4358
9051
1875
2345
5556
3445
9000
2316
1765
5382
2230
6186
3171
4695
9994
9912
9451
8198
1234
9473
804
209
1050
7838
8605
4647
2164
5695
1293
250
9698
3575
5975
6342
1132
8909
4317
6217
6786
7065
7504
2654
9334
8228
654
9334
3269
3593
5509
3589
2289
5594
6039
4811
5176
718
2521
8801
5553
7841
6514
3772
4713
201
761
8028
1231
5218
6700
9418
6181
270
4157
5864
8541
2596
3848
1515
893
2148
7035
6769
2768
6261
1110
5713
1283
1483
3834
3709
8248
9504
2671
4029
2229
2765
4027
516
1729
3490
160
4618
401
1460
33
2592
2446
4345
6095
9163
5319
3040
8177
4480
2195
3253
172
4106
7479
4845
3613
4586
2102
1229
4560
5470
7572
5229
4018
7450
8893
3777
858
2209
6762
9907
5252
2192
9268
4006
3400
8310
7551
3633
3017
132
6834
1157
7367
7373
9365
6978
8984
5825
5434
9725
5801
5494
4246
7912
1574
5368
5366
1597
9614
4540
6980
8200
493
8272
812
4227
9967
4768
7239
5074
7890
2225
754
7968
9271
8968
6047
5498
9460
4128
8980
408
1703
4099
1535
6382
1459
5376
8831
1571
7144
4774
3554
692
9940
8966
2616
7980
3618
1235
699
930
352
1211
9292
1163
6777
1989
3741
4225
6276
822
8427
1308
8069
2586
5202
9556
2755
6389
4129
2990
2108
3325
7734
345
4177
9294
4044
8457
2548
6460
8348
4688
8639
4536
6791
9218
8080
2737
848
8692
9499
9514
1260
7633
2969
2413
7297
4624
2282
4310
1924
3932
5019
3859
5642
9946
3793
1804
965
2476
1056
684
790
4667
2560
2671
7011
5274
9145
2058
7792
4157
5391
5093
6949
8054
1434
7418
8059
714
5748
4031
1865
5377
1070
9965
7153
4796
3422
3935
2474
3229
5636
3913
5478
2936
8042
1862
3653
5115
6325
7423
7664
2944
5794
3614
4255
5870
7645
4902
7189
8395
1068
5977
9813
4821
805
704
4117
5812
2492
7891
5926
9105
9489
3152
8110
8087
3531
5351
4038
8199
1204
3631
7161
1592
1491
2846
5313
1536
9599
6380
8538
4170
6730
8763
2161
975
876
2929
4925
8546
8933
8397
8796
1275
5398
1388
9487
8958
1756
2704
9514
5681
5063
6788
4290
3097
5693
7254
2099
2432
5276
1047
8008
8887
7607
338
8853
3524
8845
7598
9761
6214
3786
8966
1133
1065
5826
8863
6352
1573
9166
2487
4524
7849
8976
8662
5303
8447
895
4210
3746
684
1524
397
3553
9833
2026
6767
4906
4433
7820
591
5329
6890
1890
9469
5117
1614
5871
3164
1893
56
1538
4276
7734
6355
4853
6666
209
1969
7357
2977
557
8538
7894
282
1690
6823
1087
4250
414
3799
5004
3399
7083
4943
8215
4271
9827
3981
6360
8231
5917
2325
2464
4575
7685
7011
7718
3266
2093
98
5788
5109
5146
2726
9898
4985
5434
411
6240
4101
4235
5546
298
3225
2339
4756
9638
5160
1074
4279
2130
5029
3009
9928
7209
823
7131
589
3287
3758
9024
6551
1421
7540
2251
1452
4947
529
8584
7026
2121
1275
2475
9004
2371
103
2645
3343
6008
9073
5435
3019
5901
8453
7586
2682
4955
5211
2005
1933
7489
3039
3662
2480
7778
941
2549
6308
2112
5683
4873
5854
4022
1137
5006
8567
7116
2372
6593
2248
6739
488
7858
2323
519
8084
8386
6512
3630
324
4551
723
9870
3325
6183
544
1405
2661
2798
2755
4516
2124
1944
1626
6099
7300
7823
9379
7965
6737
4450
948
2812
2804
8444
181
8876
4199
4674
249
9048
5548
7034
4976
2168
3752
625
5055
2207
9041
4365
9867
8804
5906
7409
1001
8947
6898
2272
9315
5014
4978
5301
4350
5516
8696
8007
4686
2515
3800
715
1411
6952
392
3532
7334
6819
368
6866
9011
6265
6720
1050
3370
6010
5819
9207
7387
3124
597
5050
3787
7898
8117
4754
5325
3628
3414
4395
4906
9527
4006
6224
2929
3275
3172
2225
6878
8271
9923
8433
1979
265
6185
7535
6577
5939
2685
8203
4186
584
4259
9853
6672
5869
6487
5068
9295
5113
6087
6103
6994
9115
857
77
3780
3704
3077
8029
7470
4643
4768
2980
7177
192
1632
1263
9318
9381
5874
1711
9975
6444
1528
2255
635
3475
3404
9064
2747
3235
750
4527
4859
4312
8548
4695
2999
1644
8522
3216
8695
1701
6589
7180
629
8282
1484
5971
9927
8986
3360
6804
8839
4040
6315
4475
1344
7799
9012
9678
4170
254
2750
5810
8869
9625
5197
1885
7526
6826
6682
5600
206
7839
4221
1493
2934
5069
90
1359
2124
8354
2623
5720
8104
4797
7473
8335
3319
7211
5792
9949
3097
7706
3363
2715
3312
4866
9574
9964
2160
1186
2057
6011
6636
8403
550
3492
2245
5673
3320
4125
1498
7868
4242
6156
737
3065
6708
2935
104
5113
3510
4613
9227
8174
133
3014
2204
7594
6471
6571
3692
585
1468
3082
7781
8897
1702
8364
5670
4650
8045
2637
9863
9733
9660
7146
1380
8545
2919
5282
6552
4041
7767
5170
7906
7120
8462
1548
7550
962
1702
5845
2226
3616
7181
1875
204
8083
784
6935
6235
1679
870
1200
1363
3578
4594
1334
8013
2894
4547
169
3861
4839
559
4582
4499
5447
9690
8163
1250
7950
2154
8519
7787
5825
6539
4969
3431
1484
709
1774
3115
5856
9027
5762
6463
2595
7239
9370
4853
8300
7186
993
4817
1133
6839
7809
254
3851
2742
1350
2506
9943
8579
3472
2336
4578
9873
5079
3481
1542
4305
9784
5740
3356
8745
6461
1159
4932
6681
5290
5356
6899
2406
4890
8668
1279
4393
5365
7447
782
5764
599
2524
2772
1918
6083
2646
2664
3142
4333
1659
3388
1328
2581
3878
2907
704
7329
9050
449
4152
6665
5456
867
9805
664
1697
5030
1069
6380
7240
970
2916
2503
4136
7121
7086
6755
543
7124
9732
1912
5765
6421
7268
2887
7500
2544
9167
644
8150
832
8615
284
843
5404
5964
9412
9258
4980
1915
3323
9058
5113
5939
6791
2602
6652
7891
6617
9935
1613
8243
6198
8460
6478
9094
7511
3574
3625
3166
5011
8578
698
3503
8348
7122
1351
6979
7930
1953
7143
8257
8900
6439
1985
9166
7373
7531
5170
9636
6344
5035
8392
4379
124
1927
1634
1197
9330
7429
196
2367
2577
574
8898
1322
4304
3843
6052
104
8653
6239
7601
2598
8062
9451
4164
9134
5638
2444
7189
8868
2514
1602
6944
8884
8440
8245
3549
1247
3592
7254
2179
685
7650
2453
492
858
7572
270
782
679
6274
7707
7047
2073
4527
49
9907
8188
6219
6254
1322
9610
8568
2294
4845
2611
134
8473
8095
3353
6710
4334
4047
3259
398
7864
3938
5446
2545
6830
4778
6704
9725
6397
4343
9213
8331
1504
1763
8749
1162
8985
4808
1662
5888
2859
2414
2177
5150
9422
5843
7331
8705
4876
1270
8992
8162
6716
4238
2785
6951
7668
5778
2077
1353
4916
6930
9592
7415
6257
8823
6773
6509
206
7007
6789
8796
6726
529
5945
5861
3031
6066
2757
4823
8680
8697
6463
1035
7394
3116
9285
3541
5463
150
3169
8031
5865
1028
5134
6651
8967
2870
5261
1464
1541
5591
6194
9053
664
2278
974
6388
3682
5713
1492
3436
3770
2361
4333
6121
5032
808
8089
6024
7304
6714
9841
9029
203
7730
6655
9442
2325
5544
1465
1839
3730
1344
8025
6309
6105
2352
3958
3725
981
2557
5313
2950
3938
1836
7602
9626
6469
5943
8513
7045
2693
3773
3816
424
1501
5363
4799
1793
6981
4103
2016
410
906
8794
944
9048
8292
3941
7878
2692
6794
2762
3046
4296
1471
4085
723
29
5238
3545
745
4445
135
3913
9161
3351
494
6591
5433
5163
5573
8147
4533
1987
7693
2584
7430
4486
7571
3284
7482
7965
8645
4825
2509
33
6914
1170
7210
3886
3065
2620
7618
89
6325
4214
2386
9930
9423
8189
3442
188
1228
9068
2935
3060
1129
4195
8709
6600
6800
6500
2954
4917
7595
4169
9211
9628
6132
4762
9558
8178
9191
7965
957
1644
5576
229
609
7728
7385
8433
3533
96
3394
2376
1848
1432
874
8611
6096
1087
6896
7433
7998
1874
9517
982
3070
2344
1523
5661
3680
1428
6289
4848
8273
6301
9258
6297
264
6553
1960
7116
9090
899
4744
9586
6915
896
7802
1632
1846
8341
7468
6648
3007
880
4865
1304
9950
68
3596
4656
8430
1635
7206
7437
7856
9229
3034
6020
8076
4758
6552
6899
2629
8876
8809
888
5183
2884
7197
1560
24
5046
5921
6612
3671
6044
9377
1751
1442
1260
4189
1703
5675
8011
3136
2553
8525
1158
4672
7549
8192
3938
368
9188
7018
4077
2841
7206
3743
3992
5641
6098
3983
1588
2956
6172
1670
6625
1213
8952
2050
5190
1201
4947
2479
8451
8393
1860
2410
681
5085
7766
330
9881
6695
2289
6404
1334
505
157
579
6545
7465
2393
485
8221
6041
5696
6312
3540
7058
1217
9604
6415
8274
8883
8183
1966
6624
9858
8297
4456
2218
4855
4546
4101
996
380
6273
353
470
1122
5619
3535
2828
8898
698
3368
6767
1501
8760
8944
1579
2020
9582
4623
5573
8270
8117
487
8865
8584
8078
1176
1041
7924
5486
2307
5629
3828
7016
9555
288
9064
4209
228
9191
6150
3897
3004
1726
1985
9594
6197
8658
58
3656
1427
9833
9914
7821
6200
5398
4297
1210
1448
775
1148
426
701
6031
5672
9356
4774
243
3994
7335
5251
1176
1552
5075
395
4063
1085
1918
3656
1322
3873
304
1310
7151
8675
4968
1496
2163
6767
6986
7301
6248
5310
7487
1523
7741
1224
1557
7989
6713
2367
7983
9671
1517
7390
4195
1479
8647
9355
6294
1327
1737
7867
9516
3589
4485
538
6390
8741
4539
7444
8569
6319
7638
7313
1687
9349
1228
2219
6008
8879
9736
6874
4109
7346
1573
9321
8387
1055
3914
2941
3904
6683
4277
1507
3686
2995
6479
8820
9424
8986
3689
4381
9800
6398
3969
2703
6050
1429
7641
7
1404
8840
7842
8476
6170
5572
1821
3251
8019
3827
9423
9091
500
995
3542
7166
6872
918
7266
4892
2114
7331
457
8116
2252
9430
4413
8164
8633
6425
8913
2094
8606
6217
488
3681
116
73
1349
1525
5291
4974
3126
6929
7583
1816
4887
4141
8003
2772
2338
7495
2402
3118
7015
7492
7109
936
6566
4663
5763
4826
6885
1276
4120
2615
3407
7194
6845
9633
4089
2017
8124
8416
4524
8583
5310
474
1589
2505
3631
7072
2781
6964
3080
5828
6963
731
5787
7451
4948
9891
8029
3408
7793
5008
6902
3975
4206
9139
1566
4454
7976
4183
3932
1063
8557
4897
8357
2966
1124
3157
5858
8592
3910
9124
8153
2725
8660
3987
388
3818
3144
3852
5645
6711
1629
8573
8466
862
1522
1219
9531
9528
3925
6465
8201
702
3463
8791
6109
9685
4285
8459
2774
9211
4966
735
9025
6807
734
3075
380
6542
6655
1578
4216
731
8675
8973
38
5898
9373
1667
2730
6172
1919
5735
6325
8091
4634
5730
5704
6162
5587
841
912
5706
5311
1972
3199
7229
793
5849
3738
2722
6985
2123
4769
8430
7475
269
3335
3234
6682
7433
6111
2008
790
8846
7213
143
2966
8573
1060
2627
8272
4885
1250
3659
278
8177
3101
3261
3793
9994
573
182
2432
6648
4364
9458
2355
1341
4116
4716
3142
5592
9154
4596
568
4649
1553
3074
1593
5211
5852
7543
1582
1393
5311
6420
6538
4387
3090
1247
6708
7129
7187
4749
2370
5157
1195
3509
2394
5680
7139
834
3944
9679
7905
3422
1439
3799
7768
1185
858
1170
5059
2958
3032
4697
8971
2012
1615
139
9593
2993
8108
54
5339
250
7045
2041
8889
8785
6211
1280
3846
579
7792
9882
5096
7163
306
9683
5497
3592
7605
5620
3206
6055
7338
9099
3308
5467
4922
3872
5208
3064
8623
3614
8647
3146
2106
1615
2354
3619
23
390
4214
978
9881
2581
3780
9483
56
1207
5560
4617
4165
4496
5654
5997
6986
8036
9641
1660
3840
9990
693
7591
4576
1138
8023
9869
5300
2130
3008
5223
2495
4482
7655
6125
8656
3592
8416
886
2467
2292
5013
2788
1962
5715
2653
193
787
6998
7277
2931
8130
9450
556
4608
8761
3943
1467
2309
8538
3847
7079
1398
8723
6863
349
7068
6192
7605
2643
2254
1801
2540
6163
1183
3727
6875
5228
8808
8666
7034
2061
3538
7922
2911
1874
544
9055
7769
7195
7425
3289
4065
598
4810
6950
8803
759
6608
4824
5202
8279
3053
4838
7140
9401
5655
7361
1609
5953
1644
8984
4251
3068
8434
2641
1696
772
5958
6443
7994
343
2367
1554
7057
5397
7741
7749
5414
7872
9667
1003
2711
5660
5862
1375
7347
4517
684
631
9602
709
6368
6106
1732
2692
6837
5385
584
5370
6286
2960
5681
6593
1661
3262
978
2999
2240
1600
2948
4500
4515
6684
9453
2505
7422
1234
2484
7134
3006
6355
6432
9243
718
1705
7592
9191
7774
4789
3681
578
8346
2071
4329
8614
7459
2408
6687
1294
3843
6716
741
3132
6022
3580
9470
5733
1887
4689
5195
9660
1570
972
5934
6969
5532
3612
5596
191
5572
6253
9073
4926
9236
3176
5739
9283
3947
8503
9231
349
5237
9277
8922
2158
6635
1604
9047
3543
3148
679
1408
6407
8102
88
4053
8094
5974
3775
7574
5614
4454
5375
8347
9295
3722
4480
4751
1656
100
6779
8883
8700
7082
3023
4349
3594
4853
8813
3002
985
5947
217
1689
1002
2521
7598
4800
2903
786
5877
8563
6586
9758
7824
9458
4465
2359
480
3119
3847
6857
9063
6685
8486
4920
1059
8239
9689
2783
8397
5629
1630
6214
7471
262
4859
5136
4619
4483
5834
2928
4388
5324
795
2991
78
6274
2748
6359
7136
2716
1205
4854
5755
5638
6773
8151
5499
6396
9391
8484
3169
4505
9287
7905
8023
926
1154
2600
3647
867
4917
7945
3
3033
9520
6299
6676
9507
7706
6857
5544
56
493
9579
7819
4028
4187
6588
9186
9462
3137
4895
6664
2463
3730
8842
6380
2992
1416
7185
1502
48
2486
5148
5646
2915
1637
8911
1156
2335
2799
5627
8209
4378
3681
5090
8308
1282
6745
862
605
8642
3000
6146
6118
5000
5995
6883
2884
8258
7706
6959
9125
8028
7810
2951
2315
2204
355
8316
5878
1908
2421
1225
6354
7622
3258
5739
1806
5772
8079
998
1911
9637
3524
4276
3322
1481
979
4517
6780
5513
456
8898
4460
9184
858
1914
3713
2954
7361
5547
5508
8323
8335
1136
3399
6503
2527
8806
3916
8721
5181
6915
8449
7001
61
1393
4784
4462
6889
3113
8911
5420
307
4239
74
8307
197
5277
1152
3928
1512
6233
9769
3351
3783
9720
8463
9134
4755
5802
5145
3918
1240
6652
2466
321
1977
1902
6956
3793
4926
4124
5511
3459
3009
6745
3377
4196
2029
4797
724
2777
5626
392
8623
9066
8014
5951
6830
1103
3474
2879
3466
4408
8893
5742
8205
1825
5635
1605
5200
3336
9660
4966
13
2278
4207
6203
2571
1582
4609
5465
5260
691
5156
4543
4396
5627
6604
8609
7887
3911
210
7144
3086
7151
6670
8766
7795
335
3434
8553
5345
8933
220
6114
8527
2164
6212
7798
2011
9781
41
3502
2646
8994
8500
6860
3485
7291
3901
8026
9598
3223
8584
9983
3443
4551
1796
4656
1418
787
5078
6930
8526
604
8383
9793
6877
783
6294
4125
5051
2690
3162
7106
2272
8615
1833
3420
1486
6512
5571
6138
2553
2993
5318
7452
5429
7560
1914
7787
3724
5074
8418
1466
3127
6231
7383
8781
8256
7491
9205
6282
3662
2222
8045
4906
6640
966
3390
7986
8978
9637
161
1296
2232
6255
1703
8003
4635
4701
6617
9843
4180
2903
468
803
2336
5343
93
7947
3016
4072
9338
5341
2057
7854
5442
6537
8058
3537
8642
8493
9698
6961
1379
773
4700
9930
15
9851
785
5249
3765
8419
4100
8926
9718
3806
865
8830
8217
9027
5954
7812
5032
3581
3407
4720
8626
4322
5520
5227
6967
5458
9923
2631
9858
161
3050
511
5696
6668
1501
374
2377
6631
5930
7036
7207
2748
511
8474
4208
1401
6072
2562
9295
1274
4528
3915
3383
438
5421
7621
4827
7948
5523
8751
1671
3130
791
8923
9297
1357
6891
8430
5886
5520
9958
1654
1391
2616
9756
6614
1151
3647
6163
7179
4397
5065
7410
7733
3148
5593
2410
558
1915
8533
3530
3226
3743
4585
4726
5849
7509
5402
9891
7814
3713
8509
1972
4061
3488
1177
9474
4864
3896
5884
4914
72
3175
4639
5554
8196
5134
4635
2134
7443
8426
6608
8077
1623
7360
694
8769
3806
1854
3846
8855
6869
8351
4875
5143
7103
9605
1701
4286
5536
7831
4489
5401
5097
4882
9828
8178
1173
4574
7596
1695
8455
4912
9559
2131
7051
3158
680
4675
621
9788
3587
3933
8275
9914
71
8167
7667
4517
1555
356
1036
2771
9040
9690
7536
7482
5071
1302
3735
3328
6254
5587
5226
620
7546
1254
6014
1680
8781
2487
7702
7020
2036
3648
9227
8012
8923
4177
809
528
2693
8624
9340
7426
216
2435
5107
729
2418
838
4871
975
6574
8789
2630
3441
172
7765
7327
5045
8266
7929
1485
2489
5260
7187
1083
7383
468
4726
4884
7750
8618
3085
6037
5668
3064
9400
7353
3769
6888
4632
2700
7368
5767
182
417
2825
1037
1851
3415
3814
4368
749
2317
149
6038
9846
2453
2069
8341
6137
3821
4400
9970
18
2982
9928
3205
5064
8488
5491
662
1289
5653
3144
537
947
3186
2799
9047
5716
3529
4900
9337
4557
2703
1073
789
6174
5228
5361
1525
9487
792
8660
4591
270
6863
8968
417
8161
2214
4145
4242
3500
9611
7017
8127
6377
6759
3027
4231
4616
8263
3540
7938
8429
8932
5680
9840
96
6900
1193
5186
1898
8784
6132
3164
4821
5953
1230
377
2600
8406
5857
5876
2907
1839
5518
2339
6589
2326
5796
7573
4278
8079
2224
1649
5616
4397
8662
8668
6142
525
4781
6488
4106
330
2372
9630
889
7217
3876
7883
7243
5346
3774
1335
1280
1574
5072
365
4904
4098
7304
8949
6419
2103
6674
5097
6360
9960
7156
9099
6860
6534
781
3168
8603
7658
3723
8826
814
1164
8259
4647
9608
9564
5943
6993
3499
1125
5055
2193
2466
731
3362
5716
3010
6
5650
8821
488
2301
6986
3012
1213
5646
5114
1412
5288
5383
7120
3322
9831
1214
6149
3265
8378
7992
8031
4259
2826
5858
2066
8513
8256
6938
6138
5114
3528
4329
3369
9391
6162
7432
726
8588
9246
3584
103
9457
8017
3334
8708
6986
3738
1369
563
7533
1796
7159
5554
4788
3247
1453
2419
3254
594
5559
1500
3382
8586
9264
3285
7576
448
5589
100
4997
8714
156
4541
7789
9644
5431
999
4324
2898
6691
8651
500
458
3412
1374
2020
1455
9980
8856
9215
9975
874
6031
923
5731
8424
8358
9403
4007
1467
128
2082
1352
2930
7333
2366
5311
6871
4170
9565
1037
7845
1639
8968
55
6216
3404
5701
9302
8113
9565
4247
9713
4097
4639
7842
9543
422
1199
3
2633
404
827
4243
6544
8731
9837
8469
5510
2316
8865
7719
2165
7284
8400
8961
5511
5381
7716
9028
4710
2052
4254
2009
3679
1900
3111
1904
1488
7191
3896
3143
7185
4179
1069
7276
563
3796
5448
3673
1931
2052
9305
4444
8816
9647
3535
7077
6927
1384
1752
7378
8848
1398
6668
9916
7199
5211
8268
2706
910
9
2641
4996
140
3859
8843
4375
152
8788
8027
5067
217
5433
1326
3797
220
2204
1261
3336
8132
958
2401
548
6818
4998
4962
2495
4281
1458
41
1456
6782
3197
1383
3267
6074
234
193
2621
4572
9283
625
5870
4301
1729
2999
2060
5113
4024
1612
8752
8420
1047
7286
2723
5710
7792
2708
2638
8984
2342
9454
9009
5710
651
7611
5566
7619
7733
2251
4787
8695
1544
9194
4762
4653
1072
6356
4265
8346
4234
9119
2676
92
2856
3000
3759
6399
338
716
5797
9930
595
5167
745
721
9572
8833
5355
2925
8804
3296
8098
7443
1353
8514
1081
1584
3140
8646
5695
2931
396
2989
2634
2539
6678
9269
4434
4782
7062
345
3276
1069
7058
9550
6505
2492
8403
4919
2974
4694
1305
6849
3845
3845
6296
5427
7018
4901
9201
6027
3164
4332
5372
9486
4810
4530
4480
9781
3665
1474
6481
350
9748
9429
8865
955
252
1083
764
9815
7412
7761
1663
2206
1515
5192
3624
619
7953
8896
1527
8628
5565
985
3707
3397
3616
3322
3127
8192
8993
8086
9537
8021
8240
2306
2818
9295
2695
2506
4516
209
6484
4099
1296
1703
3598
7333
5119
389
7058
5010
5553
6803
9646
864
2650
1867
9337
4975
5620
343
3586
970
2067
3708
4170
2556
98
7379
139
8072
5502
2610
9494
7572
8207
526
4684
5040
5934
727
5484
4014
2594
3328
1618
6374
3690
5750
5112
4108
995
7963
8925
7353
9611
5152
2806
9638
3362
5096
1696
2708
9536
8129
3219
8069
4521
6865
670
4658
1131
4391
2872
1745
7036
7063
3165
2108
1583
8374
1743
9753
2373
2477
7570
4193
2963
7161
6771
1212
955
9726
1314
6455
7422
2860
5408
4322
851
2555
6950
6955
2432
1254
999
7050
1966
2742
2784
1364
8567
846
7376
9529
1608
5014
2475
4607
1477
7131
859
6401
5947
1340
207
3335
2096
8103
1278
7881
5910
503
1267
6523
9733
8193
8967
9869
3262
147
4917
4083
7565
8935
3845
117
2456
4313
1658
5653
246
6465
8148
3186
6533
5138
9540
4291
1384
9442
416
5101
6504
6898
2010
8318
9193
2505
7367
5142
895
8921
1120
764
6757
8636
2962
8344
4701
3969
9038
4956
1050
8215
1666
5935
3988
7821
6219
2068
8439
344
3739
3215
2936
7695
4535
6294
1631
5697
1908
5238
4551
6487
9943
1845
6026
2257
3557
5252
9985
165
9368
3852
1101
6702
83
7725
4320
3443
3988
5106
8991
74
7982
343
6220
5527
5512
9322
3796
5869
4018
611
2731
4397
2720
8586
4536
3069
8194
4610
7393
5862
5976
5519
6676
6471
1319
5854
4875
6048
660
6956
4716
5601
4063
5358
9001
3655
4096
9042
2302
2470
1826
2222
3573
4979
1430
5213
4010
1016
9900
5363
3924
7850
1387
7871
6074
7313
2775
9428
7651
6910
4640
1572
7741
8410
8779
8676
7739
5534
7273
9580
7834
3957
6678
9115
9162
7810
1563
534
1607
8077
5763
1614
4637
5093
2749
8909
1484
9494
6913
9830
5972
8108
7423
4576
2835
721
7309
9675
2348
470
4345
9452
9870
6496
5364
9916
8394
147
5587
3439
9687
7583
6565
3588
3885
5612
4283
8251
7583
1131
5325
9215
9722
9441
4371
7004
8065
4588
3718
1385
9846
363
1464
5553
570
4749
8975
9376
6030
4514
4873
9191
8868
4451
400
9734
8530
165
5368
2969
9223
7334
2795
1142
2007
585
8567
9812
2846
1844
6346
9493
6452
8739
2506
4593
6880
8630
5770
3989
8380
9980
6862
8009
2753
6234
5181
4181
2708
7947
8719
9482
6373
2557
1703
765
3182
2164
3318
1849
9966
6373
3704
6821
5324
3839
1233
2324
4140
2732
4273
7270
7409
9646
508
965
8748
4462
2810
8759
9891
9852
4041
5195
6551
1561
6313
3635
475
5081
5141
7086
3946
883
5088
1767
7848
9952
1783
167
1209
7247
2031
1602
8183
6392
9951
1332
1237
224
947
6337
4144
9614
8320
9212
7737
4310
8713
9415
5554
4738
3700
8594
4812
6387
8759
1124
7029
4322
96
4020
8393
7961
5466
8287
7783
8226
7612
3159
2857
3784
7809
9789
3958
7678
9524
6723
3586
156
5733
2855
1611
1074
2948
9271
1579
4288
8396
641
3960
7895
4053
6530
3744
3441
1741
2495
80
4483
9949
3034
7457
9655
5829
8378
6588
7030
2676
5239
2621
7814
350
6296
9613
3840
1552
9962
7919
3916
5502
9748
8715
6625
7869
6905
483
6776
6642
1960
8950
6350
4
7393
7753
158
1567
3616
2605
5082
8738
4615
7897
9570
1708
5415
8257
3419
5176
773
3325
3393
7367
4090
4340
2102
29
614
8568
4073
8195
3158
896
6308
5708
1626
2398
3843
6447
6602
9947
2742
9169
4636
8689
9374
1806
3065
7368
4723
8894
4655
8103
5741
7340
3116
4822
9529
8529
6666
4617
1546
5949
1638
1883
8425
6387
436
5563
5011
5877
8858
3747
1184
2172
6207
2957
2673
4051
4465
9830
3700
3177
8919
8519
6886
2934
9112
102
69
6785
3040
4941
8764
8944
1169
2104
6494
8765
7252
9592
6989
733
1566
7772
3267
7265
491
7988
6825
605
8730
2288
4102
8791
7105
3324
6229
8144
2110
7551
7219
1556
6566
9272
7814
2883
3375
4442
4220
6161
1697
3966
7771
4217
6728
4022
8667
9935
7145
1284
1648
8313
9993
2411
9702
7361
4331
3136
7038
6353
2623
4225
4672
8069
2011
4776
6953
6237
1566
795
51
7404
6997
1380
9152
4643
3942
8668
9154
3256
1794
7087
2541
9225
3176
3408
6045
7017
9686
194
9248
9859
146
7655
6845
3786
2778
934
1798
1711
7155
7492
5335
4496
2221
4211
4469
7192
811
6306
3441
5710
2003
2667
9795
9858
7391
1236
5704
4093
6007
7378
5609
547
7500
8733
4578
946
7445
4212
8399
2
3908
6589
9614
5360
8469
1611
5470
1731
6824
1616
9396
4865
2474
2456
3465
1205
221
2883
7893
1525
1252
443
9604
9904
5108
9487
760
2597
6781
3656
5968
561
1987
4008
5763
2347
7438
5053
487
1203
3686
8412
1386
4735
4153
984
9464
2498
6801
5175
9937
9271
758
960
5269
5683
3265
1327
1005
2240
2572
3249
9147
8591
2899
9740
7702
6562
3413
1742
7410
9483
6106
1971
3611
5749
6947
378
85
1262
1648
6031
5715
4447
6388
8217
1214
7113
6552
9695
4173
8335
2897
5426
5820
1650
9890
6812
6689
7818
2044
8429
5598
4306
4042
6416
7140
3289
6420
370
9875
1684
5196
7682
3030
2882
7084
5706
2346
9368
8669
8370
1466
8644
2500
6735
4061
1339
5949
5433
8842
2646
8326
8229
9255
3123
6604
1770
2496
9234
464
9583
9900
5248
956
8643
9238
564
4344
7495
7192
2992
1120
7942
2344
9026
8675
7707
7831
2107
1363
3764
8689
1394
5781
6325
5892
4297
3235
1302
468
816
7012
6212
1959
6561
390
684
1971
4687
6494
3990
6133
1114
1520
832
9215
4999
6643
3802
5023
108
8961
8386
7707
3566
6134
5392
1370
9834
9894
5464
6558
6537
6069
126
3577
3303
896
5077
368
9128
6927
3136
3206
8673
5529
3722
326
5984
1183
8047
8810
669
3277
3842
2013
7552
3115
2947
7203
2242
325
3770
3045
7323
8405
3773
4196
231
8515
3208
6184
4955
9191
8586
5577
1788
7163
2626
8687
1098
6143
4087
4302
3281
4515
4723
2555
1374
8698
8318
1821
1449
6683
4951
4516
809
5960
9405
8689
230
7246
9240
8543
5320
1836
1057
9623
3771
9712
1120
595
4049
7713
6913
4160
9560
323
992
6637
4728
9042
5001
267
8428
5013
3674
3833
2783
209
5780
9956
2929
7574
5141
6891
3412
9003
9880
9544
909
8619
2916
5559
276
50
9525
620
9922
7914
9647
6856
1239
2859
7818
1407
7735
34
6725
4523
5104
9167
8862
982
5552
2886
9999
1496
2186
1822
4405
3410
16
5570
6581
9365
6021
7320
9377
3155
1616
5071
3070
221
4257
5885
2785
3696
3727
1361
7153
3889
2556
1900
4889
5541
9383
3363
9361
6792
8286
237
8347
122
5341
6640
5171
7945
7604
7354
7412
1392
3120
3848
8302
6367
4359
7595
9996
7858
4141
4005
9996
4400
2833
2766
9810
1217
6158
1510
3676
6623
1172
1893
1775
8384
3607
1853
4373
2162
8240
9594
4696
4555
3137
9660
2603
2454
6195
7416
3386
5912
528
519
770
1397
5285
648
4261
2962
4847
4498
424
632
4393
6502
5786
7967
6402
2485
7797
2364
889
8031
2477
6916
9094
5780
8172
4578
6268
5533
9857
5941
3410
7282
6862
1377
9017
7998
5516
2474
1659
4530
1418
5513
5203
46
3950
9030
5180
3897
9362
4739
9077
1816
5043
7892
8587
1607
9146
865
7632
4759
548
2692
1017
3658
6613
2160
9958
6879
2251
569
535
3478
9454
5780
1770
5554
2073
6029
440
5107
4942
3843
8851
1046
1855
5104
631
9185
7972
9868
8425
5824
2561
3884
2967
2626
5528
4273
3080
6535
2230
9141
1634
6782
7870
1655
5662
3116
1040
5178
6181
6691
4661
2798
6871
9007
5105
3614
6935
7321
4484
2221
5412
7768
8028
5431
9553
867
3636
8412
671
7151
9454
2244
8100
5401
3638
8421
7763
1740
1023
4344
9700
9621
8541
6518
6311
1090
3664
7006
7138
4589
3703
9467
1353
2499
231
1118
2041
3285
7907
5264
3580
1142
1137
8570
5138
6773
1782
2668
5651
5789
2644
4524
9117
9190
8569
9835
7941
6386
4262
3782
8363
2418
9159
3993
340
6021
5157
3595
6177
7961
6629
5977
2855
3746
6529
7651
8942
1924
887
781
4891
8977
9680
6708
7208
8577
824
9203
3269
4601
4984
5468
939
2276
5071
7921
8943
5585
8056
6975
2380
8678
1621
8100
8392
6093
7440
4698
8367
5239
8831
8407
5884
9939
734
8978
2651
4941
4374
950
8440
6712
1570
6031
1734
8607
5648
1839
9983
2633
4811
7491
9513
3444
423
3401
537
5170
2129
5710
1159
2949
3451
4041
5035
2173
9043
356
321
5215
5255
5040
910
9450
4686
3799
3467
5925
4933
3606
8431
8636
4819
2839
670
6515
5595
6720
1424
351
21
8529
1931
3889
6884
5558
862
8038
9297
3992
9760
9162
7291
6554
3832
6279
1736
4054
1567
9638
3061
7579
5575
8235
8038
8848
3177
1144
8105
5457
7174
4569
7861
7965
3657
9183
7593
8544
618
8857
2105
2751
344
2347
7138
2287
212
1119
3879
8372
2920
8209
4239
353
9691
5031
9005
6384
2618
9280
7612
5150
2420
8429
6111
8402
6245
9189
383
8196
2771
8687
7537
7997
3553
5923
9625
9063
9285
9020
5435
1815
1797
3213
9753
9810
236
2207
8278
8506
5605
8048
1651
5638
847
2131
330
9005
9418
5852
4403
7433
7519
9640
4402
4013
9083
7217
3680
6167
5038
117
5438
6453
4097
6317
3569
788
7089
8079
7324
7209
5795
898
8345
4288
8609
5676
4520
1377
9917
784
2415
7872
6715
9021
9926
4580
7407
1309
2874
3527
9066
2443
960
5918
8519
1589
1524
3098
7532
6177
8047
9515
6058
7223
5972
1758
925
8923
880
1968
9266
3562
3167
3141
3909
6660
4859
4345
709
7219
8279
1718
8484
9166
2547
7883
6267
3722
7767
7771
394
9797
1601
7180
6364
1951
2525
802
4488
7227
5650
4384
9203
9717
4584
1331
1651
7283
3733
2276
5927
3688
6476
5806
8974
2791
8708
5956
5397
7555
5108
9386
9262
5465
3402
2798
9751
3775
4591
4891
7833
3860
8283
7117
6080
8118
5428
1355
1048
5093
8325
6334
5528
4110
6967
6426
5862
146
5169
126
6472
4354
8202
2270
8427
7638
4676
2928
8281
4999
5364
5969
9671
9354
5927
6985
7732
6241
8054
2047
5215
5894
573
8061
37
692
9979
7011
5724
2531
9366
9728
4652
7312
1882
9531
2689
7548
2813
8976
8929
6204
7934
8528
9917
5074
3893
1553
9808
2475
3893
1327
3791
2585
7557
5858
8233
9642
1653
3094
7366
4605
4034
489
4157
6727
8630
7982
9455
1568
1128
3309
3246
7173
9527
4127
1936
5099
5154
553
9497
5677
322
5178
8224
1528
9548
7761
8702
8376
1478
5377
5319
1986
6928
9549
5942
6266
7991
7792
1539
6801
957
9808
6506
3523
2702
5574
9987
5894
3920
1578
4690
4841
3496
9523
5562
2629
9548
7236
8282
2596
3166
2572
4962
5849
8299
5305
3734
8564
4000
8805
3968
54
3312
9763
1698
7307
8608
6083
2313
6058
9123
552
8229
8554
1830
3312
3885
2386
9247
7312
2800
5778
5157
6602
5377
8581
9060
2805
496
1825
2654
7747
6159
4669
6085
5294
6019
650
5486
7471
2159
1637
3597
9909
7521
4759
2731
7367
4806
6766
5507
5428
3524
1072
228
7213
4880
1083
2000
3121
7481
442
9764
3490
4762
8986
7045
1991
1397
3374
6325
5494
380
1806
1231
7741
8916
6817
7476
9724
7600
6035
7956
4969
5004
8328
7021
8794
5161
1004
4038
4747
9216
8541
7607
8389
3918
8130
3868
115
3730
7749
5132
812
3294
1240
301
2254
3862
1351
9314
6352
9734
7632
140
9516
7707
9947
8389
695
7296
9483
9328
27
111
4347
5370
8798
6646
9054
4546
8993
3753
477
5807
886
9268
7121
3818
5864
1758
2615
4694
7127
3963
5940
2974
8886
4053
8919
8486
7715
548
2510
5430
4270
2162
8638
4888
8032
497
1409
2187
8362
9400
6911
7673
275
3479
405
6782
5487
9403
4864
2756
4672
943
1633
6967
1515
3621
9074
6483
7428
1657
1335
1041
5041
6474
7161
7658
9165
9810
6421
2683
4200
9970
1323
184
8533
1211
5075
1172
2095
7157
1107
654
5248
7412
3118
6445
8346
8574
6242
6870
2405
4794
8741
2442
2952
3450
3781
4013
3772
2318
9759
9976
2788
5506
6286
8382
5830
3828
8719
3902
6109
7221
7011
1681
5846
5079
3658
7159
4193
7969
4249
2694
853
4176
6751
2152
9133
4749
1887
549
9211
4462
6749
674
5971
3902
4589
4010
6622
7694
2292
2283
9014
6431
5979
6314
702
8870
112
717
9312
8629
9676
9735
4072
3785
1828
4467
4083
9930
5005
9159
736
5155
7400
3363
3018
8565
5471
8065
6553
8601
6074
7411
2880
6828
4704
5561
8406
6068
4432
1152
877
8766
200
5556
8124
2992
1238
6276
9661
7183
6021
1079
9112
8766
3968
3002
6191
9574
1581
788
1547
7587
9862
3810
5168
7966
8032
4499
8723
8051
3157
3104
6865
3706
9764
7007
4531
8459
4128
4544
5295
5113
3825
9041
4901
8530
6299
1551
7238
5320
6475
1348
5223
2633
4038
7869
2010
150
4270
3675
2347
5158
7617
7897
580
7885
6133
3365
1764
1126
340
7703
9220
6750
4350
856
6508
5880
409
8725
3450
9341
8654
5329
8687
2337
4790
7527
1059
9494
9178
5670
7102
5459
7901
2557
7713
4963
9437
680
4598
7837
3570
1247
3521
9826
8712
5919
3232
3627
8069
177
8504
5097
4728
4580
6306
5368
4932
948
2497
6264
6559
8600
4376
4772
2814
4768
5398
4385
99
660
9019
4732
592
9455
1010
4564
4737
5128
4265
9787
8121
5691
5722
5729
9684
7791
8767
6010
9784
3611
5157
4881
3895
1601
9731
2025
7152
6411
3360
9092
8513
3716
8381
8171
9364
5552
2421
5997
1247
9954
5796
529
6644
115
7744
4737
4827
5489
1494
1995
361
2810
6929
602
9241
6633
8425
5698
2201
2546
6437
642
1731
2452
6167
9537
2545
1600
7843
6302
7519
484
6657
7560
7306
3732
3206
8353
7715
500
1952
841
7978
187
1869
1546
9485
9196
3881
6288
9158
896
937
9988
9530
5176
2554
4163
1658
2069
553
8751
4871
8108
4514
2132
8504
4871
192
5855
1876
3713
1186
2455
5502
5868
3243
5292
262
9869
7508
8345
554
7808
1532
8369
2186
7822
4965
4594
7100
3907
849
5134
8591
3586
3704
4537
9887
5730
1382
8086
525
3227
794
5322
5473
3609
5187
6671
5284
8826
2630
5023
4114
193
3643
5113
6521
5822
2892
490
1867
2927
6865
4291
6629
1121
8432
8130
471
4125
9018
2413
9759
3200
3552
1588
7147
3241
7053
3623
8851
884
5217
7590
871
1449
748
4720
8919
8500
6207
5743
3914
6979
4060
8699
4801
8802
9399
9284
1286
6509
3429
3601
2476
112
5987
1123
6683
3963
326
7490
6845
8730
3832
2639
237
5641
9269
2030
1962
6341
3032
3500
486
1273
1357
9413
5122
6587
9094
2655
6524
5823
7866
8804
7576
3294
72
4238
9743
3686
2828
9905
9782
6694
3429
2906
7843
4643
9415
8459
2324
5588
9631
8179
4456
1483
6445
9440
6016
367
622
2900
3210
2284
4725
2116
9503
7984
4152
995
2287
9492
1255
7358
6924
3628
98
6272
1325
3103
8256
458
9294
3231
352
525
3115
680
4800
1438
5034
7646
417
4970
3524
6071
6560
9907
9180
3538
7718
829
2818
4230
2090
6586
3153
8137
1367
5215
9705
6154
2618
2896
5165
7986
6825
4157
1084
8941
7708
3216
1100
7605
1599
4585
3673
512
7136
1
2630
7451
7413
3825
966
1205
2049
7407
5877
3897
9869
2704
169
4300
3109
4843
1221
9687
2002
569
8180
2569
2360
1581
6605
9843
3339
4070
4208
8816
9246
2069
6607
6078
9720
1804
7618
6598
4812
1547
8577
9764
8673
9712
6569
1446
1209
9856
6551
9396
3516
2411
6491
786
937
1932
6736
1227
6774
2107
9386
1575
9687
2931
9017
6651
482
8184
1722
1452
2904
7747
6045
1282
3744
1707
3112
2734
733
4054
6906
3097
4202
5671
1224
8156
6260
507
7522
9395
9060
7791
7068
6956
5616
4618
5370
9572
158
5424
5717
9988
669
8894
5696
1261
1222
3353
9951
8174
5284
3973
9681
7174
918
2425
7024
977
6074
2024
2862
5148
1946
5648
7809
1217
7277
5228
7290
290
6702
5795
4318
6150
7202
2210
3730
2934
2231
5887
4260
8376
6694
9617
9169
969
3562
7923
1593
4673
5321
3978
6574
5461
138
6151
5681
7267
7470
1998
9956
6058
8268
3595
487
1558
3769
1047
4041
5643
9529
5686
4522
8817
152
7146
3074
9942
9632
7292
3596
5246
6820
6616
5585
2091
7706
4765
3611
3068
4092
9420
2143
6467
1777
9662
4165
7703
1890
3234
2331
8548
9464
2215
3521
5802
6595
4307
2529
3762
4400
2634
9314
7149
5183
6810
6094
1605
5502
699
9816
96
4521
2449
2210
8952
3808
1220
2922
7680
6061
5847
184
6931
2890
8581
8307
3339
1544
6329
5041
8712
5217
3280
7844
9572
2280
81
488
9242
1907
1610
7895
2075
7078
5071
1635
9751
9595
3425
4436
3007
4587
718
2686
693
4772
4541
8158
1960
1915
8047
5318
1150
8543
8837
5274
682
4707
5468
8728
2289
824
7302
6464
4044
7293
1052
9089
8690
4201
8193
6582
8353
8742
4135
8240
9449
2128
1008
4979
1570
6359
3188
1989
7117
5921
1446
707
8602
7746
6962
6106
5156
9283
3317
832
573
3017
9489
7433
7064
4101
9201
8896
6858
1576
8760
4819
4724
6248
137
4932
3713
979
8000
5265
699
6888
698
9450
1946
9715
1817
6728
7734
2316
4137
62
3072
3358
7530
6214
1826
8104
5001
7523
7176
3851
3464
4288
5002
7281
4872
6769
5612
1553
774
5261
6515
8196
8463
5025
3764
3184
1125
2800
8049
8491
8780
9016
4243
6533
3124
5355
6389
8250
958
5099
5392
9250
5480
262
9848
306
1833
9522
6942
5658
1187
5848
6249
6234
9114
9927
8007
3044
9781
7800
7014
4035
1106
5826
2952
2350
9767
6815
1539
390
5667
3054
2597
4075
7591
1590
302
2087
571
5064
332
8099
5446
2287
4906
3647
7262
259
3308
9807
3354
8853
7918
3231
719
2837
6006
7474
4670
7475
3133
902
9094
1975
4645
2062
5617
8682
6708
5855
1268
6199
9755
3967
2774
6131
9717
1791
4906
8690
2662
4130
1532
2148
8741
7257
4362
5250
6609
1518
7107
8463
3917
2588
2372
1486
4459
1849
2405
7003
4971
8750
7198
6850
6479
1315
4407
6287
6637
434
3290
8294
1609
4426
577
8016
8904
354
3423
1578
3910
8555
3842
6113
7808
7384
1015
7354
3524
8168
7829
3074
2486
5990
6654
8805
4783
4233
1021
8393
3257
5919
4639
2336
4136
772
9974
8331
1699
5491
9275
6303
6373
2432
7563
3832
6005
2204
9662
8416
631
7885
9767
2321
1430
22
3588
3337
6609
9240
948
3627
509
5482
3515
7701
3642
9782
5249
333
6643
2485
4327
4620
2711
8071
906
3980
3072
4237
6619
4433
5600
2696
7859
2627
2746
1703
9366
7259
5986
6367
8172
2235
3960
2679
5318
7458
2299
2930
3317
3474
5860
5573
8315
5559
7967
2484
2461
5431
4436
6539
3178
3899
6931
5043
8552
6547
3013
7428
9771
5813
6275
5016
2101
9969
7224
1367
5847
7973
3486
6531
1538
479
3021
3660
1501
7656
9420
3289
7043
7832
4990
9922
6760
5053
5159
3440
3400
5918
4946
3562
8911
3557
1810
1653
7637
5816
8408
2465
9556
9386
6234
5865
4952
2228
4816
14
5625
9117
5725
4176
1199
2241
9449
8622
4050
9936
6964
6801
8282
9350
7818
7898
3793
6300
7457
100
926
2758
8562
6942
8900
3581
712
1711
2097
120
294
6502
8591
5729
6234
3763
6950
284
8894
4350
4301
3953
6251
6522
5757
5256
126
5414
5704
6009
974
1655
8250
1482
3858
2549
9197
5847
3877
6367
6058
358
3611
5541
9547
6230
4019
247
4241
193
386
5953
909
7966
5577
2160
6506
6826
3951
9727
2592
47
5000
6595
6525
9359
5979
5209
1199
4866
921
2699
2142
5042
7341
8478
6404
5467
990
9374
6437
7441
6627
3216
6611
5143
4365
2346
3969
2536
2244
5470
5020
3688
1675
7585
7655
8327
4907
8473
7512
4402
4876
4432
3407
8593
6860
2881
2173
9033
8546
9385
9414
3775
2919
5282
8478
1996
7462
8775
7208
2314
9446
9113
5971
7387
2259
8510
3396
5404
3182
7029
3119
1284
492
2178
4551
4077
6367
636
9759
6465
7264
5099
5119
2502
7345
9505
7258
7580
5623
3699
2790
5100
742
5296
7561
8397
2682
3720
4741
1205
2700
3175
5064
381
9005
1444
518
2729
8209
7629
2964
5669
5314
2987
4190
118
4959
1005
7405
2237
4234
5122
6709
6846
2414
1028
5165
850
9412
3258
4158
8998
4562
5725
1647
2943
2414
113
3255
8901
8239
3377
581
1199
7924
2056
3231
4610
6524
7786
4295
1583
7429
68
9927
7393
8717
8151
6677
6581
6809
601
3166
119
5871
4116
8108
6305
4183
7987
4142
8093
5338
1181
4266
7192
2605
4688
716
5343
5946
8933
2681
813
2370
3817
355
5953
9052
3113
1636
3649
6347
9787
5965
9104
3369
6551
1964
3019
5095
8859
4689
2447
846
5060
6126
6983
6307
3401
3409
6427
490
574
3595
2689
2077
2592
362
4129
1805
3382
9202
1216
129
9503
5182
7664
2226
9619
5548
4580
1852
748
2077
8862
199
3737
9499
5802
539
8600
2088
8129
2035
8617
2462
7844
5467
4565
7124
3128
2101
6564
4955
4600
1997
2444
7061
392
249
7710
8374
6507
2841
5684
1948
522
8415
8276
708
8587
5582
5701
5057
6603
1119
4379
247
3899
1623
8934
9334
9487
2387
295
6768
8366
5355
5473
4550
8636
6885
3957
5362
2992
5355
7964
5242
4466
4178
5120
1122
9467
9478
6242
6295
5619
3998
9040
7987
4215
2293
8695
2201
4897
6325
9086
5381
5321
563
2878
4429
5422
9965
251
9295
9915
8933
9110
6640
6035
7553
8528
4353
1284
7520
5769
6425
2564
350
1604
2842
1693
6931
7092
893
2134
8608
9334
9677
5543
6300
1891
2219
9953
3969
3041
1651
4586
5017
7369
4550
8950
6612
4141
1933
7085
7686
444
8611
4735
6551
1163
1820
9111
3934
1025
3393
6646
5750
8455
7469
8140
7489
5124
4235
4080
1887
2142
3473
3081
9015
1794
3947
4378
5695
1219
9374
7513
9372
2350
3146
7521
7743
4035
37
1258
7207
1572
9793
2598
3251
3111
1496
4394
447
4911
5123
5706
6471
1923
9656
9281
2814
7059
420
7083
7760
2238
2670
9076
5819
8156
133
7182
6609
1005
5447
8413
6460
549
8312
4436
7193
1345
9980
1602
6610
2720
9726
4646
8773
1630
3047
4726
8651
1578
3551
3822
3239
6803
3253
8021
3802
5969
2149
6135
6717
8877
5135
4664
8189
3775
6957
4607
8581
1642
7164
4025
1436
3843
8425
7033
8339
7566
9490
787
6490
6219
7871
4820
6521
1123
8129
153
3370
5837
4290
1436
2174
7751
2303
2247
5233
2143
5699
3990
1040
513
5613
7297
7650
2690
8456
9358
9880
8221
9175
1019
8655
9656
7154
9077
4146
78
3302
9178
2523
6479
1606
183
4091
1779
7358
6514
5692
5556
6710
7992
5972
4676
6971
1891
1747
9577
1044
6960
5244
2529
9738
3656
508
5440
4690
6627
8492
35
813
1509
4942
2251
9586
2581
1097
6237
8114
3633
4427
5358
434
568
7089
3728
6345
7611
6748
1364
3796
3746
7564
4448
1558
2055
8491
6579
8615
5111
7302
1122
3948
9694
1949
6736
5912
6961
3341
1952
1955
951
2435
7377
9841
3144
9159
8853
1830
7709
6074
1069
5298
8804
9703
6096
1379
544
9520
1315
6683
9749
2941
5025
1072
3526
4559
3857
7104
4846
785
1207
4233
9472
1625
9606
352
1157
8772
2131
8032
3696
9082
2716
4196
7857
4991
7738
3472
9370
1456
7428
9896
6844
1028
5754
7002
1143
7216
4119
565
4853
1451
5768
5727
6577
8453
5450
8786
4713
4323
1328
5896
1197
5069
7138
122
7043
6051
4010
7615
1397
9081
4072
3009
4401
6922
2483
5713
2321
3118
6813
2666
9986
3981
2479
1642
9932
4876
4612
4546
3680
8885
384
6425
443
7947
8832
61
555
8419
8729
9697
1010
7214
7232
6464
4181
3789
8033
5739
6077
2916
3125
407
798
4770
5400
1289
1482
2532
6867
9462
5734
7355
9881
8899
9086
2156
7681
6995
9210
6773
2958
1302
7175
7362
1311
6163
4785
6546
3510
3336
6251
4553
889
6687
1761
6991
9102
2024
2107
5028
5894
8076
6202
6009
4667
4316
4750
2940
5427
575
3861
7520
7329
7766
2693
6365
71
4057
9308
1099
9490
4954
4019
1968
2142
1928
4353
8989
6410
273
8599
240
1979
2780
6260
441
781
1410
9822
152
2460
8039
7587
4680
3523
6043
7891
2671
6836
3106
2520
7392
4940
8592
2789
230
8270
1991
5471
2389
765
1496
2866
7689
7349
6843
7494
203
1401
7952
1723
473
1604
2791
5753
2525
2906
8511
7191
6768
9802
402
67
9099
9085
4369
7977
4810
8940
3478
4818
1389
1309
4138
9167
2320
1483
6685
743
7619
4911
5961
7613
6955
424
1351
8383
7322
9182
9910
6221
6973
7380
9973
1764
5713
3729
5030
9204
7011
6935
698
9669
922
6663
6712
2088
820
5527
9856
6576
8402
8787
2532
2006
1319
3387
2487
4448
4879
6981
1050
2955
2203
3137
9410
6525
1381
4238
5014
8336
347
5791
9682
4409
6468
1819
4172
2974
9519
4282
2952
9694
3264
4792
7274
4092
2485
9094
3902
6742
9752
4371
4793
4476
1863
2736
1473
9525
161
1173
5851
881
6677
876
9380
346
639
7506
3138
8138
6169
9578
7743
1515
357
4119
2935
4582
3020
4391
4253
2273
2558
7745
2725
6317
5355
9623
2148
4318
6249
7334
8758
1914
5584
4481
5455
9332
4052
2139
6706
615
6028
2824
6514
8956
6137
5317
9947
3464
947
1689
5743
8407
8878
9611
5383
5459
3869
3364
7645
1623
9688
3258
5377
9458
2176
9363
759
9350
9393
307
7056
8164
6920
5696
6020
2333
5415
4378
52
558
9073
6169
6128
5391
731
8041
9642
1250
9705
4771
820
89
8386
4128
5605
6549
3077
8501
8161
1948
7890
2927
8454
3914
9022
9637
4526
934
84
595
5481
4852
115
6891
7618
9401
1748
3982
3093
1854
9120
1728
1286
5889
488
4752
776
3894
740
7301
4182
2173
2582
2256
8248
9422
3738
5443
8066
4806
6559
26
2174
3340
4679
5865
2905
5505
5529
3935
3641
4066
9662
2201
9595
1001
8739
7079
4026
5178
6260
809
1537
5473
468
4435
164
1049
5082
698
6566
7096
2617
6952
6955
97
857
1889
7684
6491
2842
4770
9807
4803
4210
2774
8657
9913
5317
9664
803
7005
9071
5594
6595
7485
8657
6628
9134
7565
7466
1806
822
5807
8636
1387
9856
6191
7743
1759
2281
4365
6841
7947
6458
8310
4937
503
7633
3992
4043
8972
5886
8546
8730
6416
7730
892
1529
9381
4479
1199
131
8670
1487
2390
7434
9038
8261
8418
1744
685
2231
9754
5476
1312
7163
9608
6860
92
6342
5702
786
8497
8987
6534
4827
9587
2598
3744
3413
1776
6926
8811
957
5775
1488
3865
1618
9320
9006
3898
7817
1587
4291
875
7396
9984
8359
8330
5184
8049
8590
2914
7206
1719
8315
9560
9857
5396
8773
5167
3064
7750
1576
9208
3631
902
5151
4696
3709
4830
9062
2554
4133
5243
8700
736
3766
1083
3347
8924
4917
2935
5374
7090
8875
1213
3897
929
2299
2809
5766
5732
7735
6118
2636
6336
5354
480
8843
4191
540
9597
72
1273
3936
7308
7859
4448
2714
3840
9458
4819
1402
1336
23
8515
6318
3980
6816
5742
864
2393
4743
9027
3819
5378
7934
8195
1032
3845
9448
2772
7737
3454
354
936
2337
4817
7765
1212
766
412
4358
5902
9126
4721
4674
2014
3856
6620
6916
6572
4040
9205
9808
3966
6822
4644
2397
754
5586
2365
7472
5466
6686
9525
2694
2388
1435
7632
6249
1576
1690
9564
665
4130
6454
1862
4209
8220
8027
3579
4693
1556
8859
5159
4969
2596
6704
4521
4955
9221
2566
3654
5572
210
7978
6185
3060
1599
6689
3364
8459
6478
9784
1323
6368
3554
4607
3661
8435
7224
965
5883
6416
7678
7909
8398
6973
4282
6540
6061
1292
7162
7502
2580
3172
5164
8312
8016
2627
1395
7934
4434
2835
6412
2335
4691
3447
9480
8570
2299
2802
4787
614
34
2266
6331
3132
3411
923
2908
2733
6424
7033
9953
5292
1866
6827
9174
4205
2696
9312
2025
2254
9547
808
3331
6939
4207
3365
4490
3913
143
1868
9087
6453
3161
3421
6013
8211
8088
7064
5689
7185
2797
6481
1580
5088
5242
5038
5486
33
355
4388
8367
1075
6294
5938
4735
3862
1278
1690
1660
8218
6218
1436
9027
4860
6867
5713
525
7162
6160
858
7829
3015
5029
8091
4906
3211
3652
6162
6392
9766
3936
4602
6962
323
2463
5864
8712
1060
7589
1351
5013
7877
8070
534
4223
145
170
8480
5846
3849
4571
4080
600
3734
8493
7807
4654
1246
2288
528
2580
5337
9786
3099
7305
3307
4539
7037
81
8320
919
9667
9439
5380
9080
2176
2793
8942
1563
4625
9747
1797
234
9144
5559
7477
682
2112
6498
1325
9288
2032
8317
4358
9395
1959
2752
7732
363
4103
403
7646
9710
8572
6441
1940
4467
3007
986
2977
8598
2866
1356
9794
7552
6192
953
6753
8694
807
1566
5334
6663
4521
83
995
4284
129
5686
7747
7867
1176
652
5927
3222
1677
5713
4534
1158
4171
2978
6617
2926
5105
7196
9965
939
965
2496
2857
7239
4893
2395
4148
8116
9404
2167
1065
8207
9793
7423
1875
7257
8400
7538
5459
5994
7076
8805
6635
8008
9892
352
9243
1225
6536
760
5857
5297
1875
7279
3714
551
8975
1088
9526
224
7140
3179
1529
5317
1305
6309
5322
9798
3160
718
9456
9376
2633
5460
7527
6200
2043
7771
8088
7551
1103
9336
2167
2346
5320
2581
7604
4235
952
306
1931
6043
2962
3989
2026
8803
2860
7236
6973
9355
8846
5507
4669
9883
2327
7921
8209
1151
5673
6431
4331
9342
4687
4706
5760
2908
7341
4267
5160
6823
9772
369
1962
9679
5017
5361
8676
83
6386
4075
5526
5601
7652
6788
5011
2589
8651
8418
515
6196
6745
9985
2748
7742
1594
6014
665
9842
538
2427
6695
9915
903
9304
7639
4677
6396
5271
6308
2170
7694
1031
4909
3040
6032
802
3387
7834
9828
5637
4382
436
9384
1256
6407
3633
9943
932
5712
5730
2959
7132
48
9726
7189
7749
4425
8841
1412
8389
7628
4408
528
528
2745
2714
9294
6051
1704
1118
9951
9092
1112
172
7702
7140
9970
2380
5176
6011
395
5093
8856
931
8407
6421
9303
551
8492
2628
5840
4803
337
9263
3178
721
4551
843
3486
2324
5259
5393
8919
9100
1250
8286
8131
1334
2678
7283
7991
5300
2106
3976
6366
3432
449
8614
4011
5259
2606
7232
2634
5236
9251
1673
3337
8566
6163
5374
9820
9351
4085
1710
5544
55
4675
8245
130
3334
9415
8642
9181
1143
8932
3667
8099
722
207
634
6676
4798
4256
6178
8991
8008
4937
5080
7755
2676
3798
9463
5735
612
1968
6561
239
2767
8154
7053
3230
682
3118
6199
4302
6565
7351
9398
6199
94
2969
5217
6950
3823
6284
8882
9384
4285
8494
7980
9754
17
7618
3113
7477
3762
6430
6477
7063
2632
7751
3001
3910
1483
355
2147
9628
2456
928
8964
549
4639
1399
409
5434
1444
3060
5122
9054
156
7742
8205
1715
3627
4709
5955
9922
1308
1600
7188
1306
2806
8618
1495
5310
3357
2828
2491
4958
1539
4485
5231
4952
7511
610
7920
3451
3468
8937
6770
1819
2278
3670
9775
9219
3341
8411
5551
544
351
2943
4332
3587
3825
5581
9480
9852
9219
3897
1236
6199
7800
3215
6863
6287
2982
2217
7065
8634
2619
2368
2506
493
5045
8924
5509
8566
8307
5944
1540
6592
2721
7502
1817
5745
6648
8671
5117
362
6099
2323
2422
5352
4721
709
4127
1025
3993
1487
694
5192
5259
2594
9771
809
9881
3848
6968
6852
7028
4191
1189
4178
2389
13
9739
4492
4469
8388
1055
1242
3999
6183
344
2427
2207
7901
4640
8966
2854
8613
1367
1975
8670
3468
9818
6405
1125
6879
8595
5408
10
2530
848
3686
5503
4512
1752
1802
5152
7513
3351
5232
9962
784
8909
4648
8899
4303
8627
7058
9545
5611
5920
7062
9851
4164
3213
6051
2834
4681
600
5539
5968
4880
8837
917
2239
6755
4915
1955
3645
7607
8659
5302
5259
6530
4963
7943
7872
9454
459
3209
8798
1889
8739
4701
7457
4340
4129
1021
9586
555
2583
8657
9774
9456
6245
8693
3147
1732
4540
2190
9537
125
6540
8911
758
1612
9383
7022
8643
4277
6104
1971
2991
7866
5153
2251
3398
6076
2190
7209
7029
638
8930
4866
2771
556
2189
3455
9278
4673
9033
6864
9166
5304
6366
6691
8939
5723
5007
2597
7398
1720
9973
5094
8746
7923
4617
8667
6781
4243
7211
1019
1605
9846
7311
2043
9973
2536
9192
1213
1418
7055
7704
7
8063
6121
3638
4836
1470
2193
5471
5938
881
8810
6136
2265
6862
1102
1621
8596
4057
5218
6307
3505
5423
5109
4915
6451
3801
8909
3791
8508
8879
2415
7879
2926
5161
752
9202
1978
5008
2162
5490
1768
1139
6489
5830
2401
169
6736
5534
6917
663
1144
7460
7456
806
9070
2985
1131
528
3253
3895
5962
8047
6889
6278
4096
3684
4676
5179
7510
225
9113
2501
1005
4348
395
2120
5392
710
9470
7482
1912
243
4067
8519
7105
9356
2297
751
7252
3016
5477
9937
9083
4
6455
6425
6367
1246
2821
3400
8543
5545
7782
8592
1774
8938
9628
1794
4356
8400
441
4678
6584
2286
3424
8710
8207
699
942
3081
709
7666
8797
4164
5884
3297
4592
8389
6469
5343
6385
5404
5813
7820
8416
2060
1159
183
8133
3340
6217
4547
9015
4145
5723
4544
233
2140
7377
2229
6537
3170
2800
1153
662
1040
761
3571
6288
7644
9899
2441
7292
3247
6215
3957
222
2784
5388
8480
6248
2044
202
7969
8821
1815
9762
7149
1502
2306
5277
5509
8491
7016
3638
1028
3703
7922
1633
5206
5363
5257
3762
491
436
5083
745
5973
4400
8298
8690
423
2360
4002
1914
6842
9286
2846
9206
7608
299
9698
7956
3744
8866
1498
435
5359
5674
4144
6979
2657
7210
7521
4740
6878
5700
7754
9858
6103
6326
1471
3649
2145
532
4192
6691
1706
6652
8759
760
2192
2785
6189
6725
9017
2980
9579
6446
5930
3221
1805
4270
6518
8675
8189
8187
2445
1376
7680
2545
4432
6599
6008
1934
988
3725
5709
8315
9442
5579
8912
1521
648
4581
3124
4619
2831
7576
8105
6230
1376
9180
5738
7218
6908
3989
1074
9468
6317
3778
5157
2842
8155
3422
6930
7779
5616
8084
3214
8797
328
8103
1844
1128
8588
667
2695
2820
1028
8627
7235
5582
3599
46
6739
9747
7669
3069
5913
6335
9294
4769
4321
589
132
6371
3442
5549
5463
3441
2724
2708
315
8392
5448
1290
6215
6575
4508
8922
8234
2405
6619
2154
7361
8904
4903
4026
2505
1696
9279
6170
9360
3820
8372
7299
7023
899
9028
5343
535
3930
908
8122
5190
9418
4
2600
8469
6669
9109
5240
87
592
5247
7277
919
1364
8381
3809
7972
6830
7190
6894
5919
2708
6437
5936
7995
6450
3170
9751
1153
8969
1711
6080
8560
7974
6272
7177
8638
444
7970
2721
3174
4453
8638
9795
7644
7194
5654
6764
4167
4701
5921
8429
9364
9439
1370
3249
3322
7691
801
5
3178
3633
7940
1184
3902
3804
8422
8225
4913
6415
1578
8725
4329
499
9563
589
7110
3469
481
1784
2661
6475
678
2306
1759
9289
8621
8017
9492
8098
8805
9655
9733
3884
6224
8843
9166
6856
1042
2468
8596
2868
2932
4869
766
9522
68
6974
2438
7511
4089
6106
1618
3430
972
3987
2186
1456
8616
1309
780
3801
3878
6625
5738
236
5149
325
8214
8974
658
5031
6860
3369
650
2488
3395
1780
3707
1840
1727
5400
6061
3087
8812
24
464
2686
2102
8999
4404
6236
1988
5225
5437
58
6118
7723
1564
4990
5958
7720
7091
5818
3637
2194
6875
3129
4131
2635
6132
4443
3545
4923
1395
8746
5642
19
3957
1138
2384
7421
8322
8309
4332
3152
7735
8772
9638
224
9466
5180
5423
3744
1828
6901
7788
1920
1763
621
4641
5397
7858
147
6865
7583
1708
6338
4975
2895
5058
1715
6383
8078
2149
9156
9901
5000
8667
9214
9977
2435
2874
6648
1084
145
4722
2363
1555
4667
7575
599
1611
7395
1288
5585
400
1373
4774
224
7658
6108
384
7378
8224
4479
7153
3342
488
73
4061
486
6814
5055
6753
2884
2733
6420
9606
2119
7207
7569
2370
4288
1317
2387
7131
3373
2878
9787
6634
2633
3581
6697
8653
1585
3426
9842
2032
2360
8938
4144
1844
768
3747
6642
1976
4601
8414
2159
4833
3803
1372
3370
9475
5280
5309
1503
3773
9713
9392
54
7103
7875
6234
9280
206
4974
5826
4728
2962
1729
3403
6727
8827
4558
4654
315
7928
2632
4224
1567
2056
3371
645
4024
7793
7498
1121
6512
1771
3175
9441
5243
831
3923
1735
9479
2938
2026
2045
5165
3941
7577
171
3736
7723
8888
5109
9303
2270
3442
9862
7635
8632
5518
2719
1606
6229
5732
5216
4973
4625
3944
9098
8617
5971
776
7077
6758
4400
1396
4525
87
2985
7600
6668
1941
9806
9361
2995
9114
2970
8981
3731
7994
1972
2030
9367
6655
2126
2879
1849
6608
5983
1461
7782
6421
7375
463
5134
9048
342
6575
6477
3290
9567
5962
1554
1564
9082
2242
1425
592
1847
2294
7848
8792
3732
3980
166
9255
4534
5153
710
9345
2292
9743
9533
7058
7813
3732
4940
3811
8980
8027
2832
5033
4197
4100
752
6163
9337
2097
7868
4035
2550
5265
7662
4349
1790
962
4001
839
9430
2972
5604
8824
2501
3714
2573
5275
5091
4623
2504
8688
399
892
5340
4556
4657
3421
2838
6753
6551
325
8342
8434
521
1147
447
596
8112
3806
5127
5121
9231
8339
8140
8216
5980
4410
6718
2882
1148
753
7194
3599
7049
7080
1169
1716
8779
2823
9406
4720
1937
3164
8087
4028
1992
8257
4788
7626
5917
3216
3897
9011
3490
5810
5673
6749
6305
5261
2503
4549
3776
6903
8888
2743
2024
8477
7782
750
1180
7832
6459
2251
5193
4892
4787
6991
18
9104
8867
978
3807
728
2281
8079
6771
7667
8604
174
9438
6129
9905
4603
2449
7240
8871
2200
577
8141
3436
1239
9815
1897
2115
8656
4867
8135
8230
6047
7783
1320
4852
1570
9918
9649
8551
5482
8659
9517
9390
1565
5794
2077
8566
4502
1471
8508
787
8265
6779
7946
9414
5012
7241
8545
2791
7449
4287
7231
3993
9979
8941
8935
5815
6662
691
3912
1996
2051
5965
3302
4831
5507
1934
5392
25
2426
5926
3424
6743
8635
2863
7804
9521
2857
8031
1253
2973
9644
8961
7856
1882
6486
7356
7141
3920
7012
6100
7538
2384
2604
4198
8517
4037
1840
8046
6597
5053
4282
9546
6210
6018
5792
4170
1993
9000
6618
8581
6138
5459
5951
2650
1982
134
4933
2060
7855
1272
8624
6990
9358
1000
5476
3822
2207
2235
3301
9925
946
1641
2582
4417
6595
4550
5026
7118
8491
3785
3726
6974
1822
7996
5106
7299
9195
9775
3851
893
2733
5497
5427
2317
7827
1610
589
5972
3561
728
388
923
5999
5852
4363
3266
1688
1958
5368
7291
4492
7766
1430
7016
4295
6639
1152
7089
1535
9756
8397
3701
2359
2355
3412
8063
6517
9692
1249
8785
707
7403
2549
3320
3599
7061
3137
734
1955
6158
7461
934
7601
3849
6075
9334
4327
4844
2183
1184
6428
6314
4822
82
5199
3336
2973
5444
5517
4287
2146
3722
3739
7397
9540
6154
450
4515
1165
1678
3475
6563
3795
1125
2353
5375
1820
2417
8269
3675
8688
3821
9085
9
6695
6572
5736
2800
3118
5748
360
9993
8957
4559
3245
8539
5290
7431
3254
2748
7469
4573
6442
6158
5300
3383
7715
615
1068
3848
8639
9839
7938
7513
1989
2554
1204
8867
9965
867
5494
2750
8138
8121
5024
4710
5648
8152
1541
3266
4081
5138
2579
4537
99
6402
6935
6440
6988
2063
5545
2894
2591
2518
171
1051
6709
8020
3716
284
4360
7405
8790
6060
1746
6586
5522
9579
4271
1334
125
4834
7959
789
7218
1715
5139
7133
3310
7516
9374
7337
9041
1308
7437
8765
5817
8540
6603
8068
8854
3257
8816
3815
1323
3638
9644
4347
8070
6381
87
9507
6223
9886
1995
8819
592
5021
8902
1849
8656
1289
4942
2310
3263
9954
9750
8697
7857
9068
4250
9423
9939
3135
1753
2124
8081
832
1263
5597
8933
9237
2054
7711
9496
7388
6201
4500
2908
7342
25
9988
7833
1881
1901
2544
8427
3223
2206
4254
2839
8888
3
6468
8808
7396
8502
7273
2246
8019
347
2045
6197
5891
3178
1436
8436
7897
481
301
4387
536
3815
202
1921
7553
447
3637
6192
667
2050
3130
3211
1034
4071
2088
5765
233
429
2544
3503
1319
9009
3883
9380
2786
1796
5728
1914
8082
4942
8342
2533
583
2080
9454
7427
6877
5452
5606
8152
8611
5117
410
6424
2563
6255
7167
2813
5248
3240
1408
6369
5006
8842
7702
115
6219
3198
5871
3251
8037
8889
71
8757
823
6877
9821
3972
8396
3226
8195
5389
8214
6432
3283
9831
7503
5412
6087
462
4551
1197
8043
3623
5003
4199
6348
9086
2256
5804
4599
4005
1305
569
4703
8069
4062
3267
7713
506
338
733
4871
8219
1200
6197
6352
7835
2465
3856
5011
2409
2544
2950
4761
2218
8391
281
6578
3990
8898
7984
5990
1602
9044
929
6177
8790
6810
3711
8720
9313
927
9725
2616
81
4509
6457
7184
6307
4674
966
9724
2567
6048
7771
7965
6831
2510
5140
7007
8987
1025
605
3412
7773
4735
2508
1175
8248
2819
1805
4294
4293
301
3021
5034
1815
3295
2885
7734
7355
7276
1385
7514
3442
4102
2520
7013
4198
587
5370
6452
5373
8120
2714
109
4217
2177
7032
6236
4544
7272
3634
3841
4770
3480
6406
6306
4732
7431
6899
9862
8450
7441
6079
3681
5681
5076
3405
6432
324
486
3138
2398
2059
7349
4215
5455
3104
2752
2777
5127
6928
6222
2857
7131
7429
2761
4237
1348
6026
1159
2848
8552
3251
2402
151
1520
3611
9274
3319
3883
5568
2600
4888
8891
1110
5268
4237
1948
3580
1084
2684
3490
7145
3289
1121
6046
2286
8558
7681
5135
5203
3873
6449
2284
1107
518
1302
7955
6457
6023
793
9629
4050
4025
6699
9066
7827
4257
5178
2947
8412
9507
4378
3298
3374
6867
7144
8881
7456
1771
4251
8275
8900
2822
8740
5696
9823
200
3905
7149
9236
5566
3249
7460
7022
8840
8245
1091
2400
2652
7856
7963
9290
8937
7637
5895
3672
9066
3580
924
1105
3628
4440
6462
9405
8169
8119
5896
2813
1193
6543
1784
2714
7692
5104
8813
8240
8158
120
8571
3359
5451
7686
4051
1241
8657
292
5932
7790
2411
84
1614
5218
3368
8511
9281
3875
986
2925
3009
1097
1822
1586
6739
7315
6663
3099
4556
267
5379
1945
3364
6928
731
3691
8485
7726
9120
6862
576
2902
1548
3698
4247
4531
8278
4356
9051
6038
5504
2250
3906
220
6280
8884
7929
5701
9493
5947
4334
2591
2410
7373
7230
4200
7685
8167
9466
4468
1321
8929
9638
8509
1531
2609
5945
7807
6056
6604
79
1890
2829
1487
242
6611
3020
3311
3228
8562
2475
696
1432
7553
1365
6891
605
8536
9052
3943
8859
6395
9280
3844
6354
7467
6167
4410
104
5645
4186
1296
3768
8823
4480
802
5727
1970
5871
3632
6789
3713
7071
5438
8182
527
4125
778
1846
9431
7130
6713
7141
3554
5872
9215
9018
9273
3798
7847
1704
8137
8232
5113
7492
8167
8557
8519
3369
7994
5295
5794
5417
7038
2461
8082
9532
9027
8722
1867
9357
6577
8333
3190
4519
9316
7617
1095
6383
6222
1996
2152
9921
6434
7366
4241
8697
3592
136
9572
1465
713
5721
10
5021
9213
240
4764
309
3475
3078
5142
397
1807
1071
3757
4134
950
2174
2901
8053
4149
5831
1185
8570
3629
5068
5512
9870
5244
7639
2984
9657
6893
7548
5917
1039
7292
5694
3282
1940
6574
8921
2435
2964
6944
616
1454
731
3267
5701
8840
3364
3872
200
4743
4915
2503
4017
9068
3817
1854
1014
2991
3594
2866
3606
3460
1485
6619
9968
3852
5885
9230
3099
2915
7726
1814
947
7723
4402
5556
2589
2536
126
7721
6236
4930
7040
6473
815
2161
8520
6094
3231
1930
8169
3737
634
3314
868
3891
2264
9023
7087
2471
2004
3386
4716
9345
7483
4964
6967
3670
1155
1298
5797
8765
3971
6260
2016
5699
2800
1702
2666
6255
2489
8919
8467
7594
8763
9326
9976
6362
1581
4078
2626
8609
1628
5841
3334
9326
8384
3037
1601
2108
2913
2116
4189
4513
9935
4993
801
2513
4402
6781
9668
8948
7167
3034
3709
2541
4622
9273
518
1988
2524
3893
6805
4502
7946
8412
1211
5610
4683
1802
163
2020
8670
1760
4333
4739
3029
7398
3967
9955
1588
8972
985
2047
9165
2967
9386
4694
9385
4546
242
9079
9629
9494
3718
4178
747
901
4535
2317
2
1104
1767
23
4801
7239
2021
9178
1825
2113
6967
3141
1226
3856
1059
4578
2632
9807
1559
3716
1346
2068
946
184
8939
8879
3859
6328
25
4206
3116
9465
2651
5746
1240
6919
7049
4707
5013
703
6721
1844
777
3658
4496
8003
9168
1300
689
9399
9480
845
2250
2529
265
3732
5625
666
392
508
3705
4604
7477
3222
219
1979
2412
8194
7722
8908
7327
1595
8769
126
9761
633
8348
3909
6827
9982
9754
3875
9241
7436
6320
7564
4586
1191
1397
6471
1504
6741
7220
4880
946
1709
8125
6374
1623
2959
8223
3642
4344
3511
7678
9172
9745
42
1881
393
5358
6986
9364
6354
7634
7566
852
8695
3484
6481
9630
8718
9932
322
3000
2625
4330
5536
7102
9866
866
5845
7492
9587
6360
9055
2530
4302
5840
5183
5710
5556
4020
9495
8720
2152
5360
7677
2374
9657
719
4945
4304
7704
9826
3497
8212
3582
393
3820
7410
9939
3460
5182
1062
4307
9456
7517
4405
5205
5556
7208
7889
4208
3823
6583
4168
5462
714
1771
8119
8620
6210
7983
63
3879
3010
483
1261
2907
5771
7161
7252
5728
9941
4928
708
2720
7213
5713
8093
8500
1221
6068
107
8523
8835
4683
4205
4575
7586
8867
8887
3275
974
4904
7434
7586
1645
3317
6349
8227
6236
7725
8237
996
2992
2248
7706
493
5833
5052
7512
7392
5910
4052
558
9769
7023
2614
7019
9275
7089
8958
9498
1275
7812
9900
3154
337
3811
6749
9160
614
6412
9279
1241
9128
6950
3724
3935
1014
3720
8276
8142
9013
1618
7407
2350
8161
9505
5021
7686
8442
5557
3927
6724
9184
4818
7032
7203
1355
8371
8761
5482
5577
5031
5576
4513
3847
3816
4397
4700
9922
4591
4578
4111
7125
2389
6336
3019
2741
9084
6854
7347
9392
2208
408
5003
2083
6703
3817
9319
1979
8715
7824
1674
1632
3907
3238
8251
7366
5065
9609
3239
1942
3535
7090
5785
8841
878
6325
5444
1018
1475
5013
451
4433
7857
3715
8579
641
2281
3337
3795
278
2079
5530
8857
5832
5514
1762
9638
1820
2041
5598
2417
2641
9743
5556
7138
8333
9231
1489
9018
480
6957
7304
329
8282
4697
5623
8767
8902
4788
4650
2271
2102
5553
1011
9966
7407
8562
6996
7847
7500
1360
3614
3455
231
79
3780
4459
677
5700
7614
8389
4736
9659
4523
4436
2752
3499
7515
7171
3999
5697
8479
6910
2806
6112
9957
6704
2695
8033
7506
1740
2137
6669
3479
6831
9542
9435
4260
8397
5589
1874
6353
8127
3171
2271
4790
8839
4695
2917
3519
7003
7610
984
8825
2877
7614
8857
4012
9955
377
1379
2163
3461
8255
11
5906
8800
3036
7299
9376
9948
8693
3506
8057
3172
572
7874
6699
2245
65
8044
9601
6419
9137
8119
3024
3442
2399
4717
5549
8104
3275
4633
1567
1187
1863
3181
9810
1939
6856
2551
6615
6190
8293
7643
5144
4050
7562
7088
7148
8189
5253
8605
8636
1846
6473
8855
9931
8101
9267
7471
7802
2566
4257
2107
7081
8799
9832
8075
9160
8699
697
1469
882
9542
7637
8601
6744
5272
5549
1823
5357
8133
2131
8506
2537
9162
7210
9113
913
7448
5743
2094
9093
8494
1528
4169
9333
8199
8193
5156
9051
494
9681
809
7173
7924
8497
1070
1489
6701
2305
3484
5052
273
3702
8641
5866
8937
2507
849
3078
3012
7842
648
1626
7738
9771
177
9223
7289
2091
9376
2591
6790
1627
5841
736
637
5613
8952
2805
2736
1359
2819
3696
588
6314
2412
3704
7551
3855
3762
2350
9665
35
6420
2559
1482
6088
1468
4487
3676
5919
9899
4337
368
2086
5485
5788
747
691
901
9829
6909
2135
4753
792
8058
1578
2608
9029
9589
8793
7908
5954
7003
8230
9184
6665
4843
309
3262
6678
9278
1207
5480
1867
5592
1731
8244
3119
6043
4487
835
2370
8019
4902
6729
3445
9783
7805
528
578
7852
8508
7758
4496
5454
7017
4736
3824
493
9716
571
8598
6914
4818
5450
7536
6511
2647
3997
2785
5188
2179
3931
7103
7492
3680
2116
2856
1263
5559
1539
3248
7214
2725
4224
7648
4491
1171
9827
2442
3913
1111
3791
9484
412
8843
4973
8251
7178
5321
1995
6132
9663
9601
325
8266
3062
4730
842
2474
4938
9075
2946
6914
2323
6565
4260
1974
2758
3622
8082
5881
9998
7099
6860
9907
2282
3162
6565
103
9549
6623
8415
2036
4455
7777
5688
2183
7485
3982
6405
3983
4646
7032
3508
6202
4649
4856
7779
3661
846
9360
3404
5547
3421
9874
3300
7109
8739
7322
657
4857
10
1927
2544
7340
8074
4349
5885
9826
3145
932
4901
4347
2285
5090
9996
1964
5985
9512
799
585
5772
7447
8218
3532
1724
6432
1040
4966
4270
9769
8255
724
989
1959
3656
5868
2810
9602
4344
4714
3967
7235
9582
7944
8068
1323
7226
711
9273
5812
322
3273
2965
4193
3821
8880
2213
83
2114
6090
1105
5709
1926
7515
7522
3388
2506
3594
3563
9456
8782
3537
6298
2875
7616
774
2835
3629
6235
3801
674
4118
4692
1816
3740
687
6264
7494
1431
4450
7715
8500
6686
1507
6141
4763
5700
568
6854
1751
2926
4012
394
824
8616
5284
8047
3318
152
1783
6157
7725
1579
4350
477
6880
6657
9380
6130
4891
5705
343
5205
2482
219
7710
6047
6036
7966
7045
6193
3180
2247
2109
8261
8727
4952
6425
7472
9365
7904
8049
7633
9712
3353
7202
6036
5804
1462
5026
9746
9052
3930
6830
3734
7356
158
7269
4671
8050
7260
5394
5746
4395
6040
8327
9946
6737
3227
6277
4943
1794
3581
8585
2984
2238
9698
6219
6740
9160
1372
6222
6544
5924
1025
8452
9440
8432
2583
7610
3620
3968
1236
5532
9431
9759
6017
1355
1432
4063
4365
5858
4511
3767
5704
8906
8151
1484
3657
5028
3119
3102
3500
4495
6594
8306
5213
809
8510
6493
6685
499
5775
8217
6439
1416
3279
1607
1312
2506
4760
6032
3907
6555
4235
1227
2813
7097
1474
2929
9812
2878
2211
1741
9391
9091
3417
1297
9173
3230
1577
2676
3282
9548
5422
823
2875
6091
9112
6728
4852
5294
5383
6223
9918
8086
3098
2297
1396
8378
9872
8845
6519
8438
1320
3353
6127
2202
8235
2278
7617
6302
1362
8194
8195
8676
8252
4185
8723
1364
3222
5996
8213
2990
9591
4295
8720
285
8019
9787
567
8333
6602
6369
2422
5952
5862
9417
6569
317
6157
880
281
31
9586
5322
7309
6327
2427
297
6339
1004
6023
7298
1156
1341
90
6229
48
8147
4100
2952
8254
7115
5678
3945
467
2411
916
4482
9319
7249
6416
2214
9613
5488
7100
9708
9245
1202
7067
5067
2632
689
9652
2474
7771
9608
8886
8193
6523
6938
8361
4014
3530
4436
7435
5720
4238
3971
749
1975
6842
561
1646
4148
3359
9210
3950
4906
8336
8518
9405
1614
5384
3488
6463
2411
4864
1544
7779
8439
2920
6723
9783
6693
2960
3532
2352
7357
1705
3854
3218
9608
9662
1234
2014
550
140
6130
7120
308
8644
8858
6432
6967
733
5967
723
774
5096
6617
1707
3443
7425
7898
3131
5503
2525
956
7801
9571
8576
9645
8411
2652
557
626
7579
5792
3342
4967
4224
7650
9139
382
7861
1605
5296
2104
7020
2624
2308
1460
8235
327
8066
6990
3691
8043
1224
4451
2323
8621
2141
8044
6394
2668
8643
9302
1360
9806
2587
9214
4262
6430
6228
376
6479
1191
7767
1835
6028
7170
2480
2662
3632
2743
1100
3880
5890
9849
3311
4755
7016
8464
4029
2279
4553
5647
2782
7762
8699
7996
5037
47
4863
5402
2360
3631
9204
4645
5076
1571
3210
4587
3536
9965
619
2605
6047
874
648
9316
4409
2744
8635
1637
8506
4419
6274
9695
8010
1934
1860
3643
9850
5417
860
9505
3277
4044
4262
219
9150
4826
4390
195
5492
9369
6080
9774
4409
3209
1239
2850
6518
4370
2298
2671
5774
7565
8968
8795
4492
7770
3313
8154
8823
516
7147
7847
1274
3202
9426
5102
8232
9498
4383
4984
4779
155
1352
4920
4344
3508
8056
2487
7585
3387
5496
6941
4755
5450
281
3757
3384
3331
8643
1384
5576
3808
6181
2090
9175
8543
2833
9401
8076
5
3343
3916
7040
9428
773
2669
1523
2681
3906
2355
2850
9748
5630
9340
6837
937
7283
4243
4692
9902
5767
4364
6256
2686
18
3804
1373
1253
5070
784
4736
6010
9609
4577
1217
1558
2185
801
8413
5457
298
5149
3119
2024
966
7669
4157
6016
74
3787
5921
1186
841
770
6784
4022
948
4309
5432
8453
2898
3759
2647
4828
5378
5318
4216
6478
1774
6249
4248
7321
9467
173
2022
6420
4367
5351
9497
1947
1276
7003
4910
7917
2767
7274
2025
1012
5407
7223
4137
6137
6582
5531
6367
9308
5704
6365
5699
3739
2937
83
4187
6114
1319
7491
8246
7208
1744
7715
3985
8265
1555
853
3366
2028
5125
6306
3825
5126
3685
7950
1958
2069
6790
8109
9557
3775
8579
5969
770
8809
9572
8814
431
6270
9758
9804
5286
8985
5410
1968
4319
3017
3383
2316
7723
4958
1645
786
2224
6250
2190
6138
5815
1646
963
7460
9002
8909
5526
5348
4668
2378
3979
6455
1076
5121
8159
3550
7921
6639
2361
8571
7632
9564
4273
8025
4403
4885
1596
5731
3480
4881
6944
2017
7318
9230
1679
7772
2989
1646
1861
5972
2050
996
9547
3085
4842
4537
5183
2231
21
3533
6061
8624
1562
8953
8221
6562
1586
1655
7874
3267
13
8327
953
3421
7075
6625
8926
3611
9352
9826
6610
2170
2743
4407
9999
8321
5769
9828
8628
3522
2359
3922
6315
8686
1769
4768
528
4673
8921
7889
9999
6143
7048
2063
7970
6822
6507
3457
8399
8470
9104
6152
5203
445
5154
4513
2046
3164
4917
9685
3036
7769
1767
4411
2246
6388
8250
2147
1142
6986
5139
7210
1754
9574
6162
8398
7463
2828
4763
1174
8976
4565
9832
4063
2806
9057
5047
3340
7847
6531
9267
2348
8350
4815
1670
1081
1009
5388
5477
6901
5484
2151
2774
7346
9211
2751
2647
5244
1225
5428
903
7141
728
8224
1825
7724
2261
3290
4588
5401
5638
6272
9115
1707
6128
3680
7009
6958
3142
3227
822
2036
2508
5516
6647
8163
3101
5070
2162
5229
3460
5704
4187
6041
3104
515
7758
9578
7482
6715
6574
7706
5199
1891
3168
3910
933
7137
7659
870
437
9844
4805
3883
7291
3052
2617
4311
6480
7535
7626
6557
5296
6936
591
3695
1229
5006
9852
4418
1915
5968
1476
8167
6823
1730
8049
8199
5889
2383
4213
7605
1350
6589
9999
2803
3853
2691
2015
282
4533
6183
8062
8133
1817
597
4200
5520
1190
4703
1661
4687
5539
7320
6972
7062
6144
2070
7089
2953
2561
9390
115
6342
759
9966
4077
9648
8737
3909
1998
2415
1711
7471
4541
4461
24
1149
5277
2214
6024
555
2463
6423
9618
1384
7966
5783
4628
7346
4309
9701
8817
6871
5469
8418
7565
1817
3783
2953
7457
8012
3396
3052
1976
1158
9218
4972
7209
8721
5427
3430
5381
8271
6827
8108
974
2941
8338
755
7340
3852
3814
510
3187
3788
8027
2675
4383
224
7713
4055
7319
2586
2805
3446
4833
1099
9552
7998
7606
3757
8383
6871
8500
5028
5211
4542
3500
3928
6608
4314
2176
9390
3047
4519
1976
5722
9896
9344
4858
2436
874
7151
908
1608
2586
3162
6041
3877
6522
3645
2506
9375
4272
4712
8977
8258
3244
6027
2418
1682
7213
647
3317
372
8117
8556
8154
6134
6765
6918
9774
7972
9204
274
8041
9802
3092
4751
3474
5174
2378
9201
4250
8653
7387
9549
4165
6849
415
9060
5169
5869
540
6300
5747
3176
8421
8023
47
3867
1918
7904
2202
3781
8792
9365
4771
3192
3569
3208
7370
8594
6315
4139
2590
3371
9168
2848
8325
1330
3448
7184
4433
266
1221
2485
3699
1594
177
5529
3507
1870
9846
8403
2569
3873
8432
604
4220
7033
3756
2626
1136
5239
7513
5259
488
7905
9551
2663
7482
412
8852
9409
7965
2864
9115
3230
8131
4160
1461
2609
83
774
9768
3237
2518
9694
4878
8429
2327
8071
8567
7345
9948
9808
1072
6589
4727
6378
989
7947
2657
8433
338
8603
656
4918
2694
9518
6837
9903
2968
1954
7783
575
9870
4819
9196
5329
9051
2063
5228
3262
4570
685
2736
3775
4339
5713
7512
8554
2599
7478
5321
8243
4789
5950
4749
8820
7208
8134
3136
965
8468
8622
7414
4438
5058
2099
733
4018
8491
202
401
86
4884
1598
3501
4626
1587
17
7315
7163
4538
8166
7704
5425
4313
8438
3439
5990
5087
4310
2228
2985
81
910
2805
3283
6108
6790
5250
1246
2996
9612
1016
5440
9896
2130
2395
8814
2891
9968
4229
8117
3474
1980
5320
661
6086
6804
252
2700
7290
4704
438
7791
7252
2529
9959
8589
7789
417
4549
6931
1385
5744
8077
9304
7268
1728
7114
189
8765
8909
5403
7825
8906
7826
4213
1260
249
8594
2939
951
457
2684
7091
6909
7482
8945
9234
4605
4258
268
5882
2646
7018
1035
5369
5850
7565
3284
7907
2896
9518
6362
6936
171
5336
7164
4456
7075
7919
7364
8039
279
9780
703
3197
1102
2942
2329
247
2304
804
2139
7537
824
6744
4653
9214
8745
4154
9183
5690
4321
1493
2876
1001
1968
2087
6344
3351
7900
4511
7955
3999
9530
2349
2422
1958
3810
4856
7596
8752
4363
5196
7158
7462
8794
7321
8055
4086
1863
5005
3588
6482
4486
9405
8043
3712
7324
4170
4049
2176
3790
7238
2205
5075
2475
91
9421
1889
9896
6700
6529
5053
1192
8454
4553
3006
7971
7459
7620
9292
2299
3250
8686
4182
2446
4421
9645
8497
2689
2312
4541
4933
3552
253
2636
4201
2880
7286
6902
8475
9733
9684
577
7527
4652
639
2907
8740
8045
3276
8506
2621
4325
4514
3715
8217
7397
4502
5510
9607
9021
8283
689
3657
4294
9501
438
9656
570
9583
2782
4528
954
94
1970
7302
2129
6413
1686
6365
6706
5381
947
881
3016
5923
4130
7241
5894
9313
8984
4196
9367
5314
2988
1789
4683
9337
5259
8986
489
5010
7354
6519
6044
913
6942
6288
9164
5113
253
6470
8977
416
2872
8906
7366
5862
4930
9739
6024
6306
4850
2968
1012
3398
4722
5972
3012
7746
6663
9001
2854
6315
8626
495
3400
8529
8542
2326
5852
7432
8968
2945
2053
4792
2013
8819
2725
5385
7085
8231
5351
6741
197
4571
3726
3372
7382
8369
6410
3017
3680
987
6416
7367
2710
7599
2317
2701
4726
4675
2103
2783
2771
7752
5220
1083
1372
6795
3554
3056
6141
1789
4901
2483
392
5822
2143
6434
9780
9120
1926
2615
4408
4625
5960
9602
6613
2001
6212
3617
3093
9542
8272
7063
9727
6233
7555
3056
1114
8736
9339
945
6344
798
5917
4189
8116
3696
1782
9486
7537
8860
17
7273
2580
1125
2752
3639
9234
4469
9381
1739
7070
3393
8606
4694
1005
6487
6083
2468
479
565
8887
7316
9241
9169
4378
3672
81
9401
8573
1958
6238
592
4914
7582
4248
9503
3952
1727
1661
995
9938
2808
3358
798
4690
3749
312
3109
2414
6850
6616
332
6681
838
1017
1116
2577
6474
3934
5398
8688
6309
4542
2471
2874
4577
5198
863
8839
386
6144
1205
3683
2948
5928
192
3756
2503
1520
2446
1860
163
7859
767
8151
4620
6856
8284
5495
9802
7517
5561
3919
9953
6332
1409
9508
3996
1642
7310
8831
5785
891
3731
6474
5473
4458
8984
6512
3201
388
6727
5913
183
4133
3435
3440
3375
6264
6786
854
5363
2379
2253
9694
6278
8926
7106
9459
8616
4468
202
7285
724
2058
9595
9560
8940
1502
6085
4842
1011
711
2480
7478
6904
4330
6145
9567
1113
123
5394
9557
818
9446
2339
782
298
5272
9503
2040
8079
5920
8940
3688
6049
1317
4013
7865
2219
1837
8449
4839
1357
3039
8587
5334
9382
7278
5836
1151
8147
1184
2079
8925
8509
4337
3656
5887
8175
9637
7170
7506
399
1002
9374
3857
253
2427
4058
4673
8631
3402
3995
8848
8945
3719
4666
4934
3759
1264
9100
2778
4301
7719
6132
8773
5565
7991
1334
3946
2509
7799
2754
8986
1451
7524
2572
7535
615
5995
6646
4747
9524
7
255
3604
7408
6566
2349
3328
4171
7612
2610
2798
6592
7760
3681
3326
7433
1980
2859
1883
913
6155
166
9425
5211
7114
5334
5422
4667
2722
4856
9877
5638
1392
7569
3219
8492
3009
2612
3335
1201
4903
8437
7284
2230
6664
652
1661
7084
5760
1212
7830
9795
1693
5236
9835
6108
9970
9299
9241
9304
5711
8667
8102
2191
346
2090
4874
921
6199
2657
7605
7023
6455
3591
5601
8009
3301
4696
2203
5808
5432
2526
1503
1993
2474
809
3814
9559
515
128
1512
6656
8914
4351
3147
9515
6785
3309
1695
3342
8082
139
7168
2863
7671
5769
1200
9591
2084
4655
7379
2445
6977
7371
4885
6282
5017
564
5517
6555
9520
85
8657
2067
6818
7815
8211
9663
4072
2201
3713
2811
4325
9671
2774
2453
3961
2125
3153
7980
8167
3371
5851
3652
983
5764
4208
6785
2953
9949
3629
6573
3784
2462
3709
8847
8803
2718
833
3478
9427
5759
9473
5701
8247
8912
5859
1734
9722
2792
9022
3973
2648
8197
2795
5918
482
3989
9321
3555
5502
424
7755
51
8856
9242
7705
7293
7686
5029
9576
3802
5920
360
3131
2207
302
6190
9764
9780
825
457
1021
2880
5335
4428
3094
5797
4496
4098
133
9020
8692
513
8450
4969
6268
3081
4258
3319
2712
4599
7259
400
8922
3752
425
1175
8416
3599
2423
4119
4932
4398
694
6965
1622
8570
5116
2279
4010
1321
9858
3957
7072
146
4031
1599
4931
2094
428
8473
6394
8925
9123
5268
4416
4828
1639
3752
5287
8966
2636
9813
83
5087
9419
2690
6856
5789
3129
1589
1217
6012
5156
5936
5566
1262
7600
4307
7827
7249
1023
5396
2671
6997
6841
9608
3723
1370
7460
6076
1349
6830
9177
3867
6356
7440
4596
4931
6541
929
5087
4805
5866
5674
1145
4102
9037
913
7961
3571
673
7104
1483
6202
5204
2822
6019
3360
1651
2951
7011
6417
7391
3424
7288
9642
2236
5022
1141
2411
2558
6729
2564
5836
2335
5085
4411
4317
9460
5775
9006
8559
7030
6246
8534
3812
4875
3032
8985
8561
5148
1940
293
8442
3651
4670
8385
4515
6131
1729
1345
2726
4466
726
6879
3716
8181
210
50
3235
4336
8253
9539
6077
8125
7420
3824
7332
4883
3498
5382
7038
1296
8287
9434
62
9775
3316
3446
8452
4033
1950
5014
4218
2245
7460
9112
3731
2727
2161
6885
3388
464
9931
1676
1194
5768
6336
9494
7255
5575
8440
6838
2708
9289
8177
7823
3099
8784
1411
8261
5493
908
44
8349
8782
7948
2775
3279
129
9567
2721
768
4642
4050
1078
9799
7548
9696
4219
9264
3534
6459
8011
6983
5862
6395
144
179
4566
4746
2482
6
7042
4035
4119
7984
2332
4478
8831
1575
9875
8112
3710
31
5993
3582
1683
8177
8069
1304
6130
1274
6796
4087
939
1132
7711
7921
5726
6140
338
3308
4451
5085
4953
160
6861
3937
7572
8678
1210
4823
5994
3332
5068
5311
2768
1254
4819
5045
9805
1600
4018
20
925
1499
830
2681
8607
542
5213
6952
8623
8792
8789
414
5340
1587
1535
2262
6120
516
4649
3422
8252
3438
5345
3084
7902
6734
7368
1261
2174
9914
6421
325
8218
9981
8380
9387
8374
4532
8970
766
3078
1516
3785
9339
354
7242
1745
4133
3520
2800
6911
2635
9157
1843
1459
2480
373
9415
1661
5355
5409
4273
1887
1358
6078
9233
6873
5230
9070
5650
8777
1664
267
8282
6917
3113
7231
7136
350
9151
4697
1924
4531
7421
6581
4155
2127
2196
3830
3814
134
6045
1320
1661
2323
5102
2943
2136
2529
9444
1021
9033
9019
2305
658
9886
284
1512
9170
1534
5892
318
7860
7436
424
5427
9333
4604
1170
4965
9618
989
7135
1188
9525
9902
2296
3702
6473
9983
9858
5132
5955
8747
1622
4055
793
2208
5605
9229
6537
5785
5353
6046
4963
1285
7183
7749
2917
6612
2664
4160
4999
1155
6422
3244
1439
2768
5072
8427
5678
8293
278
4175
7714
5629
8918
7498
6395
9173
6596
6189
7490
2829
9583
1418
5670
9163
9761
7351
5558
419
5313
1237
9951
8473
6600
6889
5939
9398
7713
160
5721
2632
3984
6909
2941
4922
4304
216
3482
2829
8911
9065
4442
879
919
2775
2937
3209
1172
6468
5931
8738
7920
2019
9457
1492
3341
3932
8834
114
6279
8830
7494
5020
2744
2135
9606
4421
5791
5802
9291
6768
4759
4678
9435
3719
8350
3772
2199
1420
2820
6127
7574
2497
1424
4823
9164
780
8877
7928
6706
2821
1478
3572
143
9579
6488
5732
7230
5035
5300
1972
8175
6775
9752
1183
5507
2714
7838
2895
6273
549
2508
9681
367
3374
9569
8163
7406
6923
4168
3011
3864
1546
6505
4919
9781
157
2900
5180
4096
1596
1352
1331
9462
8948
5660
2441
2932
7868
3243
5278
6561
811
1944
6104
6994
2576
4794
5551
6010
2705
6589
3684
4159
9761
7497
6153
6521
7470
2066
7253
3238
2273
2263
5780
2892
7241
3348
9829
5364
7476
4265
7676
3757
1762
9844
3530
8346
9329
8450
2801
9990
2208
8813
4243
1795
4411
7025
2568
7486
1423
5509
3241
4572
8781
1698
4267
9131
735
3706
9772
1307
3522
3102
5787
5150
491
3120
3170
5332
2750
1618
6227
4680
6549
9637
1085
3124
7437
2293
5715
714
1213
7789
8501
6489
2416
2715
8186
8841
1625
6952
1601
9408
6878
3361
3885
9176
3762
736
3722
7061
1499
386
2436
2405
1829
6083
5447
2769
5751
8467
2626
4424
1873
494
7949
5375
361
2357
9651
9086
4014
9661
5723
395
4965
2033
7680
926
9722
6030
1335
3806
9103
4678
8119
7860
9337
3601
7734
2611
464
4988
8144
4688
2697
532
1842
8747
4641
9910
3002
8125
7459
1094
6367
5528
4814
4313
2893
8447
2609
9061
7165
4110
4059
6037
4688
7890
6037
3198
1321
9769
1204
1645
5114
4861
4086
7753
3748
5080
9798
703
3857
5462
954
2302
6303
5330
8600
4820
4322
2785
2718
481
9471
2380
5397
3212
5822
6077
7711
3877
2159
7742
374
8592
261
761
9163
2756
2944
6114
7400
7798
5041
3802
6537
6884
4196
1664
4157
5420
9960
6200
541
2730
2410
3306
9406
837
7961
8809
7677
3188
4476
9277
4042
6234
5603
3881
3079
2666
9341
2361
2748
2541
3732
7056
774
3091
1517
1552
7554
2147
5528
8709
1442
7018
6514
6974
7316
970
5463
7514
3903
7346
5735
3019
5153
9032
7335
1985
787
6052
1110
7954
7657
5196
214
6749
2228
6120
7315
6410
7323
3098
1982
5482
2059
7168
7151
8801
4381
3879
147
4621
6099
8371
9800
3546
7036
5097
6829
6514
5651
1229
984
7256
4008
8718
932
1176
2728
5265
4567
6467
248
4417
1361
6877
3614
7432
7301
5898
4873
2141
6950
7460
4798
9033
7859
5771
3494
9243
3800
394
9581
5905
9541
5387
4979
4433
6578
5376
1394
3295
9460
9918
6256
7299
2085
4878
2863
4570
7763
5996
7455
94
8326
8116
2249
829
7345
3701
1053
5400
6711
1320
6923
5353
1532
3202
7537
620
9358
2927
8999
8109
9262
8434
1773
2314
2572
5218
2681
9331
3992
8645
3167
4517
9143
93
8809
1630
4613
179
6276
2063
5057
8223
1310
4033
4922
128
4681
3977
3488
7807
688
4862
979
9661
2492
8127
2189
8562
8439
9715
9301
5437
4911
3661
229
8642
5407
1042
2635
9303
270
2063
120
2942
6057
794
3398
2457
3845
4200
5948
3202
5906
5417
7627
2781
3872
5797
1177
7737
5749
6743
5622
5049
6659
3290
5171
2658
4345
604
2698
3156
4664
1258
8471
2441
4214
6441
5823
6332
5299
9330
8057
6570
4087
9194
2538
2645
4476
1264
6980
2336
495
6228
7314
486
6641
5708
2385
1267
4342
4201
3911
1221
6641
7129
1092
5690
9199
7876
7985
8501
2893
2952
3607
8938
7167
7535
2625
5401
1517
5448
3293
7115
2229
8825
1100
8860
1402
7264
5006
9339
7393
4261
6986
2032
3375
2267
8154
9594
207
1085
2543
9959
6725
3964
9482
8749
4722
2619
58
806
1131
9117
8769
8143
5504
6489
5651
9038
9861
7335
3987
8383
4172
8445
6647
504
2203
9670
6750
9129
6101
5695
8735
8956
6335
825
2947
5249
8604
4281
3112
9333
5965
6717
1412
4591
4644
4324
8772
1105
3560
1762
8217
8703
3681
3047
654
1659
6019
1772
161
5527
1373
9255
9716
4950
2606
3833
6608
5402
4659
4796
3546
4333
9499
3241
3367
1929
5240
6181
859
2556
1080
8226
6027
1112
6206
1110
7052
9964
7382
6685
7826
9659
1385
749
9873
5837
1188
2622
6712
7316
3159
4293
226
5451
6471
6435
7789
7125
5198
4421
8267
2707
3893
7481
4221
8516
8058
3315
680
8742
6531
1097
9435
6325
3947
5208
2170
647
9752
4490
3580
3504
4059
1768
7182
7691
2369
5325
8094
9051
7707
676
8462
7109
6906
8576
7655
5821
1948
5541
3325
742
4716
2301
7846
800
9472
4834
6488
3203
514
7173
5944
781
5986
9464
6522
5200
5918
1357
3344
8606
972
7772
166
9744
7950
8443
6446
6587
9389
4859
2785
7715
9924
9139
7432
7450
3969
1398
9197
3848
8355
63
994
267
3679
1801
7187
9542
2462
6721
7522
911
5701
7675
4200
4241
936
2914
5122
6620
6326
1376
380
1402
9996
5430
1270
1083
6431
4924
5332
1479
1237
8724
7716
7378
3937
4851
742
2227
288
4501
1625
9104
7346
9764
9029
3269
624
9631
6280
3603
1128
1930
9306
4081
2791
5197
8682
7326
4021
6589
6150
7279
9248
6850
74
6567
458
5484
3528
8506
1024
276
4807
2595
8398
2384
892
2273
898
842
3520
3795
2778
9757
7732
9408
1996
1010
4598
5411
3335
1862
9442
1001
9315
117
8164
6640
2211
8701
6401
9902
4193
7393
364
2498
8811
5030
3173
7450
6279
1648
342
3847
926
6031
2591
8714
2797
3568
3191
6544
4326
6787
2715
6942
6611
7228
4458
4121
6843
9134
8081
266
9732
5011
6065
3651
3898
7143
7412
3683
9108
6414
3194
864
5025
572
1244
6494
5308
1383
7684
4176
2207
7431
5143
4543
3062
4624
6630
4235
8578
2474
5836
6447
1520
3422
2874
5227
1910
7351
1446
8072
479
9673
4004
984
8296
5283
5684
5992
776
8751
3213
487
5610
4462
755
89
7304
2234
9612
7114
9943
8815
8467
9679
237
3151
9956
5741
9721
9052
1005
4383
7653
4174
258
3336
8877
5923
1903
4735
2918
7569
5680
9500
3173
2958
9184
7193
2541
7924
5772
8760
806
5984
6948
3768
6553
8667
7976
870
9884
4684
3568
7772
8358
966
9408
3713
8791
9477
1714
9721
8423
5819
4987
6545
5340
8293
4270
9102
481
7154
9370
2030
7811
603
236
317
403
302
7751
6501
1305
8796
9521
2774
4989
8744
1046
3874
5172
3810
4300
1651
8012
4050
5871
3652
9118
8978
741
1594
1002
9088
5693
4669
2322
8116
5252
5102
3880
1424
9335
6421
1978
9721
8039
2696
4888
5335
7549
7188
8601
143
2140
7502
3565
8071
3345
8160
8870
2935
1661
6341
8176
4171
6668
1179
6160
4988
8431
4871
7481
9134
1161
7267
1668
5517
5548
7981
6742
7674
5183
4661
382
1387
5000
1776
2065
6081
8368
4383
4824
5723
1640
2752
7967
8377
4268
4527
7582
273
8546
1297
1571
5485
6635
776
406
4957
7568
7823
3096
1774
1971
4246
7226
2602
2255
9306
1646
6675
805
1995
7241
2429
5493
955
4163
9523
5296
2058
974
2304
625
1688
1203
1261
1973
5602
2501
6878
4082
6880
7490
9938
442
933
2743
6426
8788
8892
6489
2838
5509
1078
8326
8441
7992
9065
4716
5694
8646
2335
8560
7942
8361
9915
2625
7827
63
9018
9390
3027
7519
3372
7594
4394
1535
2559
8547
4274
1760
9461
8552
9968
9820
2644
5280
5981
1799
3343
6672
2593
9648
5784
3983
4709
3818
312
1517
8256
9271
923
214
8394
909
6189
3087
2440
8979
1341
25
221
1276
3196
6094
6208
6197
5875
655
658
8740
9999
5268
5539
9976
5401
4037
4986
3439
2752
988
517
7393
6303
8507
2761
9138
3830
697
8830
8969
2364
3719
8506
861
1836
100
1257
6402
4113
4468
1918
3670
1830
6637
2398
9714
1251
1104
6655
649
4374
9160
7415
8071
3528
3170
8811
4257
2049
8412
6195
2372
2821
6385
4682
7273
1625
9747
6508
8460
7756
6794
6973
6308
7362
302
5142
8384
3770
9991
7435
4396
226
7386
4845
2647
1680
7803
3078
3220
5178
2650
983
5553
1237
7181
800
1342
6815
8103
52
102
4137
7933
4865
8248
2965
6796
5466
4764
1742
432
3548
8401
1896
7831
8864
3770
7495
4982
2037
5526
1080
1874
7069
3126
6636
3305
9249
160
5765
1117
6042
1821
3298
41
3284
3500
5267
1233
9886
3450
1920
2172
6799
9363
7663
4955
3373
3604
5792
2493
7735
8261
3453
7362
4775
9679
3118
4076
8668
8479
1273
3481
4105
6760
8683
6465
749
2295
4317
2192
1692
8604
6658
2251
3016
9713
5244
7189
8972
4799
7068
9108
6104
5703
4806
3059
9593
2741
2669
5815
6181
2563
3008
1195
5959
2453
5849
4737
8419
7431
6468
5280
9953
1121
7941
5109
2383
9694
3142
5348
4684
8397
5617
9290
2797
674
6723
4157
6489
4896
6
5021
7403
2579
718
19
7312
7959
3024
6732
3549
3497
4135
4663
5779
3441
4829
8527
7358
9273
5893
3532
2595
677
5183
5076
4183
1313
4315
6737
9630
8524
6063
7655
1739
5196
7712
2100
1810
7182
5292
8202
1102
4441
8437
1254
841
1330
6017
2532
881
7671
5534
3557
9251
4267
4478
3978
7779
5954
7518
6979
4846
7706
8456
5616
8570
1914
7353
3360
1604
5274
2836
423
7970
3309
2750
1509
4727
2604
7523
5567
1391
8415
2620
1407
6205
1872
5174
537
8917
9166
4074
7607
3497
6059
5059
6145
2191
3740
8175
8646
6796
9110
2019
468
3569
7200
4279
1109
6246
5019
6590
9586
8068
813
3718
4282
9296
3909
8258
9899
8894
4012
7972
3289
8057
6157
9227
6419
2306
2600
700
1580
569
9111
2872
5173
1610
1522
7411
7567
2207
2451
3685
6816
1573
2292
4017
9268
4816
7466
9264
4226
231
7613
8775
6457
8009
6332
2899
9278
3471
1546
9931
4506
3835
951
575
2459
1239
1132
8626
1275
5459
6950
658
8162
6812
5776
6987
8851
2219
3098
1879
9821
9166
1116
904
6791
2202
3788
1738
9904
3376
4867
129
3446
4949
2740
841
4790
5265
4883
3658
6936
2725
8265
7116
5025
8104
7977
8115
211
9827
8155
3800
6725
2266
4938
703
7218
8832
9708
650
1559
2981
8759
8609
6331
4039
672
6146
898
4955
212
9536
4180
3829
2039
4426
4881
1531
4327
531
4868
9200
6930
6665
1455
1276
393
2597
7214
9150
5515
763
913
8592
9583
1796
7792
9276
5193
7538
8556
2866
9413
2868
181
6729
9382
8288
616
7976
4441
2985
1422
8477
5632
7311
3884
9554
6258
5715
1265
5821
3600
3125
1782
9417
4652
1104
5838
7269
9787
7917
695
4117
971
1807
1621
6809
1831
9434
4136
6220
7446
2990
7777
9898
2468
7860
6665
9471
9967
1791
1696
9833
7967
6765
5562
6543
6300
6406
7154
8093
4324
7059
3421
5432
6873
7481
8217
4477
5188
72
529
8798
8225
9182
516
7154
9756
5750
5234
9642
7340
8747
8422
1030
6021
104
5926
4489
4901
532
1415
1677
8037
4091
9398
3762
6589
7264
766
7770
2413
5527
928
1638
102
6325
223
8722
923
6539
1168
773
7317
2995
1321
215
6292
5395
6634
4964
9465
2524
2192
496
4769
9865
6530
8944
6885
3813
1504
1727
3677
7026
4661
1229
1074
4746
8008
7276
4622
4832
867
4571
9885
3162
8388
2365
4358
4971
750
8048
8355
5151
7193
4872
8647
4295
9774
3729
6611
6988
5348
685
4217
3154
7353
883
7741
6795
9529
5219
1051
302
5761
7585
6288
5263
5530
5849
954
1671
5098
2393
6123
6653
2268
7275
7218
7179
6594
7170
4539
3635
1010
6988
7360
10
5710
4234
8384
8446
6922
9456
1724
4855
6171
442
4804
7947
5462
9026
3688
9529
5325
9289
8646
1770
2558
213
1218
4490
3355
2649
9487
7010
3472
2879
9866
5786
9996
5072
4041
4237
6167
9743
2039
2712
1889
6287
3139
5926
7944
2813
8955
5682
4543
6746
5585
1101
6536
8237
4290
2787
9143
4695
8894
5271
3026
8394
7308
9562
9828
7765
2921
4275
7675
2825
6646
8538
8410
4584
1659
7299
374
5993
2800
6497
2494
3137
1924
3712
551
80
3386
7990
9622
3329
9132
2074
3203
6170
1265
1611
5067
5164
4087
1010
164
2543
8989
7470
7909
1356
4613
1344
7536
3285
3965
1095
5075
6975
762
5220
1308
6203
5324
3225
9353
2225
4819
9045
2225
8538
4987
5263
5822
2328
849
6841
7584
2565
8565
1835
3377
5902
9366
8068
9645
8067
5273
8311
8714
4400
7522
4026
2009
2728
3803
1706
9776
903
9462
2169
787
7744
7924
645
646
9602
9460
1149
9740
6477
5609
4128
9216
2885
2517
4590
3859
2789
1537
3164
7509
3110
6734
9643
2104
2330
3275
955
4945
7682
5580
6599
9558
7017
5041
8224
5135
4565
4469
8006
5981
9101
8157
8669
2309
1082
4905
9215
9018
359
9173
437
2293
6618
7477
3920
5040
9290
4775
9132
9760
1860
3997
2857
3753
7597
9840
588
1651
9525
3539
4062
6875
3599
8975
4303
884
9661
9077
8623
2426
6097
2913
5815
3062
4852
8497
1763
7082
7149
5389
2907
9775
9499
1100
8360
698
1972
4269
4034
7491
8638
7417
3279
3570
2528
9045
8900
6647
3365
5823
2147
1637
5523
9350
5536
7221
6256
1558
8879
358
3120
4223
6199
8365
8476
7711
8245
728
5693
9771
1020
7579
8943
6891
7629
752
6931
8864
6230
476
7726
1604
992
6389
4625
3103
3707
4080
2755
8416
8097
74
2423
2147
5338
8801
4966
3165
4987
5452
822
7937
4447
7723
1022
5441
4656
779
6193
923
76
7602
1464
2238
5638
7115
1096
970
4215
8590
256
5904
6087
7911
8241
778
5108
5660
5572
8601
1095
4318
898
7732
295
9311
6641
4802
1840
8280
8515
5027
4446
315
2588
9747
3319
3060
7716
5310
6090
4573
9387
5848
3291
4310
9826
805
2194
7727
8683
3519
1170
8224
1160
6121
4975
8993
3083
1854
1066
7360
7926
8136
5625
3098
6404
6299
551
3788
2629
7626
1307
1375
5012
7332
7777
8003
6831
2325
856
2690
6164
3282
3887
5396
358
6801
3783
116
6271
5017
6573
2566
2187
4521
1227
7867
4076
1442
6254
9128
2632
9733
1145
5350
7452
9151
8517
3104
4619
6060
6177
8807
3120
5968
5351
1509
1137
4267
2354
1847
3394
3978
1502
326
1722
9799
3415
9010
1771
4609
9276
2450
9797
5167
6335
5945
4935
7497
3691
6055
2035
3014
7357
1025
1965
1688
2876
4111
9171
5066
7324
8469
7634
2823
44
9371
4059
2680
3590
7497
5897
1557
2463
4414
8661
3327
8925
2622
9777
8599
5190
2799
292
4942
6904
7561
3247
42
7585
8263
1774
6302
2226
9644
7351
6628
7198
9256
3690
6962
3544
5306
1686
7697
5798
3267
7081
5606
6711
7669
704
8866
1254
9623
3959
5989
426
3754
4847
6330
9980
7543
4445
2411
1799
1361
564
1562
4470
3446
8996
8872
4942
1848
595
5569
4336
8528
1370
8538
5345
5919
8716
2202
7959
6296
738
2339
8555
4803
4402
1146
7931
3438
4897
4236
8501
9166
8009
4700
1378
2884
6118
4781
3310
1947
8181
6044
8133
7315
3651
714
5253
7908
5268
3395
8599
7911
1192
1738
592
222
7690
3187
9340
655
1868
5820
987
8305
9404
5874
7084
7783
3838
8452
3100
3468
7522
4681
4857
2076
3292
9981
2734
9456
4867
2958
1308
2583
7561
737
2573
74
6724
5963
3016
3249
1932
4148
1251
9264
5334
6761
1102
8562
7884
8634
5779
654
6117
3473
7121
4641
8403
6430
8751
4586
3778
5314
2059
1721
1516
9334
1927
7454
3691
5451
5109
892
3024
9577
1210
754
5899
5978
1368
5807
6005
1735
4750
5866
6724
2294
8805
7175
1158
4558
7513
8658
9849
7692
6638
6684
2521
8554
4496
324
5945
3395
2221
7623
9851
4150
5225
8354
7307
6608
6114
3191
6719
8912
7865
9622
455
1215
348
9103
8705
2126
9972
8551
1507
8283
680
2206
5232
6785
5930
2223
5203
3221
4762
6223
8546
2042
636
3777
1316
9139
8916
556
1091
6967
1892
205
684
1560
7316
2389
1502
2306
5645
6646
9060
9473
1925
8725
8018
3267
5423
7744
1131
2323
6238
6524
5343
6877
1105
1668
7522
8504
7925
7538
9246
6775
8063
6863
483
8177
9685
1732
8566
1689
8230
9225
322
7212
1150
1151
8028
3306
7089
7716
6381
1613
8705
8198
4204
9054
3760
7728
2189
8174
8678
1612
6058
4427
7390
8911
8145
187
4304
5173
1426
9972
7720
270
7523
1371
2339
8060
5950
1358
6182
7641
1907
7968
3310
8926
8908
9925
3753
1368
526
3069
7017
3699
6666
9024
4012
8692
182
2550
6894
3023
4055
2358
6159
5256
9174
2636
2874
5900
2968
2591
2314
7894
2768
3992
8199
2433
4616
5766
3719
8689
6022
168
9588
7816
6359
3923
5917
4879
2377
8618
7459
6651
7010
1406
1488
5604
6280
465
7653
2109
2811
5524
7808
7996
811
9455
6436
2733
9063
7849
5689
2089
7240
1012
7454
3632
6465
145
9163
5030
460
7156
6241
4844
9907
9958
5305
7851
4530
745
8624
1387
1836
1648
6417
8381
4574
1201
6243
5095
7422
6650
8035
8205
8682
5289
3581
8337
4968
6150
7368
6662
5561
9562
708
7439
4105
1223
7447
6823
9752
4540
8493
5411
4753
2889
260
8045
6411
3193
3935
3260
1985
8744
2252
4834
6266
6478
9528
7245
1885
284
9941
307
1366
47
8352
3847
9623
9464
4963
8068
3866
3725
3515
247
337
5596
3465
3152
47
9527
4879
5299
2398
8868
2594
3911
6646
5228
154
6538
2617
4344
4402
9158
577
1887
86
1306
2169
8675
3372
8322
5580
6836
1950
9447
1881
7987
5864
2657
3399
4311
5987
7981
5197
423
5941
5991
2243
7444
3402
4006
8975
821
558
1048
5486
509
7591
2520
3925
7440
9898
9449
3012
241
7613
5800
3375
6662
1552
1662
223
4698
2304
5230
8305
7240
3552
1149
162
5718
4392
4177
7421
9855
1386
4723
6346
6183
9807
1810
9175
9185
3366
8573
373
9492
7624
9127
5155
7899
9283
9001
1713
4501
338
994
155
1370
8954
6168
6884
6240
4801
3718
8882
4534
4205
9909
9233
4803
4184
3462
4822
5980
9986
7112
2589
4924
6533
7576
7211
183
8133
353
7342
3428
2268
1450
4940
5542
6581
2407
3318
4739
5031
1547
5555
5141
5507
6364
971
95
6933
3448
4075
2147
1118
4138
4296
9338
3592
8824
6121
627
6031
4544
9906
5682
3906
3812
5672
9530
592
7772
996
6089
2543
4547
6217
3072
6099
5091
5731
2223
9758
6015
4162
6956
2259
1514
9556
1277
4144
4176
8616
3544
5800
9757
6797
7768
3239
4175
9617
6160
2364
6858
5254
4493
6840
3014
7884
8218
6886
1380
5882
8746
6337
8937
94
5378
6468
68
1725
9945
8822
9148
8863
6440
5850
804
4331
5725
4425
5096
6662
3546
871
581
8680
7011
4984
5743
9135
3700
2232
4787
5695
7968
1186
6730
960
7481
5111
5663
8386
4702
1170
2544
7792
3300
3295
6509
49
6614
2845
897
2592
2976
8830
8543
972
2791
7591
3236
5871
182
6978
2374
1059
173
9170
9060
5156
7069
8241
1071
102
4809
3445
9460
3869
6782
6403
6450
9533
5832
811
3138
586
1957
732
4880
436
2655
1070
4011
5690
7285
2670
8459
1606
1688
5274
570
6353
5266
5947
2019
3725
3600
9562
2095
1823
5653
8853
1083
4529
5914
9640
4148
8569
4738
3429
1427
3237
5986
5725
4382
8646
8634
3175
833
1789
6007
3315
8484
6022
6472
9369
8975
232
4858
8004
7939
7943
1883
1658
3887
33
9227
1501
2301
7396
7427
7815
9334
7763
9115
5134
7375
3240
2324
1833
388
5488
6285
5797
865
1446
5044
4310
3451
5995
3299
9029
4979
2819
9228
6067
6013
3346
3601
878
8345
6557
2195
5471
7236
5111
1553
5180
2719
5251
1425
1469
9138
9282
9366
4120
1087
1995
4974
5087
8813
9355
2061
9580
5821
8660
1015
9059
7683
5075
8595
6841
1084
6802
2294
4509
5769
8592
6546
7536
7810
2652
4711
3277
2297
3500
1309
4633
4740
7940
7041
2570
6249
7004
7584
2282
9735
4705
246
9362
4415
7931
598
4053
972
5444
4284
4903
8932
5352
4068
5843
3758
1125
4817
3960
1967
161
1632
8685
1183
8954
759
725
7221
1057
3694
5621
4192
5849
5125
6118
2960
9630
8825
9115
8228
6541
6887
3805
721
834
3296
2466
3269
1849
3074
5274
4760
1730
2166
6352
1248
3198
317
4724
6927
9574
7712
1121
8061
6227
4079
7885
1641
3472
3127
7428
3149
652
9414
34
9006
6869
5137
7379
240
7890
4718
6387
4655
6847
5989
8040
1357
1892
549
5985
323
4479
9603
5580
7370
1425
4251
4068
7463
8115
3447
8376
1233
6179
3539
5400
7280
5239
8615
1408
572
2777
2411
7458
3831
8628
4197
9206
41
5751
8495
4335
2368
8308
7527
1232
5440
9727
2782
474
2886
2851
5718
385
6039
8877
8699
5294
2803
8573
3901
4221
7189
7950
4463
5983
3958
6851
7978
8866
5777
8684
5063
1097
4700
9894
328
4407
802
8725
985
1881
2434
7314
6050
6958
9963
5922
1874
9642
4637
6607
4984
4513
3880
1711
9259
3476
4752
4272
6114
2976
1454
2882
1310
4385
2371
3925
9449
6981
7678
851
940
3738
6558
5500
1841
1286
2834
6173
8331
4926
8539
2884
1585
723
2189
6504
5577
6023
4163
9034
7979
4499
2926
7826
7568
8335
2515
8556
9561
8208
8867
6325
4955
263
7691
6771
6335
9112
6234
2291
3439
5052
1395
4801
1804
351
1213
9607
6174
5717
4325
2369
7654
8169
5831
4333
1881
5392
4328
8727
3924
2121
5077
9514
3760
6890
2884
7150
1972
3110
7333
1859
2708
339
2756
7002
7629
8157
6822
5871
7945
8044
618
6202
3108
6842
7536
3616
8301
1999
9773
8942
7988
9096
6365
1241
4075
6844
4571
3433
5532
7840
4606
8646
2805
6172
99
6147
884
8742
7714
2637
1742
1074
4692
7127
5414
6701
1307
9028
4277
8705
8503
31
7636
8828
5980
5238
4577
9637
660
8345
2625
8182
2954
2126
6141
3934
8842
952
4785
2578
4543
3059
3051
6221
7618
8507
8744
8657
6372
4604
7466
9462
723
9946
7027
9890
3602
2257
6269
1516
7747
4452
7351
8079
9066
1649
5244
4408
460
6326
6419
1969
286
6811
6551
8122
6968
9692
857
8337
3976
1866
6793
7042
2802
6367
6645
3559
487
4945
502
5126
7573
569
693
5731
4329
261
2299
4823
901
2724
3714
104
1421
9586
3376
9716
7197
2117
4808
4408
1744
5220
3501
6834
9893
58
8616
364
917
2842
4374
8615
5410
4655
6949
8218
8345
8959
528
1084
9045
9862
8922
7160
7273
5921
3537
2297
8980
6810
9018
112
7712
4036
2006
271
6106
2107
7688
1605
3348
2892
1605
5510
2043
8068
8436
5234
1026
3773
3791
9702
5208
2705
2345
2375
9511
7313
4084
7003
8980
4821
1908
7100
4842
5095
6279
2699
1230
9121
375
7699
389
4119
5676
7566
8418
5311
5380
9343
6226
5340
433
7867
6454
1358
9205
3881
9559
4449
9777
1926
3434
3361
6400
3065
2317
9115
7792
737
5077
8692
7870
120
4258
3202
9546
1189
4130
364
2763
2751
21
4744
7572
1526
6795
684
2230
4516
9798
3979
7087
8414
2161
2246
7783
4823
8551
4597
5598
1537
8478
7720
2930
9218
1348
3380
8281
4984
2411
7444
8043
8326
1271
5442
2525
7208
7185
8713
9409
5521
3668
7397
2763
9437
7840
8719
4618
3104
5927
1082
5002
4788
7457
545
4940
9133
9103
6278
39
656
333
2397
2335
1999
150
4330
8399
8785
2812
1436
4609
8523
8388
4261
151
9968
3006
954
6651
1590
2925
8884
3994
6493
8851
6230
7671
9179
2245
6011
1952
5597
4666
1558
3745
2444
5454
4797
2154
9545
8065
5488
9714
6704
6132
2841
4387
4109
3307
4164
3113
8860
973
2806
1644
8966
5368
47
7896
896
9878
4655
3947
8518
7347
2163
6612
9259
2450
2821
6752
578
1434
5517
700
7683
8011
30
7966
2012
3492
9277
3080
9742
4135
6259
9604
3479
2017
8904
3841
7224
2764
4017
1964
2338
7553
3234
9118
4691
6635
8593
3260
5168
2674
910
3955
5723
7116
8078
2745
4415
2230
3530
2317
1328
9809
9947
4225
729
1201
9940
2498
1604
6272
245
4672
297
6120
3460
1013
1066
3904
9800
9678
9337
9094
8081
1672
6450
3908
7811
7291
481
6814
1692
3760
747
7866
8098
2731
5636
6981
9266
5211
6374
8800
4662
535
1879
7025
6369
4007
6103
1066
4861
4454
3881
2249
4590
2271
4438
3939
7418
5159
5641
314
779
4923
2671
4304
4757
9402
327
8401
144
1419
2022
9846
583
3972
7269
6050
1009
90
6007
2554
54
296
5809
8392
8320
4516
5693
9348
2543
7123
2086
4202
5077
259
281
4704
9541
5219
5110
6184
533
3585
2740
5718
8493
7865
4901
8087
9012
1396
6557
786
8733
1316
6899
5201
1027
923
1766
933
4505
9384
1610
8841
6112
1229
4236
7761
9432
3386
7661
244
6064
3825
3600
8911
1770
736
3696
1236
8871
5483
5876
4686
4756
3502
4576
1624
127
39
2249
7990
58
8241
88
735
7963
5703
7075
3810
7654
7635
8769
43
7921
204
40
5170
7494
9047
8943
5576
8671
5164
7807
6856
1711
3161
1274
849
4485
228
1907
869
585
2227
9629
4627
2308
292
3939
1101
7969
2417
4262
1463
6073
3192
7971
4972
4352
7398
478
3852
4761
893
7933
5258
1547
577
497
2567
6377
9300
1483
8192
1515
7002
3504
9295
5316
8386
1262
8857
6864
3900
4654
6111
5860
1536
5445
5060
6783
1831
3969
1159
9234
9028
5963
1351
3172
2020
1757
1248
7452
5000
2272
2260
6418
4481
2069
5304
5544
1113
1881
9598
4533
1772
1733
1062
9649
7230
96
1728
7104
8309
1602
3800
2590
1835
1130
3227
1489
9404
7219
442
4199
6158
7669
6228
5641
859
6943
1627
3279
7246
5425
1292
7810
2988
9825
5235
3545
7591
8743
9299
7185
8203
6100
9133
9599
8987
4326
9852
1629
110
2441
110
955
8117
1276
2952
9166
5262
5727
8112
5205
9902
6891
3054
7093
8124
6413
3644
7861
9957
8595
9053
901
4251
7326
4543
9369
6278
7257
6975
449
9523
2966
9382
2744
4167
5685
2387
4596
9621
8294
6541
7128
7493
3931
5337
2785
7546
6158
4514
8498
9998
1707
94
625
1215
8993
9550
848
0
2313
2969
9850
4455
6222
3629
9828
5001
2534
4148
8496
3635
266
860
9586
3108
6171
4282
1017
3686
2509
5189
4298
4554
9965
3777
4744
3494
4349
5455
7736
1261
9020
9523
8243
4613
7616
7948
9882
558
3829
7195
2043
1926
236
1077
9517
3397
913
562
7596
6905
2100
3978
7745
7908
8215
7138
8487
6093
8379
4617
4872
7170
9517
4616
4173
9802
1232
9061
3029
7845
4805
9377
4801
7987
3312
6866
1018
8215
3189
8658
5861
7949
3490
792
527
5166
9327
4507
5774
4750
6336
7780
286
417
4602
5459
4687
5213
3713
3821
9812
7272
3470
8533
7274
6249
7461
7683
8038
545
1963
8334
6368
3589
4985
1187
7804
9943
4423
6145
9543
1421
2576
1533
6255
273
2749
4707
7352
8690
4617
3782
1734
3407
9401
4706
2410
9730
7465
4641
9886
700
9700
8941
1356
1482
6123
6283
7637
5276
6563
9782
4886
3787
5748
8266
9974
4487
3212
8449
972
4174
8430
2711
6938
5057
2915
1444
2546
6269
7272
152
6022
1683
7062
8863
7280
5592
8300
5982
6381
3950
8386
3349
1870
7697
436
6903
1669
8054
2395
4022
4775
9303
9070
4243
532
9337
468
5950
2901
8339
6643
8050
8224
7047
1429
2260
1858
8297
4440
1744
7533
6327
1028
6768
9406
2315
8511
4943
3750
1027
2084
228
7259
8486
5039
1584
1216
8278
1909
5819
2639
8046
4876
8970
4991
1365
7443
3267
8344
4679
2278
4142
6855
6507
3553
6357
5889
3083
4374
2646
6067
1812
5145
7017
3497
6480
4526
1486
1183
6173
6200
4331
616
6575
805
4834
5421
8327
5183
6429
391
9398
9575
1401
2670
291
3088
8679
4385
6657
1443
8013
9219
4621
4663
3498
256
4100
3516
9395
7630
7173
9306
6123
369
1337
9269
3971
4739
6429
7813
3754
2039
1709
700
5691
9926
7261
5301
1466
4774
9260
1305
3135
373
8059
1352
7383
3263
5214
7166
1288
5829
9052
9633
6276
5898
728
8910
313
8958
6525
8718
2866
1404
4654
9516
5224
51
9590
2908
518
9317
8954
5508
7030
7681
565
3671
8899
9796
4557
125
3595
3301
3214
3015
7016
7769
3880
2284
8709
6912
7130
6724
6730
7776
6297
8295
7189
7565
4377
9268
6333
316
7542
1798
37
1373
9007
6525
3719
4708
8848
3128
2544
8293
9832
9661
9628
542
557
7228
9028
6178
8835
3717
2152
939
7731
9683
1932
1207
8693
1990
3328
8961
3805
7238
6798
4017
4110
5083
8844
9985
2536
463
8030
3347
6598
753
3788
9499
1438
3657
3525
2930
6587
7103
6502
102
7308
6435
7396
4875
3691
4344
5471
4443
3266
1866
2435
9342
4220
4711
9176
3057
8819
1860
5639
9550
2118
8626
3859
8198
7288
5979
7026
9748
4128
5526
6687
4285
7829
6577
6971
6329
8524
1834
9970
519
7910
5086
4590
4052
6670
9159
2276
5259
5485
4006
3618
9913
232
6531
6043
3766
5612
8034
578
8483
3084
4815
2113
8688
6501
9647
8220
9368
9509
1552
3018
5973
1996
3446
9832
5588
5971
711
5710
3553
7507
2116
231
8868
2481
1554
4021
5610
75
9693
1606
3062
1147
6699
3770
5306
8191
2341
3097
6575
141
5508
9166
1293
9475
9195
9540
3443
248
3051
2536
3598
8363
5227
6922
4301
4574
2276
5803
8244
100
2435
3582
4904
7653
4730
6725
6226
1290
6203
386
826
2945
3960
8508
6225
164
3439
3028
5518
131
1564
9071
5372
3041
4662
9171
9737
2664
1780
6472
1180
396
5951
1307
5719
4914
246
7566
7069
2555
5913
8887
2249
570
7386
4497
1032
4005
1705
498
31
7563
9337
4670
7709
5234
4646
4992
1087
2422
5856
8803
9419
1797
1255
2577
6110
3459
8089
5597
7830
2551
8675
9137
9339
8073
5955
5655
583
2604
8374
6195
9210
1717
2765
6411
1960
9983
2675
2128
6904
1456
7496
8650
1038
4890
9390
4472
2254
9059
2679
6494
4589
5628
3478
7991
3108
6596
8768
3798
5795
9522
9879
5807
3971
9453
7334
350
7353
7753
6636
4743
8753
2422
2817
9199
2001
9391
1761
6036
8025
9106
2997
6222
9291
5264
1236
2050
8183
4027
3999
5164
3726
8773
4230
1554
9934
3657
8172
2147
4233
3666
8374
7229
2517
3463
3315
123
8690
4599
7208
8651
6960
8487
7883
5919
8125
6591
4730
5865
4848
4137
9269
9687
6706
4172
9139
7249
9055
9837
6200
6279
7082
2467
2390
6233
8634
1723
4050
5484
3967
5129
1468
7530
5876
3461
3975
5524
4571
7189
742
8058
7231
8688
95
7859
8031
9398
2719
5478
5419
5656
9781
2534
6950
9284
4885
2763
4002
1662
3567
1951
3492
6384
237
5056
3464
152
3884
1809
2327
1491
8739
7787
3432
4407
5952
8035
2235
7613
5440
6108
8131
7338
7720
2840
1501
945
8968
3644
6242
4078
6402
2985
8170
8913
7137
4987
3416
2547
3093
5113
1749
9711
7693
6562
6878
6984
6379
6883
9218
9522
3898
3657
3575
1836
7780
783
291
5312
2754
375
6722
9675
7837
3124
4485
5170
2168
2674
5379
7403
6520
6869
7393
1453
7856
8577
2299
5617
8190
9701
9884
5224
4131
9576
8137
492
6697
7282
9053
5843
3043
7140
8132
6585
1782
8115
5480
4880
2582
9790
6647
697
863
2973
9888
770
1119
9118
5805
5049
4194
236
7134
4140
4152
2423
1348
2756
5973
1730
8906
5965
3111
4665
165
2337
2069
2054
1043
8401
3299
1885
3742
9254
1342
6464
5231
9190
3930
6742
8829
8170
846
6941
3625
7771
2403
1563
1735
7038
7324
2132
9882
2870
9031
6456
9290
8453
7557
7809
3964
3793
4839
4664
6675
5410
8795
6558
5652
1404
3570
5967
8183
6733
5971
1171
4159
819
9764
1373
8670
8138
3493
3700
1592
7616
7624
3205
2829
6186
6484
3444
7987
8032
7527
238
2915
6590
995
998
3794
2639
437
4351
2078
2271
1846
257
2462
6864
8156
3598
4036
8208
9911
9523
551
9532
7859
2341
4760
5310
1228
6379
669
597
9071
826
9170
9587
7358
4520
7249
4038
9175
7197
5697
728
8673
3188
6884
6602
9425
318
7804
5292
3639
7042
3904
3363
1411
4372
1562
3246
3629
621
447
8699
2897
9012
1430
7662
3072
2826
9098
6259
8971
7177
1627
3265
7277
1178
6853
7726
9801
4058
6598
9497
2772
4084
477
1518
5321
8581
1524
1437
2113
356
2117
6863
4065
9138
6217
9526
5802
5129
927
2646
5300
4816
5035
4004
4800
9323
5776
2975
8598
4988
9942
4729
3479
1857
6214
9000
4276
6699
7548
7613
8392
9139
8512
9990
7492
4991
1781
5299
3693
961
4207
8752
1834
6565
8644
2063
8595
8800
7692
3478
2444
4897
6742
8998
7337
2539
7442
9100
9491
591
9148
8814
2015
9403
2043
2766
6008
8658
6912
1492
1173
5287
8380
7222
295
643
7644
8939
4372
8585
5073
5735
45
4367
4428
441
907
7426
7597
5005
3044
7683
4787
5683
4673
4488
6253
37
2759
1496
7929
3138
9185
1971
6161
1412
8537
935
3033
7504
2491
8862
6636
3612
9504
4455
5221
8178
560
9943
4941
5695
9481
4719
4482
4469
5408
7517
3948
4890
6930
4410
3029
5293
6703
7390
6511
2950
3334
7833
1828
8226
5938
2172
5267
1986
6583
4488
140
5554
3166
1871
1027
7049
959
5513
9745
2079
4016
8705
2690
2359
1279
8421
8697
6545
116
4918
3526
512
8305
5393
8532
7503
4559
9026
5021
2137
5497
1365
9300
5202
2443
5498
3683
3097
1513
6632
5728
9964
3604
7219
3729
7907
1906
205
195
5974
9524
3823
7504
7848
3668
5579
1007
5105
8310
2124
8814
5974
2117
1861
1018
7886
1132
4336
5429
4377
4914
258
8447
2994
3709
4714
4958
2571
1671
2247
3194
4385
1558
205
1079
3247
5160
850
8608
2170
8955
4654
5215
9268
2667
5783
4479
5903
7185
1834
4772
919
4365
3980
8748
2090
6905
443
8271
5817
825
7663
4042
7002
6343
3050
6895
4667
5866
1493
1506
5588
118
7001
9632
2291
3604
9860
9524
9974
7138
4625
4931
2549
1673
2436
4700
6780
868
2276
8368
5248
8217
1682
2784
8017
2086
2867
6709
5580
4847
8205
3274
2171
5124
8304
593
9651
7811
5275
4577
9695
4707
6710
9344
1781
1182
7319
2710
3758
2412
8409
945
4374
7176
2389
947
8784
3127
2773
8165
2039
9005
3614
4236
3530
2644
8637
9318
1868
7622
7940
308
4813
5071
9953
8384
1815
886
2112
3303
3313
2117
9352
8186
9576
3619
9721
3316
269
6136
549
4157
6504
1712
8984
2436
5331
7650
7891
5217
6803
9843
4717
5908
7342
8090
4759
1567
1539
1154
3417
2716
7447
5895
6403
7451
8694
8447
4483
7605
3726
2933
9033
6007
3115
9286
4050
7175
5873
8854
8986
9318
5912
6844
5690
664
5302
3892
7765
6048
6518
6697
1015
2473
2222
3993
3020
3008
2458
9707
139
8567
3761
2032
9101
7226
1531
4087
298
4725
4143
2879
3712
8095
181
8836
722
4674
8665
6414
8427
4721
6382
2449
5182
6271
8853
9461
1407
5082
8309
6955
3160
7983
1998
4259
6219
3920
1210
2261
7655
3690
345
457
5827
4715
8975
6210
243
6578
7898
3219
2015
1260
4193
6706
3804
2989
5322
7457
1107
3811
6557
7322
3989
7497
6911
5376
5604
9477
7687
6496
3083
1843
3332
990
3345
1595
1692
4021
3605
8913
5588
6003
8967
4474
5237
3061
357
9391
8555
3978
966
4064
3587
798
5156
1687
31
5422
5430
7666
2483
8023
5473
9904
4780
9674
4275
5404
4833
1135
6405
4498
352
4723
1644
4256
2414
8507
8835
459
81
5152
6764
9063
2373
3433
8822
8907
6822
2289
5419
3867
7484
899
1839
4357
5724
2953
555
8100
2328
9667
5048
1842
9775
8754
6581
7427
3924
9788
8364
6748
2086
8460
4232
2455
1638
6344
3061
48
4359
5652
9917
6684
9910
1884
3644
1676
8932
3398
2291
2099
9341
3398
7857
4741
3364
1768
2548
6257
2905
801
4141
3527
1961
6556
8017
5096
3724
294
8719
2273
1914
3163
5942
9325
4774
8001
867
3482
2403
9878
8418
220
6910
6978
5501
7311
5665
1246
1225
1626
4679
8970
8936
6669
4546
6718
8334
5425
3245
9401
661
6107
3839
8573
3401
8596
6968
5774
2289
5893
5389
8786
2909
4273
9470
3911
9903
8356
5197
315
2960
9784
7822
7813
1918
9798
1045
5602
9537
2620
5874
5529
6129
2615
1601
1775
744
6631
2263
128
1841
6786
9341
647
1605
7562
3412
9830
4650
6922
4073
7623
6846
6117
2971
1556
9129
2332
6587
1585
2582
7115
7934
2929
9762
617
3012
7124
8848
7605
3660
4216
6145
9644
7853
7309
6854
3301
8881
185
8190
9287
5754
8592
7195
968
1512
2464
4391
570
5573
4379
8901
4151
9490
671
2015
6961
7830
3190
1932
8121
8745
6862
1614
6638
7855
1635
7661
1732
897
2704
7268
9224
2900
9964
9763
2489
1125
4864
6321
3467
3781
2999
6195
1500
8685
6665
1499
385
3620
3432
9808
3840
4400
4992
278
4102
1775
6543
6471
8645
9115
5974
6173
1910
2887
8912
8186
4551
3823
8181
5742
8639
2607
4795
220
2804
3958
3390
5572
4600
4138
2406
5165
3316
6946
6684
5200
2664
415
82
8708
6171
8243
6260
5226
9210
8968
1436
7702
6791
5776
7708
9673
5308
770
378
373
9268
7454
5687
8118
1815
4434
3182
7375
3597
6545
3786
5255
5940
9191
9509
7046
4319
2937
9024
6071
6713
4741
6113
4236
148
8622
668
9868
3262
3727
104
4101
2330
4045
7257
5006
6337
883
5634
5880
882
7957
7780
4327
736
2831
3900
6900
7623
4177
5668
8963
4834
2497
7213
5852
933
4509
7258
2251
1726
7132
4330
9091
7144
3127
9843
6343
5555
2036
1870
7282
957
2555
7960
5324
1054
4409
170
823
5219
4793
1953
9393
2102
3243
8380
722
5857
5461
6920
1839
9235
7605
3470
4895
9547
5199
2583
8677
9176
552
2000
9493
4940
7009
7302
522
1227
957
4282
9807
1735
151
8838
867
2829
6607
5487
3385
4559
5224
8527
5975
9609
2760
2668
9129
9099
8751
6066
4410
7582
519
1427
5922
7941
6289
6388
4580
228
9706
1040
3681
8247
3474
1635
6669
5884
8523
1541
6714
7581
8720
9912
5251
8047
4863
5142
609
3913
2076
515
8491
317
2753
6832
6166
6537
8399
8072
3285
2913
1451
7330
7696
8252
8485
5805
776
824
9440
7680
7655
7276
8290
4474
2158
2895
5704
4753
3706
3900
2078
6681
5355
3119
2025
8942
4556
4014
3850
3634
1985
8420
2624
2320
2013
3531
4915
9107
8893
181
912
3382
8564
1856
4455
3486
2634
3587
1958
3867
3888
5091
2974
5196
3230
5082
7704
3967
4601
7030
1207
5476
6945
2085
1021
7783
3743
5736
5646
2418
2494
9622
1832
9874
3637
9680
1870
8697
5953
501
2391
693
216
3033
8443
1226
7974
2678
7804
5567
1118
7813
7863
5184
8724
6784
4265
1894
2826
9423
7206
7066
250
8062
9922
3260
267
6285
7575
3940
8807
8909
1274
3238
3675
5579
1617
9433
8497
7255
9976
4327
682
6027
6578
4320
3645
5749
4944
6815
2639
5784
1854
9043
2322
1704
7363
886
4880
2222
6849
6706
1973
2448
6662
2730
8679
4114
4037
5167
6499
2563
4543
835
8630
8664
2577
8729
7646
3951
741
2492
5107
7464
9850
4585
512
7627
1649
9129
2349
6170
5042
5308
6104
7839
8883
2753
6621
4848
7456
6429
6607
8539
5763
9742
5520
757
832
7860
699
4299
5801
732
8655
9214
2557
1494
7085
6854
6341
8080
1456
3806
7856
5330
5256
2487
6684
7742
8801
4995
8821
3572
7084
7422
894
8163
5043
8726
2137
7176
3361
1500
9161
9517
3145
8511
1008
3442
7852
1811
4402
5613
1023
4982
8601
7214
9983
3560
8409
3412
4006
4898
900
6256
9905
7619
7354
5179
5224
851
475
2911
9948
3436
526
8224
5925
6142
5874
8577
7905
2174
6940
4507
6678
1187
8272
2116
9878
5614
3669
5256
4461
8720
788
6193
8197
4381
7550
1566
2659
8357
113
1808
8079
4354
8585
6613
2265
7241
7000
224
5294
140
3318
84
7274
4292
842
5208
4234
2608
1582
7871
8828
5330
5970
9938
3115
3810
564
3488
4726
7317
9545
698
8068
4611
79
7473
9704
22
645
7237
7646
8934
2728
9180
6894
4849
4933
3705
8249
6188
4216
7937
545
9451
4290
466
5019
1433
5700
342
2559
1262
7062
7974
1300
7797
1533
9852
9943
4946
8256
2489
7777
2952
2069
9179
3192
1252
5176
2677
2388
4427
1741
5012
1099
6604
841
7917
7936
2747
8030
9401
9705
8023
72
5846
5083
3664
330
604
2808
5046
6529
471
2004
6111
5516
7779
7303
7460
4698
4566
4252
8398
185
6347
8772
6345
6081
6073
6017
8586
824
4090
5818
8945
9832
116
3378
442
9174
8789
4268
1814
9073
3638
9312
4308
3793
6970
2350
8723
6969
8371
5861
9971
9384
7640
5364
2662
2708
7937
9202
5124
74
9479
7484
5338
9957
753
9197
839
9660
6650
8928
8632
9679
7910
8581
8596
3581
5619
4311
751
9212
7728
343
8813
1468
3243
4754
2862
5872
8572
8933
6752
5323
7016
832
8172
3085
8002
4188
3957
1593
4272
2120
41
8801
7439
9765
4428
9835
3663
1642
202
1037
4338
1823
8415
432
6905
6716
9586
8104
3756
735
2259
6659
242
2981
8495
1357
4073
3064
4450
2373
8127
2896
7934
8652
2497
7158
8193
6696
2676
4354
6617
5286
5045
3820
4903
4574
2181
4045
7331
1535
1887
4954
1240
1486
3150
4423
8534
3025
6894
7230
1995
8120
6088
9504
9304
9042
5526
2647
8386
3914
9708
2058
6214
4584
6587
5394
7206
8304
514
1864
7680
2953
9822
1708
9254
4449
8209
3991
4512
7103
9010
4193
9000
7384
4462
6364
6675
9122
9121
353
1034
5723
488
6175
5659
6478
1854
5901
8737
2695
8626
1358
6066
5531
7335
5089
2485
1368
6714
5436
5966
2563
3671
9665
8398
5331
470
9131
8237
4989
1099
4175
4621
3580
6221
8105
5366
9869
4977
7045
6469
4538
5969
49
4271
2778
2041
4295
9388
2025
9561
448
4281
6729
8536
3319
2382
9110
7279
2538
716
5581
4447
1515
9801
3626
7414
3520
6373
6970
3464
7551
7798
8527
6271
1010
3807
332
2421
3932
6909
807
8155
7352
8496
9317
6196
6939
7728
2642
6079
5929
2012
6159
8563
1567
237
8493
5647
9507
937
5449
2189
3851
9723
517
3512
3512
6214
4826
6973
1003
9898
9314
1714
3041
9175
7209
1055
6103
1375
31
169
5744
8188
8347
4542
3718
744
6068
3666
5331
359
9929
855
6436
6437
1364
9804
4180
373
3822
8019
6794
6992
1451
5887
2728
8255
9484
8063
4736
9523
8928
2954
9133
8815
7157
3304
8723
9262
6199
6556
2086
3621
7169
7843
9659
5501
1064
7730
8600
4557
380
8783
1293
5850
6409
9524
7789
7573
6761
2569
826
5609
9092
7611
6388
5285
9650
4553
1136
7540
5607
1856
5660
1735
13
1397
5058
6020
8539
1256
4807
3862
8310
2664
3528
9309
5314
4844
5517
8339
9913
8429
3
3030
9831
6125
8978
6338
5151
5270
202
4939
9323
7413
7591
3450
2441
2136
1582
6371
3433
7536
9998
747
7477
691
1068
8228
5670
1109
8279
6155
1310
8124
3132
7932
2739
5845
4835
8701
1601
2783
5238
7971
4826
2524
8952
5623
7983
5190
6739
2523
6688
7188
3660
8116
2247
6658
7851
7684
8929
2032
4426
5534
9338
4507
5487
2008
8260
6103
5368
2445
2259
7315
713
157
8875
5327
2730
6571
370
9772
5580
4700
7541
803
2256
1512
9680
9137
8924
2088
6791
7086
7246
992
6066
5265
9225
4782
9942
6275
3536
9063
7929
1476
6983
4199
770
9973
2314
1617
6855
2148
4640
7124
9367
7461
3091
2124
2652
7813
177
4123
373
1490
8107
1568
9711
9770
9142
1315
5278
661
4958
407
7100
8484
102
117
4089
6113
524
6163
1186
2549
405
5500
7764
6577
3867
2914
6916
396
6693
7124
4771
9156
9969
7439
2175
8838
6715
8726
6213
4897
2520
1351
8506
8675
4953
2446
6279
5694
2544
6960
1432
5127
4834
4892
2144
1420
2113
5558
1087
6771
9225
2312
7598
1453
647
6663
3410
7368
2101
1198
8492
9949
9821
8768
4615
7961
1420
5728
3967
8158
6815
6256
6449
1927
7203
1501
2769
1237
5670
962
4891
4276
5428
8772
4038
3564
5996
5037
3371
2188
641
4449
9955
2848
9844
6153
1445
8577
8074
9926
8944
7621
8738
3649
6978
3934
2482
9828
948
8685
8915
879
5856
5691
4829
970
5983
6843
9926
7339
8688
4216
1476
5791
971
5033
3752
6067
4599
4100
1900
1975
9810
4767
9745
7480
6163
256
7821
3461
9988
8508
6005
7292
6443
3612
6488
93
3806
7532
977
1019
3930
4967
4847
6935
8018
3801
1970
3614
3102
8137
3145
3281
3980
1257
9159
1474
6924
4383
7134
4970
6399
5497
1019
6824
6523
455
4805
1301
7693
4504
7536
7596
1095
5657
5492
7037
9232
7777
1330
2301
7575
2312
8463
5598
4599
9038
5443
9174
5838
289
6881
3712
9598
6048
6277
5512
2400
4197
7677
7767
6262
4002
4534
7067
8997
8498
6079
9016
2992
6408
1503
7768
8190
6486
2307
1534
9247
7710
6695
5828
3998
6247
7796
794
4823
6225
4472
6865
2510
2944
8374
8819
6850
5757
8459
358
2683
5533
5113
9755
1224
3026
9554
8051
6383
252
4016
4948
4542
5279
6404
9287
8784
367
2535
3792
5284
7206
8550
6568
6668
9142
9555
7894
8708
6715
8466
6076
3131
348
9413
361
2895
631
6096
4809
9525
8688
2815
1384
6998
5910
9441
5091
9354
7149
6567
2613
9395
4384
4992
8816
7983
5216
1393
8409
7972
5403
7089
6079
3313
273
8893
9498
720
5918
9073
2228
9532
3362
14
5662
9542
1839
3010
7357
3565
9139
7802
3901
9116
1611
4903
7629
1294
3002
6357
2751
4706
1479
3678
6971
8853
7964
1518
4514
5941
1226
3193
6888
62
7637
6700
1316
8854
5151
9027
9047
2113
2332
4655
7057
6429
9806
6153
2128
3244
4868
6520
2724
2241
7708
1321
4048
9550
4556
4504
4998
6561
5565
8561
7598
2340
9570
2018
8892
2091
1901
6161
9758
6501
7027
6774
9911
6347
2397
5788
2653
3589
8294
9253
6657
2226
1219
5300
5606
7499
4442
8135
1288
3126
3466
3928
1951
468
4268
6820
6935
3930
260
5448
1495
5488
6058
5739
9764
9958
7012
5735
8815
7244
8427
1745
2073
613
753
8802
606
2247
2832
6892
1767
6494
301
4638
698
4053
6908
6796
5631
9974
2125
1254
2369
9075
860
4420
805
1906
3466
9109
6265
2201
2881
2709
2223
6314
5766
7997
5404
8579
9657
3811
7543
968
5217
2996
7637
7008
672
325
4835
9808
9046
7137
4203
1428
7209
4218
6260
7973
3432
8834
907
4915
1658
9424
2495
4948
4697
7894
3862
2512
1913
7237
6106
5926
8990
9298
4982
8060
3803
6331
780
1921
6574
1665
6851
5175
3662
9855
3656
4400
8968
2952
218
5239
3160
8148
8248
7800
1208
9883
2907
8399
7960
1940
55
5405
1243
851
5817
4891
9884
4225
7292
1567
1492
7865
6158
7417
8125
8908
7531
8356
7549
5849
8291
7508
6238
4112
6042
7020
3295
1524
9023
2675
3175
4179
5071
174
5674
578
2654
474
9355
1042
1510
6933
3806
4614
5026
3899
6916
241
6536
3242
3268
3772
5314
4384
967
6427
1604
9285
3771
3550
1561
4326
180
6295
9338
1178
761
5007
1270
2072
6364
841
427
6215
9188
7959
2226
8421
8846
9803
8083
2508
7240
9484
5549
1297
1467
4587
9390
8055
3224
4841
7599
7749
7553
912
6171
9330
5201
8828
846
8316
4419
2686
4613
565
2542
9392
2713
5825
3675
3236
9295
1256
6929
5444
4986
5309
5230
9511
8541
14
9535
5404
7815
5239
154
3290
5692
3490
6748
5368
8206
1074
6267
2112
1588
2906
5165
1381
3347
4210
7315
4780
894
7747
4142
4693
6730
9513
6050
8785
8398
6885
2177
3124
7420
294
6809
523
3227
2321
2002
3742
6199
1670
8477
654
8456
954
4318
6371
488
3436
2766
3348
3328
790
7134
424
3082
5762
9056
6669
5427
5723
9133
2499
174
4845
3111
6017
1631
2111
8012
623
7012
2218
5440
988
83
744
9447
1493
8161
1168
4360
5602
9760
9667
2026
778
6578
4550
4679
1756
9239
3804
6781
9452
8616
3316
1190
4577
6972
9862
5600
5601
7938
403
5856
8340
1009
1569
8222
8267
958
1359
3552
3016
9843
9863
1986
6830
5855
5279
1946
4410
6623
5913
5312
3268
2164
2707
7044
2997
1561
2491
9587
6312
4380
4220
1431
601
6940
3991
8579
4682
9213
4237
528
1183
5476
6739
2503
8596
7258
9805
753
8453
8152
5501
1151
6781
6009
6534
9534
294
7443
8474
7607
8441
1243
7690
2081
2259
6900
9042
7790
501
875
1478
6497
6673
8729
8143
3362
1444
2820
4790
996
6346
9093
2602
7801
7760
9562
7270
2823
7482
9375
424
5226
844
6867
466
8441
6068
7360
529
7105
878
3681
6699
7387
721
4347
8073
3309
2384
9993
2667
3992
7592
908
6142
525
7420
3562
3109
7155
742
550
9799
702
6492
9121
9828
1005
6147
572
5949
2523
9420
2859
3230
4091
4721
4750
9175
9459
9335
8001
144
8356
3775
2385
1257
6323
1301
1396
9926
63
5758
2978
5093
703
7798
7190
3973
3630
1525
1138
1916
4445
5033
4834
3755
7165
3083
8153
291
5250
8284
7766
2724
1624
4638
9398
3585
372
3346
3032
2075
3536
4595
7870
6758
7310
7956
7565
5289
4054
4921
7920
2777
1711
7424
1770
3813
2898
4656
1079
3922
3396
2477
7501
4784
6239
4061
9774
9350
7073
629
5804
6406
2520
8505
1464
1645
6651
4631
1707
6882
2175
540
8830
5252
4109
5562
7391
265
8574
3023
5960
217
5322
1473
6923
3306
830
1757
7785
718
7161
996
7175
1916
3213
1541
4391
2720
2416
1438
2884
1956
6489
1123
6383
2166
5408
4324
1741
2811
8657
2897
1197
9613
9577
1402
1060
3878
6971
3594
265
437
2196
4445
1917
5830
4120
2081
9051
2412
1539
3390
1465
9922
9016
5075
3631
8256
5466
8890
2050
4912
2797
3077
63
7347
9290
8732
2258
7619
7260
1989
9988
4985
4961
8112
8598
3041
6959
2942
9159
6507
5155
1942
4661
5915
4320
9971
5286
2866
1188
4019
2025
6090
7789
7926
6989
5777
462
5067
2116
14
5412
3989
7832
6022
253
4361
9889
5848
2424
3823
6215
9977
1226
2616
7961
921
5724
8490
9419
7229
7581
8276
793
6270
801
2029
2113
227
3008
6734
9568
3281
7345
1115
9835
8273
4598
9007
523
6007
3450
6304
2598
3567
4929
4453
9003
7946
5437
2918
5453
4180
4540
752
8077
2475
3684
8014
1932
9378
8375
2107
1555
6961
3084
595
8103
3999
6439
9525
2264
9572
8569
2467
9045
8119
7291
3132
6547
6045
8171
5662
9819
1748
8120
805
8897
3094
5344
4915
2656
1245
3520
4459
8026
5432
3462
2535
391
2191
8028
2959
1729
5638
6543
1704
2275
1860
3128
7597
2964
1703
3281
390
774
5276
7528
5753
8258
1129
8894
1461
9060
8053
2223
4334
3686
5749
4654
8239
7234
5283
5297
1823
326
2159
2412
5041
3000
3711
5639
6068
273
4967
8545
2238
8840
1646
5982
933
5673
2665
9351
6064
609
5237
1247
5522
4619
3851
2476
7999
9728
4967
2853
5394
6861
5846
5222
3005
48
5333
8145
3606
8938
3026
5726
5430
3322
1684
2796
8434
1699
6110
5892
9643
9563
9486
724
5946
1187
3282
8901
330
3520
7053
7580
5194
8619
9467
2716
8278
4577
9486
3657
984
8065
3083
7708
159
8404
6622
4911
1492
9529
9279
417
9093
6200
1367
6774
4368
3965
2979
8830
4220
6641
7080
7496
745
4689
9579
2700
9323
2935
5769
1975
7957
5050
1049
3091
9560
190
9651
9225
8362
4515
8792
3895
4131
6772
3089
8606
9059
6107
1889
14
3875
9071
7839
9889
931
7591
7117
7019
6792
3231
5446
184
3108
8420
6783
2924
4227
689
9381
6132
8521
1657
3834
8223
5632
9761
2450
9072
1987
4118
5670
3280
9012
1322
4624
4935
7595
8144
7157
4494
1910
6109
5811
6826
4511
613
8044
9602
7647
4970
8251
1853
2096
9675
2940
4257
3023
3376
8944
8711
4138
3216
4821
5247
7632
9156
2196
9116
596
6846
5648
7422
5454
6547
5833
4816
2392
7076
7803
6766
1639
7949
5145
5884
1892
4130
5258
8965
7155
5779
3696
218
3112
5360
9498
9447
93
164
5463
2432
2992
7255
3463
2349
394
526
7063
6530
8553
846
6827
4608
3319
2024
7621
9550
835
6282
6092
8568
1911
9477
3561
5388
9600
8654
5357
851
341
2944
541
8385
351
28
2008
2418
5168
4334
7664
1227
9382
7723
9183
2111
7764
8379
3314
6454
3018
6070
4827
5740
5469
7315
3609
5186
9136
78
5540
8029
6482
8174
4099
4473
3405
1295
4197
8217
577
4426
9827
720
2448
7718
2828
8337
6484
8841
5450
5949
6388
7910
9771
9319
6007
7864
1359
2910
8054
5116
7313
9331
9810
3001
8831
4333
3147
1841
4148
7125
4691
8405
5804
7885
8299
1864
8190
3480
1140
8348
5367
6229
8714
5625
8993
8105
4870
4050
7027
3602
5000
3321
2853
5365
2515
5757
8723
3562
759
6953
4060
558
6975
1427
3985
8525
7247
8422
2220
5917
6521
818
3929
5850
6032
3157
1981
4344
7683
8313
537
3323
749
585
8076
7965
4387
3328
9509
9963
2821
3676
3434
6805
4907
2841
9031
4905
5926
458
5304
513
3427
8859
3515
2859
9253
4486
4672
2071
502
6951
4767
3680
7357
5403
6502
5103
6057
6662
5884
6267
1161
3456
8205
2255
6998
3631
3336
771
3390
1351
2848
9229
1191
6480
1100
3234
6011
2027
7823
3941
1415
2724
443
3326
6533
3473
8302
4568
9413
5388
5594
6757
3605
8714
2694
6030
9691
5622
5645
2200
4948
4683
5113
9450
482
6363
9406
1713
7044
6025
2215
6613
151
7529
1747
4699
8652
6104
2832
6385
273
4029
8060
5946
8493
2384
4194
3909
4123
7773
3834
4005
9040
8238
4344
3497
3007
1881
591
4436
8053
9831
6440
7483
8485
539
6202
7743
8874
9873
8681
981
7863
1344
3752
1038
7286
242
2021
817
4972
9333
3818
1408
266
6107
9723
615
7501
6569
3779
4996
4242
7129
1472
9350
9812
2946
8625
4490
6338
60
5093
7484
8550
7551
5258
5005
8134
2824
8960
249
3317
1383
6754
4891
3422
1687
188
2224
3250
349
9365
7101
5919
8611
1504
7968
8333
9534
4193
3650
4501
1743
9847
3669
5460
777
795
7948
4012
5817
8038
5830
1380
9993
6529
2785
3414
9074
4601
6242
6359
3116
5108
1552
4678
7034
9722
846
4842
9431
544
9064
9217
5327
4945
1226
8758
9066
3201
4135
5360
1520
8115
5689
344
264
7066
4328
8896
2696
3787
5865
7550
4621
8209
4670
2591
6566
172
2827
7938
338
8464
3781
3414
5881
506
882
3512
5309
5899
3516
9558
1775
1005
4737
8810
3930
2588
216
7966
7306
7859
9320
9558
7214
1137
1003
610
9139
9876
2960
1958
6618
5083
744
3644
6347
8646
6394
7915
4642
7006
1876
3790
8602
9607
129
9556
286
8340
5330
5262
3020
7135
2226
5702
7661
5932
2535
267
9901
2406
6418
5077
7806
6410
6166
9335
8540
8781
2909
7700
6545
2199
7994
7265
4333
7017
5290
9603
4802
6968
9874
1816
800
9418
9128
9923
3763
2120
7185
109
2122
2014
2917
2154
9678
6999
4800
8355
2200
9522
7688
184
6321
4136
7901
5986
5697
3559
1313
3582
7880
518
7696
6633
9262
1805
5908
7433
5589
8860
9872
3206
3264
39
6449
711
4589
4353
3251
4102
8732
1254
5608
2224
3635
9100
5175
9344
3168
8207
9772
4652
320
4993
1112
7823
8903
8904
2438
360
5619
234
5994
4294
9072
714
1406
3418
5335
3957
2184
8412
1427
957
1766
1656
276
4381
7899
3144
6905
6633
7299
704
464
1122
9739
8719
540
5215
3252
221
7553
9213
4270
4599
1048
8107
7993
4051
6421
4163
1995
1841
8971
9603
8158
970
7798
4145
2132
486
2779
5133
7402
3893
2611
3113
1317
5728
3120
8424
6845
9485
200
2791
3782
9102
2467
9303
950
2617
5382
2652
7148
1088
6313
4166
8498
8218
5612
6904
6553
7919
8482
3905
8164
8882
2846
8412
8258
2812
6918
2967
7259
17
2507
8046
1725
7880
5154
6954
8725
6828
9169
7731
9181
8969
7095
469
6271
3871
9526
7878
2445
817
3601
7078
4144
2140
47
6931
5047
7110
5639
5284
6186
2925
609
4372
8531
8542
3122
8849
1908
6215
5286
158
9078
5452
9264
5813
5942
7033
1924
503
3851
3637
9991
3614
8586
2573
2995
9058
240
1244
1875
500
3192
1465
347
5175
2581
5820
7579
5435
3341
4548
1199
3841
9690
8149
2248
6666
5069
1604
1578
8538
6665
4138
4468
860
9594
7426
3912
6237
9989
2473
1466
8684
9661
2092
9297
4826
8054
6388
7070
2608
4619
3939
4839
5188
3965
6217
4564
1548
2716
3287
8911
6843
3913
649
4599
2196
4329
2637
140
9461
5217
9831
6926
5972
3978
1878
475
7265
4575
3189
6081
2139
4352
5788
4719
3408
9888
626
3739
2657
9139
6655
9150
762
7942
4773
9928
697
270
8584
986
5544
1397
1261
8168
3065
1711
2720
8618
141
3224
5799
157
851
6801
3926
4135
2433
7357
2400
1739
8657
6538
3125
4567
9025
665
1626
8307
7637
5226
8874
2872
284
2028
8280
858
5190
3997
4919
6175
954
725
7561
8617
8529
1382
347
8365
9344
9204
6918
1545
1365
3590
4543
6310
1770
8073
6067
1523
5366
5554
8811
3898
8085
7721
961
2157
1248
3944
2641
6206
4871
9560
3160
9220
6738
4262
6971
5933
9038
5360
9224
5569
3263
6816
7661
6651
3245
7258
9754
7535
4492
8852
5272
8087
4079
9742
6838
2707
7102
5848
291
4872
8259
4538
8087
9175
7246
9998
7774
6459
6394
9553
6248
1027
2766
9570
4393
4963
6370
8420
3414
2434
9019
169
5024
2698
2514
9650
5921
6279
8749
7273
3517
763
4887
4292
5031
7596
8112
1542
8997
7039
4735
6137
7046
4700
6944
4785
3949
4518
9436
9715
7400
4387
7394
7562
9854
7254
1814
1924
579
3364
5034
3874
6273
3728
4104
3671
6141
1669
7460
239
182
8740
2371
6525
5719
7513
8350
9393
3039
9545
1948
4940
4855
7136
245
1150
3298
5760
572
728
5545
6203
6515
2775
5898
2241
6367
4864
4583
849
6995
3282
8262
4325
3661
9535
6084
8098
6483
8495
3658
6180
2586
335
4739
8067
7093
2265
6701
7925
8919
6386
7975
5571
3448
7607
5880
3238
5914
7851
4570
7590
1194
4675
8916
6241
3152
888
5084
6956
5278
5238
4802
8798
5672
4730
5553
9454
8221
8386
820
8739
2640
5789
736
1541
7050
91
3383
7786
9711
8231
6169
7666
3118
1306
2568
3626
7542
1181
9899
7989
4465
9857
1826
2735
8891
7381
1691
6552
2602
3129
2232
9314
9902
9845
9105
1313
6235
150
2088
5248
6305
8441
5005
7987
8173
3360
1807
2016
9423
4489
1655
3849
408
8191
7768
9020
3162
6027
661
5027
6942
651
2815
610
4944
5580
9448
8830
9154
3639
5760
7414
4819
434
6342
6831
3570
3741
5310
7379
5015
7349
2060
793
7997
8922
7126
8778
8027
4354
7880
4940
6508
1790
700
1842
5646
748
6758
3921
7637
3120
7459
5995
5202
9854
5111
3765
2109
2136
1162
680
6159
9864
8580
9077
8618
8628
4757
6579
6192
8444
5425
5714
3131
1406
7566
2083
1712
3240
4689
5753
1104
6331
7108
3972
1442
312
9223
6738
8655
3914
247
4366
9573
8142
9063
8169
7451
6845
1634
8362
1703
6698
4029
191
4851
433
6326
6880
978
6537
7868
8574
1304
3529
68
4985
2073
4724
604
304
4858
9802
2023
4763
8365
6981
3010
2984
229
3023
6979
6626
1947
6665
4917
4468
7421
3152
1163
3998
5341
3488
284
2827
4590
9596
9820
5552
7391
8129
3214
6695
9797
4941
7165
9874
138
9641
2632
2699
3808
633
6209
4112
6816
6231
5576
2027
3821
935
2945
1139
7734
9849
3220
2145
2956
1497
3468
1112
9800
752
8465
9526
5079
7031
7728
9564
9902
8050
4541
2285
9857
4408
4538
7976
4734
3022
5086
3973
8118
332
4836
2806
8128
3795
7543
7218
7064
6474
7568
5321
6655
725
5833
7519
4477
2282
8862
7646
8946
7145
7627
4459
1043
2825
8482
6676
5867
3634
9320
1311
9066
4268
4858
2291
8975
1652
9575
2103
7299
4702
5778
8409
6606
2714
4429
1965
7366
9128
7592
4179
3958
542
2190
3731
67
6877
4568
8102
5416
9425
2321
5718
5139
7122
9103
2376
5948
8559
4734
5693
2800
5842
4409
6484
6751
3895
5912
2160
4774
4497
7807
9048
9483
4896
5031
9700
6082
3201
5166
1573
8893
3280
8975
296
6422
5397
276
7830
6488
149
2176
9235
1694
9566
5801
9871
2445
1800
2372
6254
5040
3164
5972
3775
9893
7489
7934
7015
1563
5688
8032
2122
6906
6174
5703
2882
8738
4210
9738
5071
8873
9441
2882
694
8956
2381
6591
1784
9268
448
11
9273
7303
5453
2236
9736
871
5700
7471
2153
6089
1044
9973
9280
6396
5279
2376
1194
2391
2084
3372
4968
4615
8620
1186
7973
8483
1861
6245
3750
6337
4137
5595
8422
7077
5378
8308
183
1968
1395
4208
5885
4643
5448
6983
4886
8718
4831
9336
8771
1609
4136
5275
3597
6879
6601
1416
7860
6824
8711
2252
1386
28
8606
2779
4196
8715
7887
3482
3178
1835
3963
3826
3366
5644
9450
7323
8366
9211
9030
1893
3371
5540
3533
918
670
2738
4903
8847
5456
1864
976
4546
1295
3914
7820
3983
967
9710
5589
2855
7328
264
366
5552
1926
7756
3301
9288
7984
3904
7193
7891
3533
1972
4176
4571
3274
9026
3054
8045
1006
1527
3708
4973
5475
2116
5035
8220
3595
1
3805
2265
3325
4845
7435
7955
1839
4432
8572
1604
7193
5889
8270
2370
7771
3322
3794
3707
1580
1522
7934
330
5772
6048
9604
6208
5837
4175
8561
3548
4566
7631
3529
5964
105
9584
9300
1678
1717
7765
5143
2339
6969
5969
3662
8428
2619
3040
9139
9757
1947
4824
7840
3572
613
7315
5909
7929
8544
8308
7768
911
1387
9328
6167
587
9121
7124
5815
9215
2875
9907
4503
3220
6709
5943
8815
3560
742
7756
5510
168
6766
2259
9150
3757
6576
2262
5622
2980
6482
8057
3424
7217
281
6592
5140
7563
6636
6344
5691
3378
7735
8392
6561
2679
4380
9231
1824
9775
5406
596
6579
683
7583
6423
9133
7744
7795
7895
3682
9233
4831
9469
7160
6182
9177
2058
2177
69
6169
1366
4112
4948
4692
8484
4862
4988
7744
2376
4407
9232
6327
5418
5455
7368
9600
8259
565
8375
5432
3657
6510
1861
8961
6925
3317
922
5931
5431
6585
1134
7449
8864
5812
857
2630
8919
628
6754
3846
8415
7805
1956
2189
6364
2518
1558
1790
336
3137
1400
9676
1020
6942
9930
4310
3302
6203
3273
4582
7996
3881
3087
6300
9069
2199
3669
9938
1790
4806
3982
2699
7029
8234
2299
7471
8992
2528
3886
9946
5086
1803
3370
9722
4425
6391
8056
5713
3900
5653
3746
5565
2130
5958
4102
2800
3382
5591
1759
6513
8812
8029
7121
6696
469
5245
151
9547
6142
4923
5489
833
6485
5902
6277
1300
54
5524
7472
6162
6238
5267
1714
9913
8768
7824
9865
9701
2531
6584
8084
6468
5083
7349
4997
9714
1655
286
3941
1279
8569
5268
176
5922
3957
216
3325
1158
6087
6149
7679
1962
6059
1187
2913
6230
7632
3530
6868
7555
6185
3737
5292
9028
6571
3676
1103
5809
6721
7369
6788
1798
8626
8532
1394
8624
1775
8351
4179
6608
9983
2259
5133
3569
9107
2145
8824
3793
5932
1985
8799
7309
9911
7706
8092
2152
6088
7509
8490
4353
5987
8400
409
8979
3313
1135
6886
7586
4058
5295
8155
2245
12
9271
4015
153
2154
3744
5422
789
8088
8569
7671
4807
2436
5224
9298
2169
2757
3714
2736
7733
8044
8600
5148
7748
7296
3612
1256
7742
6653
7812
7092
9379
825
6918
6262
2812
5096
2335
9260
1159
2436
1739
37
8054
7328
3862
7553
1570
8816
8752
1984
4067
2577
333
2224
7311
5868
3269
6939
2399
7874
5068
5617
3816
7046
79
4501
5219
4033
2265
1770
7252
7734
7315
5172
9945
1893
2408
5760
4972
5160
8843
5920
1907
1654
2510
2938
3991
8265
2053
555
4168
3820
561
304
1433
5914
8871
6077
7882
5707
9714
503
5437
7309
7799
464
6143
5013
6747
6396
613
5887
2068
6543
4095
7370
7574
3530
7058
3822
1445
6644
5117
8617
871
8180
8884
4304
8349
8203
7126
7210
7051
1223
3474
3644
3137
4098
7875
9941
6280
3061
6503
125
9856
6799
3217
860
2381
6770
1832
4508
2948
8617
7731
343
1556
390
4067
5559
6385
1102
3862
6265
5147
2378
1395
1090
3910
5487
7879
3205
5360
7197
7466
1811
4697
6212
1035
4473
4647
9665
9386
4807
9880
8462
4268
9879
1615
8325
2029
2544
7321
1176
498
4949
6658
9297
1053
5119
5215
3744
1205
5125
9296
1683
1045
701
696
8893
4405
9260
3696
8419
6303
7245
3976
1090
4640
4367
7573
8106
2762
5568
5375
1858
2810
8287
7283
4245
8111
7556
2440
9716
2664
1
2870
8697
5327
6267
9672
2142
137
7303
7181
3301
3728
4344
7043
4784
6518
9095
5593
9343
1853
6606
2680
9481
3820
5425
1126
289
2349
9609
4914
7232
8424
8341
7222
8074
1010
6942
1605
1452
8685
6534
2479
9802
8624
233
6721
1105
5399
9226
4846
9243
9990
1353
3138
8077
7015
3873
4548
1516
8943
1840
9829
6176
1353
2251
9838
3204
9456
3366
9254
1924
9431
6492
7730
72
8466
974
3307
6704
2397
1146
1541
5772
4474
266
7391
9827
7415
2806
5781
7357
9581
118
5577
309
2894
1413
4633
1135
9442
6854
2371
6281
6339
6426
3996
8726
6325
7906
8175
2416
690
7479
7862
995
482
379
1322
9214
2509
2350
9709
1773
291
6287
9237
9961
5660
1804
9136
2770
4751
1348
3735
6290
8650
4328
3580
3851
7042
9134
5032
9736
9983
1648
6800
140
6988
8464
2894
6268
2764
9985
7179
7052
9260
7949
7185
4535
6853
4729
2492
9880
5228
5509
627
1152
1219
3207
1032
5059
1820
5180
1395
6965
4841
4387
7878
6563
1298
5228
1680
4272
4245
7294
3992
3609
3035
3037
9860
8931
6089
1168
1810
4326
273
9538
9240
7406
1824
7449
3493
6364
181
634
261
6480
7521
5856
1186
7614
7495
4939
9252
1802
3139
3277
3726
1421
4915
4169
6530
4443
953
6719
5517
5443
2774
332
8124
873
9617
5300
2894
7562
5593
3587
6216
5926
2623
2057
8387
526
1385
4157
9571
1385
4515
6653
8030
3835
6483
5277
7446
3264
8890
9464
9241
7085
3466
9386
6950
7497
9038
987
7048
4385
6956
4002
5510
3120
7827
1843
5631
8218
5447
5119
1893
8276
8607
4203
3126
8232
8872
5001
9421
5561
7436
6267
6562
6020
4909
9784
3867
9337
7266
4974
9767
9120
500
9045
9972
5734
3461
4524
6638
5142
6176
4489
3495
7854
4745
7064
512
2502
8418
8487
5423
2591
5660
8191
1816
1854
777
7610
3151
1859
3501
2304
8963
6184
8357
3770
7579
7521
7610
3995
3336
5208
2271
2859
5899
1481
6620
9354
7817
4115
7236
8486
9739
474
158
858
5382
6350
72
4514
563
3517
3430
3426
7055
9541
5069
6802
7869
1995
2342
9121
707
4233
8897
4055
3653
6528
9376
1290
6549
2591
4860
8468
7949
5659
9750
8680
3145
751
2623
6468
9555
9144
4725
8852
1524
3415
2215
9864
6804
3855
1101
9122
1171
1736
9439
4550
4199
4864
927
8847
1507
4462
859
7560
6349
3241
1134
3494
3916
2667
6612
2045
5157
1235
8203
1297
375
1331
4579
7377
8581
4442
5670
4429
8747
6540
2779
5656
5539
1633
585
6130
9725
3776
5047
128
3882
5102
8064
185
3636
1489
4914
3668
2660
9600
2597
3850
1010
7091
1712
8359
7674
7578
6827
7164
8172
8864
5864
995
432
5646
4502
3034
2393
584
2047
3603
1972
1779
8140
5409
7532
1263
7855
8831
5521
1128
9213
8796
1024
3190
4753
986
6058
6984
9888
7686
9961
4628
1251
9249
5588
9977
2189
3797
8192
2275
4342
1794
1056
8676
6257
5045
6738
160
7679
1099
1852
6362
8749
9123
7461
6457
9598
4131
670
1249
7732
2536
6624
7841
4357
3659
7334
8482
2963
5469
5213
2249
3643
7697
8826
299
849
3492
9619
1592
7776
3483
3471
9114
8248
1871
7208
7705
1638
1339
9337
3986
9776
8165
6233
5899
7613
9595
2257
5355
508
4423
7481
3935
1322
7661
3851
3507
2173
692
4316
5703
7172
3146
5252
5223
3720
6301
1572
2384
9374
6975
9627
2920
5773
1986
7557
9222
4984
3733
3457
9985
3722
2767
5778
9988
5704
7608
4562
7609
8939
8047
8250
4912
5365
7191
2797
3030
2358
3807
4771
84
9648
645
5773
7042
1073
5623
3094
3957
2074
5865
8017
2691
2299
5476
2347
7819
8908
2129
5404
1258
1094
2826
6248
6846
8962
1962
6411
9579
452
4872
6452
4143
8795
6426
5672
1099
8563
8537
5430
9669
2520
4340
8535
3771
4205
3508
2962
2614
518
1376
5759
4247
3375
6046
7509
5606
5745
2871
3166
7484
9748
3707
5774
6420
2513
9701
9412
3471
7355
2702
2687
6670
8366
8642
2930
4394
3649
1118
5064
4421
4081
5192
9500
8406
8628
4200
9706
8670
3573
8989
3138
9532
6843
4151
8786
8782
6821
2376
6963
7871
2716
3487
1263
8105
8604
5948
7177
7208
837
2405
4619
1731
3757
7901
5397
4562
729
562
919
7669
4491
5149
4392
8711
7327
276
3111
4536
2281
810
1912
1003
8430
6758
4987
666
8843
8107
8769
6553
9078
5788
5027
4687
219
2714
6156
3196
2556
2134
2384
4396
6877
9319
1850
7776
7892
8369
8774
8069
8213
8836
5479
7429
4284
571
136
3366
4516
1708
3657
7382
1300
7960
7476
6492
6386
5768
1274
655
5190
9380
5766
6775
5563
8886
7785
9430
8302
2876
1863
3830
5897
4473
596
7797
9397
5971
2099
4873
6493
3534
1049
870
6053
1306
7478
4001
7023
3849
4893
3150
6931
808
6650
8647
5725
7035
4511
7617
9150
2607
7071
6915
5672
6497
8595
8709
5187
5758
6415
64
246
317
9684
9344
4301
1022
9366
61
2021
2815
4965
2217
3357
8110
7084
5934
6332
6707
1433
9207
1678
2059
1374
1867
1611
9187
2861
3333
5589
1443
5975
4015
320
8217
3974
5355
8206
4406
3941
6392
2536
1102
6117
8450
4506
1492
4544
7139
7888
7719
1600
3085
6399
3097
8688
4530
7325
4560
7404
3313
5109
5563
5875
9273
5652
2122
7528
9452
5606
8129
1024
6601
284
1987
3428
2929
2420
1087
3533
3819
5630
177
5954
6165
4477
5837
1738
7844
7594
1208
9669
2494
4833
5012
3098
2889
1758
3786
765
8995
2262
2361
3603
2411
9659
1240
6368
2477
698
5751
9376
2226
5947
773
8950
5140
3300
4711
831
60
8759
3451
9375
9421
8001
6813
4946
9283
8466
4683
3495
1055
8137
904
702
390
9586
8154
9207
4879
4331
8526
486
3222
7494
3984
5198
1391
6135
2704
2470
5141
7806
1721
486
9812
9963
6713
4445
2888
2291
5126
4657
245
1354
2871
3872
8466
729
1574
7377
7989
2769
1929
2685
7770
5538
5419
4622
3536
3653
1466
2881
8533
9098
2053
850
7612
5550
5311
4044
6588
7612
2145
5881
9376
1614
7280
7521
3849
7002
8185
6804
2443
6249
5012
6068
4559
4249
4736
1691
2109
7099
8854
1019
1282
3166
1120
4568
1719
9239
9703
6125
1490
9015
5757
2073
1133
2209
9849
7712
3996
9930
2243
2739
2609
8375
4967
7590
2655
3152
3036
2709
8627
9788
6009
9188
5941
7305
1747
5067
3723
7915
303
6458
9364
3722
9115
2843
7470
7843
7660
3763
1203
9678
3511
9879
8111
6801
3942
1880
309
6137
6330
4535
5184
7591
5293
6842
6995
303
8260
5381
6627
2489
8160
6863
3496
6634
9042
8404
3873
6233
8041
4096
369
7566
213
4726
1775
804
9444
6977
8879
9270
861
3558
4813
7033
2138
3234
6809
2052
3243
7994
2931
1327
6943
8169
9102
3421
2254
6271
5536
7235
9905
5071
2461
2630
6618
538
610
7285
6083
9325
1
7065
601
9401
6788
4550
6386
8326
986
3706
5161
3132
3811
8142
5147
7744
9836
249
2339
25
9605
2067
3215
8681
1263
62
7837
3249
3083
8689
5046
9029
8763
3731
9893
7088
5648
9692
5681
6054
9697
9527
277
5884
1168
6394
7563
269
9755
4397
8499
1708
8478
4035
6641
5052
6572
3161
7447
3008
4558
394
6792
2440
6734
4633
5825
5525
5242
2259
3519
2423
3387
3604
2911
8742
5864
2631
3121
6378
5713
3817
1344
2100
5961
1111
1870
101
1886
7539
7358
504
6825
8744
3258
4444
6527
649
7745
5702
5328
4643
4170
9376
5753
6513
7969
9950
9454
6767
5243
9336
8869
4937
4201
6573
2776
7638
7916
8633
5486
9614
3089
8679
6424
4775
8426
9664
8656
1642
4815
8125
8263
970
7687
7359
6423
4925
8498
3019
8288
3510
9434
4354
5564
9401
7960
653
7547
9787
9774
5797
4912
3366
8810
7658
9464
8824
57
9945
7292
3362
4479
9209
3893
4847
5708
8756
5699
6551
2840
628
7425
779
1113
1877
8613
8864
3948
2986
3312
8227
9667
7114
3953
2145
4892
1288
9747
7289
954
1580
642
5544
4922
275
4851
390
4459
3418
5882
7793
1008
7460
5349
8248
7549
4803
609
9170
7929
3370
4076
7011
1249
442
81
7710
1229
8238
9560
9462
1679
9372
876
3235
6141
3764
2922
3411
6972
5180
2380
6557
4154
5377
4678
6020
2940
9428
4400
5888
6818
1972
3688
7277
7596
3192
687
6747
5295
3908
2503
5723
6903
9724
1895
6015
9811
6074
4985
8886
6756
6349
9258
1481
1064
7247
7099
8985
2729
9790
2228
5473
4728
1797
8718
3383
2349
5607
1818
1303
6084
4970
4134
7894
130
7645
6270
3672
6133
1288
1498
6815
3077
1208
1442
8497
8876
2674
7556
669
5651
9345
7570
2407
7900
1452
4077
9373
2587
2016
6341
2526
3159
3889
6828
2488
2173
8985
7205
1091
3607
3525
3548
5236
5826
3795
4541
5824
1205
7795
8957
6577
97
240
2419
269
7700
1161
9225
2774
9771
9807
7916
7014
2719
732
4626
2753
4304
452
7879
3682
2244
3133
6057
7444
2013
1507
6271
9994
216
4025
1078
8748
5582
6911
443
4914
3357
5532
1076
4921
6102
183
6831
4670
4507
3998
7798
7768
9488
8
1772
1690
7694
4562
2614
6093
7691
8304
8100
3229
708
6457
9928
9393
1684
2214
3531
2115
9229
1401
6236
5900
2542
3300
2129
5664
5831
4555
267
147
5976
8585
6917
7074
5098
7332
7063
1507
6422
7809
6637
505
1857
2923
5754
2697
5910
5921
4827
5392
1212
4243
6688
2732
7528
3570
4162
4769
5763
5228
3963
9522
4509
1587
6121
8634
5883
9284
2802
5576
5856
6576
8282
3687
4396
5547
4899
6661
141
7665
921
1124
8752
1908
7861
5911
6939
8673
8065
3847
3184
4660
6778
820
5132
218
9516
4085
3315
4604
2183
6763
8377
4242
1849
175
6148
2037
6410
1088
4025
5780
1267
6099
869
986
3437
4964
6804
8173
8312
9998
8956
6540
9437
6023
7063
2452
5172
6053
4729
7965
6588
8329
1620
1116
3849
8090
9520
9820
4480
3432
3134
5427
5783
3966
1259
221
1792
2394
4793
8581
7167
6576
6439
8329
2186
7334
6729
2918
628
8857
4468
4463
2154
5853
1429
5496
883
6250
6891
9345
971
8185
5247
136
3101
4239
5434
5534
8549
9370
8399
3969
6548
4640
2888
3414
7273
3225
4404
4225
2649
2968
3841
863
5275
5188
743
4599
3809
1957
3798
3004
9888
5814
1805
9210
9195
5521
6512
3895
3300
538
4980
1069
7432
3561
2107
6032
1467
4769
2729
2294
3330
7651
6477
1322
9831
7311
8714
9607
7281
8858
2248
3835
929
6312
9344
1603
7598
1147
7164
9344
6792
6335
8969
7792
4278
8895
8296
6132
2636
7912
6597
4707
8455
9962
6214
272
1708
5940
7560
3636
9203
3751
9799
447
8841
1681
4403
5890
5110
4982
9415
42
9127
6921
6370
6850
7732
1177
5795
3673
6684
9054
4799
6035
1681
653
7540
232
2119
5318
9391
8588
5336
4177
1687
438
8630
140
3633
5421
7964
9844
6744
32
5920
6048
2132
7381
4040
1935
3319
2650
3207
6738
569
4711
2067
3454
8867
6826
404
1966
3992
5554
8877
7335
7412
3697
7228
2742
529
6902
824
34
8054
2995
6717
7763
9621
2383
6221
9974
1416
2821
5993
3331
1536
5848
5267
2518
5954
3731
7046
2727
6492
8257
8206
128
3325
5352
4530
772
3981
3033
1831
2822
3506
1805
2471
9234
6342
6069
4361
9439
2750
7765
2873
6163
5153
9273
9576
4422
2314
5671
4660
1549
7765
6970
6945
8357
8283
1436
5770
9425
4199
5222
3159
1083
8195
3384
6471
8080
2810
2902
13
201
7759
7183
6582
8927
7659
6328
6412
4287
3429
8667
618
1391
215
9911
184
3220
8096
3101
4264
3929
1100
8634
4468
1993
998
3010
9797
9612
2388
2437
8971
2894
2899
7686
1107
4671
3321
9160
2557
1504
9009
3388
8425
2073
7718
2267
5869
8708
2704
935
4026
5829
453
8566
1832
3240
7666
786
4527
7564
6231
2345
2422
7719
9783
3051
2300
9692
5590
7193
7083
1275
8774
4231
4304
1301
5821
4370
2466
7839
9236
8249
6927
9550
7112
6157
209
9411
2568
3251
7045
2549
1639
5314
6114
4729
3082
7228
1870
7542
7330
6473
9463
8032
8651
2314
9132
9451
6800
9031
5249
3124
1127
7648
1482
1724
7933
137
3046
6850
3956
6464
8565
8299
3930
5077
7824
3405
4313
6126
8605
7690
4561
219
1441
8347
5691
3933
5273
6540
6149
6431
4843
5636
6486
6362
7625
8838
9365
7662
2546
6938
1383
7307
9432
1272
1266
5630
1086
1255
9422
4405
4770
4461
3325
5240
5573
4591
6527
9064
4267
5824
1159
1820
1899
7125
9427
3834
8642
6165
552
6546
1251
1934
5578
5271
6339
6683
8492
5990
7167
4675
8601
8917
7706
4064
8011
1296
5725
8479
9329
6226
4965
4236
1941
7368
9921
2065
3096
4234
93
752
7179
9581
7895
9894
6082
6366
9685
1291
4276
1716
2716
9516
4432
8014
2909
6884
9084
4740
6633
8673
1458
9251
3020
8172
1811
3252
737
1383
2572
8746
8242
1035
5689
3
2534
4909
8578
4202
3032
428
1513
3010
2206
5187
2571
1580
5676
7787
6366
2025
2605
6503
3
5835
7494
8688
4951
5334
505
7967
9377
5884
1957
3339
3287
8031
6379
5372
6463
5714
9955
1498
5573
5685
2147
8326
3450
147
9427
8979
4624
5237
4604
1167
3729
7643
8751
5874
8404
7264
5844
5787
9713
2188
5754
4343
9002
5404
9229
4661
5098
3990
4461
827
843
4715
8422
6753
6943
6306
7227
3211
705
1566
155
2406
7643
1468
8568
9762
2622
7243
5690
2394
2276
2033
9393
5926
9111
9143
1905
3763
3095
5809
6512
4820
8810
6282
3656
9101
5349
1832
4808
7046
2408
7772
6871
3115
5488
841
1132
4041
4135
3550
9386
3243
7657
9343
2239
6970
4928
5116
2932
636
4982
5295
6959
7300
1246
5339
9514
6543
7804
8360
1806
4308
5939
1151
5785
2526
1646
4789
3062
7422
7425
3856
4530
2180
1595
3272
6843
2136
2694
503
5366
3262
2391
9550
6511
3418
4886
8010
6711
1842
8104
6024
5240
7054
9327
8843
1041
7063
6283
8121
2908
3036
3328
5229
4868
5286
5221
4551
8763
291
5256
984
3241
3252
4519
1876
4467
5126
6988
4307
7033
9717
4726
3500
3574
9787
7043
2494
4977
9993
2106
9489
5598
1941
2244
5798
3104
4427
944
5327
8702
5571
4729
3925
3284
3054
1321
5589
8244
6249
5631
1959
1206
8227
757
8012
7202
6100
4634
4487
4110
7662
9596
2269
4466
3525
9905
8483
8557
9058
2297
5068
9118
2844
1995
9639
2823
3048
7071
3755
7619
5480
6838
4839
4110
4383
2336
2919
650
7055
420
5058
5137
6138
3807
8502
3078
5125
4356
961
4472
2564
408
5792
5452
1430
8226
7433
1819
2409
5742
5611
45
9177
4487
8399
8230
5406
8776
2526
8827
1480
4171
3310
5426
4054
6833
5634
3940
1222
1960
1772
8223
1035
549
9887
4238
4416
751
1844
2939
7024
4853
8919
2560
9472
9358
8694
2271
1117
3890
9053
1533
8045
4716
581
4180
7839
239
1797
6775
3153
3879
1143
2814
6698
2362
9804
1594
3107
5311
9837
6996
6647
2755
7011
6936
8412
2796
1064
2572
4649
9409
5964
1826
8052
1151
2699
804
7625
901
154
4626
1967
2352
5257
5303
6322
4571
6294
3733
706
788
346
2673
7802
5300
6787
8429
1586
7117
7607
528
3095
3824
4133
6434
99
5984
6897
7684
6807
3979
240
8430
2607
9242
8013
7979
4095
7323
561
1817
1693
515
1462
7062
7271
2907
4533
3318
4576
9876
6077
9093
9286
5793
5663
9474
6561
6444
5412
4143
1493
2056
7870
7365
264
3102
4837
2560
6769
337
4421
8989
2773
5751
1236
9767
3625
7880
323
8540
8201
7580
6392
9987
1395
8648
3781
4048
4282
7779
7067
2785
8727
7899
223
56
251
292
8737
5938
5963
5402
812
9693
9548
4051
502
4444
2567
8316
5197
3805
6470
9723
181
5172
1284
5907
2070
5981
7118
8990
8645
7853
3411
3600
5598
9644
6836
8558
5607
9872
3051
3999
3210
2908
5208
4910
1921
3729
2383
3262
850
1508
9172
7090
2846
2963
5985
4339
6456
3645
1123
8929
5934
5159
6034
5083
4351
2165
2407
2049
2584
1808
4648
9896
8008
3557
8282
1336
4483
9660
8235
2097
2670
8044
8136
1538
5573
6391
7130
9240
1717
4032
656
4964
385
2095
4642
9388
9981
2074
3455
79
9561
9272
1999
6158
5194
8522
690
3775
3443
7271
7781
741
6614
7683
5348
1692
3898
3540
8720
1210
6239
5500
3162
828
6298
7904
5155
3936
7851
6697
3440
3685
2871
7147
6021
4076
485
396
175
9842
7
629
5261
3278
8352
2313
2198
5235
877
7860
8804
2759
3020
5209
4036
2364
7258
9236
4039
6369
8049
2347
2502
5611
7628
8526
5761
960
7263
1746
6480
1420
1431
4981
5399
4227
7596
9702
7282
1364
2747
4513
3874
1449
3928
9554
7936
7336
4717
5116
2513
3056
5999
2604
5592
2
2847
5846
4485
5564
3459
4769
8379
7302
632
8058
5035
9749
6904
6530
6471
5753
5934
553
662
3621
9528
5523
101
7290
3942
8455
4122
3241
1165
489
1088
8163
7796
1393
9781
1579
6062
7958
1191
412
8890
7400
6806
6038
3875
7698
1927
3659
250
7507
9085
1999
7661
2973
1434
4104
3651
2380
2862
8272
4479
8198
3424
9903
6951
9655
587
1054
9082
8266
447
5219
6612
6259
4154
9841
4282
7439
8498
4017
864
6885
105
2679
6106
9795
1720
29
9572
2457
4990
4566
2419
1543
235
2002
5442
6817
3079
8994
717
4608
8759
4861
5617
4162
6130
7259
4143
2258
7448
9857
7540
2297
643
1232
6180
851
534
8185
142
776
8957
1136
2197
5764
7742
8294
9865
6849
9709
599
9663
9075
3626
8435
1863
1787
1917
9013
9634
6395
9844
2305
4549
9581
5354
4632
3781
5272
1390
8382
972
2590
6803
8263
8666
4670
9815
1399
3914
9984
317
7891
3500
4388
5739
404
9670
8811
7663
1295
7698
9195
9373
8618
7448
2129
4834
551
9371
3825
8251
2305
5805
5783
7388
2487
3112
6268
3689
7745
1530
5698
2038
6437
5526
1430
9996
3587
4361
9812
3709
1336
6792
3335
5508
1928
9680
7660
4518
6789
4839
7549
4754
6312
3700
5662
4369
7226
1716
7746
4671
5881
6956
9652
8846
8742
7085
6524
2766
8178
8773
6934
152
6086
410
7955
3083
7949
2390
3304
8279
1939
1388
5326
3968
6468
7582
741
4011
5409
9190
1782
1466
4246
5719
9481
7341
3112
3913
5551
5266
271
5481
1294
9881
5185
9403
9546
1391
4991
3599
9113
3314
7532
648
2200
7008
1827
1338
8436
3139
9565
128
3574
5060
7658
1399
7985
3097
7082
4057
3527
2204
5651
9278
4726
4134
6657
2455
1763
266
1835
4371
4234
7276
6913
8432
6798
965
1320
6042
3816
448
6903
1836
3756
5152
4412
9022
7925
4790
8724
7163
2835
6886
6023
419
5387
85
1874
3726
1098
9031
2851
4809
3366
4576
4976
404
3832
3400
4961
7150
7502
6193
7719
3704
2491
3330
1907
3778
580
5532
5213
8697
8984
1608
9382
2454
601
3685
4267
2958
2939
7506
2705
6462
2720
1257
3404
8922
2215
5680
2013
8638
993
895
7215
9414
2659
4795
9396
7432
5204
1273
9288
8991
5271
4159
8206
6322
504
3876
3584
7356
8752
5467
8679
412
6632
5455
8148
6732
3453
4602
6753
9029
5772
8148
6591
2042
1054
3220
4904
7149
952
9036
6467
3243
377
1877
4438
4588
2946
6663
8096
2859
641
4806
3106
3415
2082
614
9772
1257
7118
7545
4994
3109
9986
2884
4518
119
7864
1881
5507
325
9347
4844
397
3149
4962
7100
2878
1302
4661
3744
6630
6424
4020
7353
823
130
7349
5840
9794
6422
2386
3100
7278
2175
5181
3699
5485
6584
8256
6731
2774
1800
9632
9402
742
6896
4434
9272
1154
8876
2689
4430
7769
8457
550
8708
6176
3853
3279
3921
3054
6921
2182
9564
4819
4202
3760
4753
102
4865
1230
5576
703
7020
2970
5250
2506
6242
4881
2409
4122
7469
9156
7227
5139
9006
9766
8432
1479
2517
7116
7269
4721
9028
4153
2260
1530
1393
742
5374
2769
610
4916
9694
3071
9334
525
692
1416
6721
6545
7238
7035
1825
8248
1334
9828
6348
4961
5386
545
8909
2529
2018
1531
4425
3341
9755
5472
6815
6104
827
1664
8578
9077
2038
8034
1128
9363
1838
3760
3812
3612
6252
7032
1450
4221
994
3848
6203
4204
3248
1148
402
4441
6259
5564
946
8910
7345
6136
1788
198
8713
2684
6505
4019
9779
6196
8375
251
3951
7126
9472
6363
5778
1172
4941
8295
4629
7170
3103
1588
7859
9395
6342
2203
3323
1758
570
9384
6076
2592
6350
957
9031
5998
5122
5056
7280
5894
7624
3189
4514
9721
4517
6812
2361
455
5075
8093
551
7795
2848
4859
2638
3264
6136
9224
8469
6786
8647
4564
3479
6272
9122
2801
53
601
1705
165
2358
8228
7619
7724
3037
7228
85
9051
8609
2250
6270
4052
1174
7091
1495
7218
4596
599
9108
2590
9763
7899
3496
4303
6796
5324
6769
5736
657
7101
4604
8512
5185
1146
7469
6700
7270
1072
4304
3289
580
4777
7143
962
6603
642
1541
4660
2412
4120
1253
4676
8191
7010
7443
4983
157
5228
8427
4555
8305
1843
2941
3426
2543
2735
3142
7231
3459
2998
5139
9317
917
4324
1395
1529
8361
1266
2885
348
8818
7326
499
4527
9878
8757
7456
2603
6232
7517
698
9841
8224
5215
9010
357
90
7185
3941
1223
2622
4743
4132
4711
9087
9620
6859
3758
1224
690
3658
6491
6455
7340
4290
1201
9493
4185
7496
1441
2517
8976
2024
4996
6495
4563
8026
6335
239
8718
2906
4622
575
3015
8020
2696
5195
9060
534
9467
7829
5033
1145
3436
4430
9329
1210
8577
251
4311
5474
8121
2251
8730
4753
9255
9218
3477
8783
5348
196
5643
5101
3183
6151
4915
8133
24
3769
621
540
5377
7650
6380
3941
5892
4650
7538
1246
7595
6144
1554
7296
8291
4981
4972
1854
4013
4583
6303
1951
2099
456
3845
3470
8847
8041
7269
1072
9768
8668
6365
5330
5003
7200
3892
7380
1278
8660
6111
8353
7440
8216
5206
6314
6206
9682
7638
4502
7481
4894
4491
3109
7262
2907
5241
4014
7037
6560
4504
6943
2136
8795
9156
4005
7844
5492
2073
6110
7892
3490
2984
2666
9117
7471
2875
3973
7271
3893
2133
1035
7651
8068
3599
1660
8284
8662
903
835
4194
8288
2623
478
7128
5680
7485
5373
6978
7311
7545
6245
7635
6188
636
593
5132
2302
5706
7605
5983
2831
6459
57
7958
7620
8380
7255
8305
4495
2784
5336
1752
3796
8401
8577
7073
8497
8064
446
8273
6288
4896
30
2600
2120
8244
3269
7211
2724
2908
40
2851
2641
3526
3815
9757
3733
9561
277
8522
3907
1240
1649
9791
3491
7277
2512
9696
3985
404
6498
3956
3391
918
6542
7823
617
1336
7636
6644
5685
1414
9860
1074
4877
549
3490
7258
9190
952
4046
3431
85
5911
3675
5574
4187
8840
5339
8735
7362
4772
5097
3814
9160
9535
7750
5193
353
6190
436
1864
4816
4273
5406
6067
2380
4218
4604
2543
5605
6999
6284
5576
5125
6635
9339
2706
526
7675
4373
4273
5921
3471
5354
3660
979
9110
157
1673
8140
448
431
5979
499
3883
1763
4528
670
9590
152
5264
9966
4032
5872
1496
8282
3112
8998
6872
6023
8039
3377
4373
8220
7622
8898
9651
736
8654
2593
9096
1575
7595
8432
6673
9647
5193
1392
3682
3326
2018
8304
3296
3381
6804
3636
5107
84
6533
39
4201
298
2734
716
9706
1532
3914
206
3444
5000
1122
1119
2451
6572
6357
208
4086
1657
7132
570
1044
6674
6975
9793
7504
1472
3650
1972
8483
2078
8979
1678
1364
7557
2345
8411
7050
254
9373
6500
7705
565
102
6464
4990
4140
1647
2391
3889
3620
9011
6209
4678
5537
4359
422
7202
7795
6558
3299
5106
423
451
5603
4271
6274
6949
5525
787
2273
5821
6056
935
2908
6351
6774
4366
8323
8191
122
2835
2920
8042
5035
8323
6112
9015
2448
3351
5948
5445
9914
1492
3373
2155
2758
40
9308
965
2094
9590
6639
1981
6460
7639
8615
2527
2293
136
2950
8880
5934
1301
3679
1386
5138
4909
6266
2297
157
9884
8960
3484
1234
617
7294
6745
2551
7457
3002
4914
3028
3982
9135
839
6389
9117
8254
225
927
1628
7891
5889
6743
5380
8870
2349
8938
2322
8062
5292
9829
4259
2767
6321
4470
2929
7897
5308
437
6605
278
7763
6369
224
1972
293
384
7884
3240
8201
8718
7933
5458
3957
1118
829
1680
1774
1572
8008
1034
2250
7694
9537
1680
4490
6847
3050
438
867
2825
9073
4597
5598
941
5401
3212
7572
1979
153
4914
9123
6281
4813
3162
9072
1259
5664
7605
1909
4410
2992
5367
7253
4505
4194
4999
4247
9664
1711
6139
6489
3315
8860
7610
5455
6012
9240
9794
3437
9225
7105
426
8425
5021
3148
2211
2723
965
8779
5449
9278
2026
4892
6890
3535
6837
3987
2735
2222
1381
7506
9263
7887
5471
651
5904
2906
4726
2209
3786
2450
4635
9042
7132
8663
2351
4983
7945
6436
7024
7425
9042
6848
485
7824
2158
2357
4629
23
7859
7496
6454
3257
6284
4357
1575
7854
8668
2707
2522
9474
6680
1389
773
4947
4013
1277
3316
2516
2142
4064
745
7648
9416
2170
8154
2156
7521
7591
6303
1094
8289
8792
3680
2677
6124
1189
3902
3856
3256
4682
9559
2365
8965
7880
948
1777
8435
2701
5180
6342
9988
5659
7858
4023
2706
8360
3599
6805
9280
6099
1223
8444
2368
8595
4845
9148
3871
612
9201
4523
1287
8601
6860
7004
409
4415
8715
8407
1478
93
5300
2180
4995
7426
5799
2977
4730
3423
4879
999
4211
7121
9324
6737
4544
5946
3695
9193
3835
7963
134
7776
1444
832
1638
9887
993
9275
3794
9904
5745
7964
405
7967
188
7264
8564
5978
4185
4487
2619
2093
1423
8132
1013
7401
9437
2622
4601
8255
7942
1028
4595
6439
8478
5025
5040
9090
2224
2955
2207
1002
7268
5198
9678
6827
189
8580
899
4015
9355
6571
3554
5690
2096
998
9767
3345
7820
2198
6626
8936
6100
2459
5902
6062
7101
3036
6349
6110
1813
5770
3622
1773
149
5004
1284
7467
1023
7308
1621
4209
4493
2617
6821
8933
5358
3740
3355
5790
5143
1161
5250
8291
6108
640
9788
1791
2034
9845
8497
2447
5627
4577
669
3616
11
1843
3688
4902
1365
2105
2877
4926
723
9645
9194
2751
8227
9134
6609
7764
4894
6599
2005
6932
8627
938
3657
6763
8025
291
2329
4045
8354
5498
973
7962
3904
8730
2170
9031
8203
5334
249
5359
3916
6611
3193
5124
9580
7370
3245
3151
6444
7299
4939
8702
7804
4172
3956
4286
2570
8577
2502
1322
6341
7221
9674
7664
6770
9378
8586
4641
814
7777
1285
5459
2878
4611
9843
9448
2944
2681
7466
5606
7266
9483
8177
8892
6480
9001
3491
6462
8889
9960
4606
7615
9214
3984
6229
975
3172
2417
53
5112
1630
4041
642
5683
6581
9731
3712
1012
9423
6409
1481
7968
4664
3060
140
4133
4115
8030
871
5578
6569
2675
1872
5957
8894
612
360
1175
9443
7908
5880
8948
7959
3117
1794
7419
9343
8067
9460
9390
2845
1653
1209
9125
6855
7493
8045
3046
2416
503
8397
6259
722
1278
9050
3234
6960
9734
445
9443
4878
7128
2942
5409
5349
9539
5680
1596
6137
2642
8721
5815
9307
8521
5330
2409
136
1404
2850
740
9003
3943
6806
3737
1150
7514
8711
7086
3814
920
1140
8141
77
2939
3477
12
1647
9074
3254
6429
9382
3668
3969
2626
5576
2617
6268
8941
5088
6096
5520
8052
9920
8558
8664
8887
8670
6952
347
9592
1168
2513
5694
7142
4317
3670
6874
5200
5579
382
942
7218
7479
3819
1930
6392
6618
8813
9930
6660
593
7216
5130
872
191
7361
6382
9094
932
5465
1965
1679
2559
4108
7058
8856
7165
3246
2400
6084
3675
5541
3468
4806
2121
6791
9842
1737
3440
2074
7871
7364
5252
6273
4309
1168
674
6300
7123
9067
2243
7571
6248
1950
4712
5773
3383
1037
4265
6244
6646
5762
3089
6242
7044
3477
1251
7855
266
9200
7513
8601
1180
2573
8462
6673
7570
674
5965
3520
9906
499
5636
3650
4693
9829
6639
2270
1698
7995
982
3893
5083
3899
1079
3758
1133
1977
1900
5845
7339
9254
837
7787
9511
2002
9028
7323
642
2722
1176
6286
958
1801
6528
1699
3463
6102
1502
7240
1854
9715
4544
449
8205
1182
6508
4913
6435
615
5358
8638
15
8574
9998
6661
7747
3734
6186
4841
9369
2268
1992
309
5700
1573
6503
7829
9572
1784
1597
1895
365
4044
9385
6244
6557
2159
8617
2565
5074
1835
8897
563
8556
5656
3675
7442
8530
6947
2194
1164
526
3382
4455
1088
8814
13
8309
4635
1846
6641
992
6940
7662
5965
5216
3636
8330
2804
9416
3720
9162
8766
285
2104
9713
3578
8454
6093
5722
5108
9113
1361
8903
1835
5339
6120
2864
320
7653
4262
2222
7787
724
405
6761
7957
9217
9132
8842
9595
9103
1143
4940
7350
6009
591
7804
4268
8881
3079
7363
4191
3911
8790
6789
1959
5200
26
9429
1726
9152
4646
5010
1873
8559
3495
8144
8229
9132
4838
4231
5727
7451
6539
7248
9812
56
9059
6505
8611
4828
2893
6534
5755
5420
1450
9509
3725
7267
5782
7135
5214
7625
5427
7270
5992
8059
809
741
7692
4987
4580
9405
4596
6986
4527
9182
7840
8974
6529
617
9951
7803
8578
2753
9488
2396
878
6167
5308
4054
8859
8348
8273
6163
7725
5626
5348
3275
7573
8804
4479
5384
9827
5228
7939
339
3425
1853
6551
5468
3434
9695
8989
6370
385
7378
5761
2012
4275
1429
4930
5496
3736
7409
6749
4652
5296
3206
97
3025
5549
929
3426
8805
5986
2725
6855
6547
5052
8773
8647
6148
190
3456
7081
3497
7093
4877
821
6824
8099
8237
6459
1497
2197
9486
6142
8318
368
9722
2190
2653
6899
6073
4450
7766
4968
8307
9731
2529
2245
9268
9758
2923
9760
4328
7285
170
5513
3605
2695
4797
8492
6785
7899
7740
921
4113
5453
1904
2658
3877
1251
5191
7697
2891
5419
8046
2545
9237
1873
6713
4275
5335
3575
8964
5707
3761
8490
2508
8091
6276
4008
5857
9845
1184
4241
8529
7169
4969
1969
780
2157
3133
8359
4818
5832
5674
2670
4232
7866
8017
9136
1897
1806
4249
3968
8586
7715
6286
4654
6103
7244
9851
5510
241
6737
3978
2407
5771
8163
3828
2067
327
2796
9175
7584
3852
9947
6965
6420
952
8508
3258
2029
6642
359
5684
4378
9676
5860
9184
1696
4504
775
9796
410
8588
8949
1205
425
4268
624
4572
9332
8836
6397
4546
5254
1517
5000
3775
4910
6712
8997
5819
26
5949
6244
6976
6106
131
2299
6832
9658
682
9047
914
9256
4073
2589
3551
3363
450
7858
351
5428
557
7344
7315
7723
5809
7086
7967
7245
3908
575
5273
2420
8236
4650
1742
7732
5728
3301
398
4781
5108
8431
5658
4968
9065
240
8718
4477
1139
6304
414
1797
7009
3969
6125
4571
5257
7298
595
9734
5315
442
1226
3549
7547
2073
294
6907
8647
9227
8024
3264
6809
7205
6718
8942
1006
6783
2119
2014
1190
9895
778
2091
2666
6429
1866
6753
6507
7681
7241
5006
8144
4795
7314
7499
6716
9799
9531
8440
9652
7418
3132
9161
9738
2005
9519
4315
5801
612
5729
4847
6286
3355
1183
1779
4348
8316
4260
3022
7305
8183
7286
2894
581
2385
3868
1566
4990
1952
1354
8189
1510
2667
3476
3152
6472
6659
2084
3960
78
5164
1694
1475
7145
6517
2042
9670
8974
2995
1519
6928
6925
1293
133
6415
9823
9992
2160
4791
6164
6219
3277
1672
3321
2315
4680
3879
574
1923
7867
2774
6264
8101
2133
1904
5054
3896
5883
9041
501
9
2881
481
9524
7105
6407
1195
455
3852
3051
1333
8692
4833
8047
1411
4302
2492
237
6044
2255
2368
4718
2233
4843
75
6430
9983
3575
1162
4307
2630
9464
8790
1369
1493
7908
2425
2501
8257
1978
3375
5161
7776
1417
910
2913
4372
7450
8783
4426
4580
9768
718
5007
9915
6432
8948
8557
4438
8275
6594
7470
4114
3309
844
8381
9734
5490
1955
9989
8842
2815
9407
4417
2997
974
4259
5144
9903
8080
7800
927
5776
3168
6519
9755
9797
1299
3321
9164
7344
8225
153
7576
5024
893
23
9274
1183
8693
4257
7485
5500
7043
4211
3099
5578
3457
7186
6009
2562
1558
4170
3834
4072
8548
8253
1262
2025
3393
9468
9356
2615
2058
4377
5304
2472
2101
8042
9600
2058
2247
279
6549
6372
8804
2784
5559
3172
3945
3532
2554
5363
6882
5549
890
8008
3394
9369
4855
3715
7576
5017
6441
5987
8752
1633
9593
737
9870
4327
503
9843
9029
1590
5955
8473
8995
4210
6239
3699
5816
5121
8135
2629
7927
8289
6397
7
5285
8350
661
8311
5277
8083
3244
749
8989
4599
7867
2512
782
4598
5598
3324
9957
3004
7146
4794
915
2909
7081
6283
309
3708
3495
7684
8854
6567
8665
3466
4766
551
2479
3678
1122
8134
2431
856
5109
7607
9197
6738
8163
1813
6245
2922
1991
5112
8692
6487
8180
8469
8991
1345
6634
1099
2628
3421
9125
8585
22
1374
4640
8194
4607
3650
8214
2489
3017
7708
1731
6084
8527
165
6610
8577
8522
8705
4260
5494
8967
7092
9564
7745
6663
2163
2763
5561
6689
157
4937
1888
9807
8702
875
9871
114
9767
9673
8206
8630
50
1856
5361
9438
6482
6337
4457
9015
4667
4864
3362
1294
228
8852
5418
8605
2139
4499
5975
4900
1241
4707
1470
4656
9987
4748
8764
7830
1304
6264
9647
446
7016
6775
6910
1508
264
8859
6088
6860
9784
8911
3100
9137
1618
1631
696
9690
2748
7655
9226
9032
1233
7307
3769
1567
8236
5096
7521
93
2028
7595
5478
7642
3144
3634
9994
9079
1602
6017
4021
4761
7613
6326
5254
3824
2696
9134
4525
6823
6567
6646
5989
8153
893
8338
5866
8345
5632
7469
3851
5645
8991
1109
4630
5883
3625
6457
4684
7721
3140
3373
4655
5424
8037
5979
5438
8409
5885
4174
7914
9845
576
4856
255
4936
6866
4382
8418
3073
4993
5222
9446
2410
2402
85
3897
645
5870
2649
250
990
8609
8254
7500
620
2304
1092
6909
6035
8668
2267
8162
196
4636
1648
2657
3112
8315
8145
6360
5292
5784
2049
4875
6724
1372
5612
4341
2312
2467
1667
8644
3393
1427
2371
5031
3982
3960
3818
1929
3157
2406
7038
3563
2987
5668
7737
7070
812
7986
1973
2623
8717
2404
2599
3807
7350
4881
253
774
4702
5092
8705
9438
9701
8019
5614
7618
8554
2401
7592
4281
2712
6229
7970
2228
9702
962
1696
8131
2175
1114
3151
7022
5162
609
4284
1815
9519
2632
9818
6003
4255
8204
4735
3352
1818
1746
5237
6503
3890
9117
2075
4765
1097
6481
9009
4597
6776
5686
7900
6758
2702
4659
287
1650
7181
1370
3839
2636
6986
8044
5002
4631
283
474
7842
7260
857
8226
1555
3531
7721
7473
8410
9581
8434
8470
2007
8288
6785
7627
299
5290
302
1016
9575
1509
8526
4082
4588
4848
1750
3118
6073
824
6112
4319
3820
8482
1596
4560
7795
5353
7070
8151
3337
6925
7697
8391
5658
3203
6358
1021
5413
7568
779
4764
8149
9855
7422
5145
1966
3284
4300
5541
7733
5602
8243
9925
9979
5164
3515
1159
9598
3355
1827
1838
546
7018
4641
9330
5698
1867
1360
5434
6231
4869
9727
2258
2262
9507
6715
457
5672
7802
7224
258
7419
9951
6757
7436
3430
9720
1303
8609
7720
2413
155
8092
1513
5028
7364
8172
1240
9406
1058
8706
995
958
253
4671
1533
9861
3295
7232
4056
9148
8313
9484
1818
8019
1977
1121
6675
6346
642
2855
4337
7092
2351
1945
3928
4456
7336
9555
636
5759
9986
9546
663
3888
1388
3820
4031
6743
4067
6049
1542
9045
5266
1563
7566
7497
6518
6376
1333
7767
6344
9630
7132
6939
2658
3931
3635
1310
8013
9549
2004
2507
9420
8960
6088
1951
8431
9936
6386
9961
6079
739
5947
8674
3961
9051
3554
5657
5193
6252
5796
493
4520
3023
9985
1121
8925
1236
9033
2938
1836
8638
8631
7109
165
5938
3096
7799
9933
1358
9104
4220
8448
5956
6379
7473
9046
5630
7796
3018
7798
1673
2874
5833
9444
6835
2994
8936
997
8990
8470
9362
4285
1665
7658
8265
1379
6923
685
2804
9636
8828
1058
8754
1957
8898
8371
7891
3060
9153
7168
9971
6715
8720
6171
2814
1679
4425
152
2033
8640
5775
2920
5241
1264
7469
5570
9741
1916
6069
2565
7496
6558
2178
7581
1161
7011
929
3621
1751
5461
9099
2143
8584
8918
4296
5756
3066
8837
2030
1312
8978
6379
9401
5060
1843
7503
4559
6415
9006
254
4105
1359
6888
2658
9348
6514
6080
1569
9116
4011
6419
8028
8457
8526
5036
7209
7095
9623
7823
753
4598
556
114
4178
4790
9639
8014
8829
4129
5525
3829
7641
9758
9607
1983
3613
4534
9342
6813
3877
3528
1290
3049
125
719
5095
6936
1880
9491
6339
4918
7476
1876
516
2133
4612
2658
7537
3483
7347
6088
6957
6342
1156
3887
423
2047
4019
2407
3675
9435
1880
1366
81
5919
6402
5511
771
8289
5675
7133
9219
7933
2965
8533
6079
6865
6345
6898
9411
4538
610
6977
3214
1663
2394
6807
8865
4527
427
5167
9658
6099
4957
6487
6035
1974
5215
267
5685
440
32
903
4015
6863
6067
3990
1839
2565
2024
5742
5976
3647
2339
7691
1434
8855
5400
4612
168
5100
5609
4583
2903
3462
7816
4779
7776
2143
3155
7154
6460
9741
9334
2482
8049
2157
2450
5542
1996
9198
8235
1077
448
5212
2381
6338
2833
4540
4120
1639
3149
5900
3190
4911
6545
3830
3791
9894
174
6931
9968
4034
6251
8540
5323
7477
1300
2762
3340
991
4127
686
8579
2041
6237
5783
8551
5055
4124
2644
2493
7335
9342
8207
5230
8507
7916
326
3725
3014
2101
6354
1244
6667
2084
8488
9664
2199
2610
4970
6201
8793
8449
5725
1799
799
4558
9515
4457
6485
3445
1770
9488
2949
1445
627
1175
7841
2318
2420
2075
8021
1434
3447
549
4475
5322
743
1274
1430
2668
5686
146
4911
7373
3112
361
2421
4588
6023
5412
7686
1330
4315
4277
7051
2523
65
6985
7908
17
8932
376
6589
6923
8397
6254
9100
6282
9088
5514
4650
968
1906
7936
1810
6023
6121
8916
6988
5312
6084
8902
4292
4206
2112
7929
9260
3482
5390
4777
7701
4828
3512
1513
6735
6531
1511
4256
678
7624
5443
4693
9405
6951
6514
1178
7352
5934
2298
9099
9787
4220
8562
779
1774
7343
1646
2292
5701
1672
393
8655
4020
8215
7872
5753
4178
6775
9900
1200
9859
3135
462
6248
715
3261
5435
5045
6194
4537
2997
7892
6169
3015
2483
5827
4581
8475
2931
7524
9112
6874
111
6767
868
8534
7021
4923
4882
6755
7043
3118
867
5585
427
2486
3215
2804
6510
2365
7652
9892
1203
7443
4946
1249
5529
2693
9650
8663
4103
1516
2302
2355
3215
1813
8594
5809
6550
7699
6463
6452
8081
5915
3506
4524
7503
2412
2471
1482
1013
5772
7795
3579
1490
2135
7397
6659
832
7624
6585
7330
7319
5901
3848
1424
8526
5395
120
459
1869
7251
1536
1398
1329
2166
1507
6665
8787
4134
440
46
8372
1392
6592
37
3823
6530
7046
2300
703
3880
1064
8039
1074
3805
4841
9354
3904
4556
7562
9044
6166
9736
1958
9038
4742
5506
6906
2655
6623
7265
7911
8973
9694
4919
2005
5655
1587
9581
8241
6791
7061
5803
2698
2558
6841
8873
9483
5467
4175
1720
2280
6492
8797
7522
4855
1007
283
5332
5814
5244
942
276
6988
8222
1997
2848
8225
6659
7419
4004
5307
2042
3055
1679
2542
5640
438
8383
2703
9590
9607
1605
4597
8353
6535
4629
8540
3186
1581
9262
6059
3917
9081
1695
7396
4249
9361
9088
7735
5335
7142
8400
2729
9637
5094
4770
3676
141
5400
4952
6853
7743
4855
3195
3327
9413
8164
9421
5174
6298
4175
1224
3328
5114
8707
4624
3256
3524
1668
8227
3504
4542
3833
1029
6429
9638
4693
1930
5574
3608
9571
321
6424
7457
1506
7972
694
754
3587
1304
2664
9249
8207
8552
9556
2931
6810
9499
4361
1759
9152
3570
1113
7039
4831
611
3155
4063
8445
5242
5734
8593
9157
836
9201
3485
575
6097
5559
8481
8110
5481
4519
1820
5676
9277
7057
1555
7892
7977
4743
7168
9614
3101
2372
4677
6797
765
1021
6139
2833
5891
2099
6071
2228
7432
100
6286
7168
9243
7676
3490
3279
2365
8930
76
1125
4927
9062
6745
69
2769
2125
5301
9888
2515
4299
5238
2827
4097
9004
7771
3619
9002
1385
5212
4851
7322
8270
9501
6346
6950
5617
1391
9021
5510
1444
9461
5024
9074
4896
3885
115
2238
6159
1609
2156
8705
2214
5784
305
2619
7088
5458
9909
116
7722
5854
2984
303
3745
3404
1164
8912
7462
3212
9997
2880
6649
7366
4143
8717
818
4583
4971
3177
7922
3890
6546
7893
6239
6716
3358
3531
6000
1012
7862
5485
1051
4706
6848
3350
8344
8778
324
558
9519
1975
8182
7420
5725
6820
3799
6485
9543
6172
6444
2770
1502
7482
6251
931
5746
1121
9471
9740
6194
4695
5844
1336
4773
7451
9828
4411
7363
5346
8287
1446
8181
5929
2377
5028
784
5975
4869
8006
4921
5311
1154
7003
7899
2766
5518
9847
2588
3541
5276
6707
8710
1220
5425
7159
6030
913
7355
314
9296
2014
8270
3877
4630
215
2572
3175
7501
7182
3101
5715
6783
8999
7622
3834
1747
2194
1869
9082
20
2977
9313
9726
2130
505
5095
9874
9083
7702
9178
7811
3571
7153
6978
239
4329
9420
6910
7120
8987
1594
8210
3760
5267
367
4349
325
2400
317
4718
4041
8885
96
3546
1614
8369
8727
2660
8296
969
6739
1453
8574
8835
1882
5141
4218
5115
2113
11
287
896
1592
7694
8572
544
3247
2103
3563
6228
129
1859
7794
1631
7948
4411
9933
9159
2864
7487
9737
4141
5067
6111
9653
1747
5412
8800
1664
1474
9172
8593
838
5108
8258
3221
9447
7778
8913
4471
8568
769
3240
7704
3085
9965
2371
7200
4257
1552
1125
6638
8482
6909
6982
7181
7836
8598
6920
86
8515
5168
1538
2132
2114
340
2011
2051
187
1002
3979
7032
4031
7555
5368
4179
8383
3216
4530
4318
2690
1751
5026
2396
833
5135
6760
2745
1997
9023
8301
2772
4846
2209
9955
3033
5819
4198
4990
3802
9498
5877
3335
3756
7409
6392
4590
468
9427
2552
5271
9586
5410
5796
3582
4361
5937
6109
7576
4708
5016
377
8813
9944
3428
5032
5075
9463
1296
6891
6385
2132
5499
2174
9888
9411
7373
2532
9032
7550
7448
9574
8342
9944
6192
8064
4203
9041
6946
4105
2774
3775
5394
2632
9652
7031
8142
2671
5044
5564
6969
2403
8937
2252
7641
5253
5075
5398
6045
9910
7701
474
8086
67
6333
1938
2896
6300
7447
5191
8022
1594
7443
4844
2450
2065
9757
2918
5917
4468
3150
6677
5368
5887
1247
8795
3510
4909
378
7050
9730
3453
679
1683
8505
4658
1881
4494
9712
3377
5596
6818
3320
3797
9115
8839
8109
8622
3263
9550
121
5693
9920
4605
815
4872
2893
9386
3124
4751
7544
880
980
2875
409
8362
5830
2935
9195
7591
7894
158
8232
5688
2328
6591
4294
5433
6433
2047
4893
5135
6293
6129
4202
1705
6172
7119
4121
6206
1
7179
4907
3376
3759
6565
9252
9466
3812
1943
9469
1544
3666
675
5309
7012
9467
7918
4067
932
1356
7591
977
3491
2768
2030
8019
7277
5381
650
1241
298
9488
7489
5407
2607
2394
4108
552
831
1245
2854
7973
664
8632
8870
6014
4840
4201
5954
5408
9166
3666
790
5972
8736
9971
9041
7575
1271
5538
4371
5410
2357
5595
4535
4247
4143
8106
228
4239
9046
6242
5275
4040
8827
6780
4393
2827
9379
8207
2675
1441
9751
2340
2163
5306
724
298
424
1118
3456
917
1590
8838
7370
2820
3073
3961
7323
7081
2080
3608
469
5602
4127
6916
9552
9919
1436
2922
6717
3089
266
6098
7908
6342
4012
5190
1793
2196
4409
2766
5180
7724
8472
4239
6496
9190
6425
9928
6302
5200
8733
7141
1633
5519
1945
7908
6172
2814
973
4709
5273
4069
812
9317
7097
7965
6231
5733
2958
323
7754
1988
5249
1672
8624
4120
393
7249
4826
1798
133
6082
8797
9291
5536
2083
5977
5336
3187
7930
7995
3079
9159
8147
2916
8253
6730
931
3268
7553
2684
8209
482
6206
7649
259
4428
8738
3528
9597
6826
7860
5848
6764
2730
9699
4374
2405
5557
7066
6153
722
1626
2060
5844
6249
6216
7032
2016
2428
3163
8055
6894
5381
8406
564
591
8364
1389
2356
3863
4510
4230
2880
1996
385
706
7450
8946
3193
3632
2427
8790
4959
2330
9144
5098
4695
6136
8098
6289
4018
9568
1100
5630
2689
4489
8101
8436
7336
2158
3562
3716
7800
9965
966
1600
8445
9744
8592
7401
5778
7847
7880
7498
3865
340
5286
265
9211
5919
8262
5414
7151
193
8966
2731
3414
7856
8508
2951
4929
7632
9677
4099
298
3427
4323
3283
7109
8870
6369
8832
812
9248
2157
8860
6250
2005
2453
5450
2584
5350
2400
7055
9504
7398
932
9721
4481
6979
4511
1405
3180
5943
171
3731
2712
7551
1553
8663
8640
285
517
2720
5699
611
8287
6068
8481
6883
5295
3665
3561
7221
8
5641
2448
1234
6819
6529
7314
2003
3002
8043
7960
3628
1717
3277
7227
7835
9936
2989
1211
5876
9959
4234
4528
2996
6684
1848
7976
6389
8232
4882
2122
4270
7306
5689
6546
3781
9358
4805
9243
7766
3732
6322
6338
4950
4082
341
4471
5137
9408
372
1907
5366
1131
9523
35
8136
5158
5248
51
1603
7893
9696
4087
6431
4414
5696
9971
5230
1445
786
9972
9543
2632
2471
7705
2290
6043
5204
5211
7954
7695
7294
2157
2166
2680
6494
4259
5225
9038
3210
5445
7073
1974
2620
3796
9223
7081
1170
9391
1599
4673
2330
3367
7389
6677
3773
9013
637
3023
4449
6439
7570
942
539
2087
4874
7710
6101
8458
7108
1337
1188
9858
4383
1796
9253
1205
9927
961
173
6488
1347
1941
5535
3980
8036
6150
9014
4490
9514
749
3762
2787
2060
6689
1281
542
7788
7212
649
1303
6087
3511
5845
1737
3829
8024
8905
5998
9029
8194
2146
3739
7619
6976
430
4664
4945
5704
4323
8356
5499
9569
5946
5882
3773
7104
8876
5297
137
8535
151
1164
1217
2163
6660
6920
5311
3168
1711
6759
6433
9103
1992
9600
3872
9652
7459
2913
2135
1771
8212
9800
6443
8089
6903
2458
6386
8763
3584
178
6998
9788
8240
3794
1275
4896
7157
5618
8673
4103
6696
2397
552
1582
8521
437
3819
3050
327
5754
6059
1311
6034
4996
1395
9319
3333
3925
4242
3546
8976
5423
1342
1673
7043
2050
3540
8725
6543
1004
3968
1927
546
8666
4059
1814
9875
4599
984
4099
1101
5748
9646
7996
470
6236
4424
699
5414
573
9798
9545
5119
4685
1003
8105
2516
1799
6350
5849
32
8043
2415
1598
9224
8250
560
596
1692
9656
1320
2099
3302
7332
734
2286
2789
7634
7906
6187
5109
6862
6915
643
4362
8499
3996
2017
8849
8733
8331
3737
5172
944
9011
4072
1713
7844
2764
5653
240
7260
4980
1124
4064
1860
1188
8637
3882
9963
816
3823
2984
8508
5642
8541
6214
4735
5294
6340
1449
3755
7316
495
4068
5187
2958
4056
23
8176
3620
4463
8218
2805
5519
7395
1152
2864
2997
3540
222
3886
4847
943
9344
3547
1404
614
8815
2225
7421
447
2580
4511
4954
4717
1785
4977
4612
1298
3478
5596
3612
3070
7597
4562
9492
4950
9274
3596
6095
7620
6224
8650
4998
5460
9749
6633
7482
3975
7016
1733
1228
6634
7363
4507
1654
4181
1636
6863
9432
4223
9799
9324
443
7325
8053
6420
781
876
1831
6162
6117
3846
1034
6929
860
8443
4895
33
8128
1986
7131
2077
9245
8272
3389
5407
9545
7037
9115
9912
1600
1871
1603
735
8517
3079
734
2244
8215
475
37
1709
9939
8048
3815
9301
479
3311
9229
755
8420
3163
4407
1945
106
7203
4642
5948
299
8130
1234
8428
8952
7121
4349
1500
4141
3631
1913
2397
4356
3739
8249
3739
6474
1576
3335
2575
4972
7103
1904
5962
5931
6060
2726
1670
5197
7940
1031
5345
6776
2423
8528
2201
781
5400
127
4003
2537
2024
5648
7961
3563
1695
8665
6972
2729
9532
5914
8757
8018
8723
8917
3185
3559
5801
2837
2069
662
6545
2554
213
8688
3398
7561
3754
4056
1502
5151
8571
3691
3071
4816
2905
5288
6106
2966
4682
7952
1429
9130
6829
7560
7829
7267
958
8270
8814
5382
8943
6230
1632
4516
2249
6819
5862
8673
7681
1784
3742
5865
8109
8529
2454
9234
7215
2525
2019
271
4445
979
162
2840
5519
2754
3117
4511
935
9268
6629
9732
9652
4129
5139
3908
7846
5146
104
6740
8031
2438
9029
5682
1520
2207
1409
2104
9710
6940
5116
1283
5788
6942
485
4266
6850
6473
788
1180
7501
1047
7214
2039
3001
3067
3160
7174
5671
8789
9917
1311
5737
9615
1194
5208
2250
3670
553
8743
2177
6238
4989
1363
4864
418
515
9647
3752
7193
5803
9341
7440
7693
3071
6255
3978
8799
3068
1321
4651
92
9556
7788
5483
823
8777
9090
8481
2108
9460
9612
3309
2429
5826
4378
3729
8517
6649
666
6491
4268
5165
3967
1147
4937
892
1041
2986
5091
3714
7745
7816
6802
1830
2455
8444
2121
1761
4121
6652
8257
7414
1305
41
7162
5123
9202
2131
2983
9633
7631
2763
4337
2841
6336
5011
6632
1163
7422
358
8800
298
8514
9226
2215
9130
7145
8336
8876
4845
9628
3457
8128
9143
6549
797
9111
8539
2086
5841
2510
363
5403
6208
5372
9679
3440
3239
4949
9257
8352
4212
6771
1669
3975
4842
8295
1363
8095
4643
9765
704
9614
6268
6216
1918
9214
6020
6493
5164
6004
6151
7614
910
4179
8708
6118
7261
9691
5538
1422
1936
4171
6825
4867
1816
875
275
8321
5595
4404
5489
4404
7719
3425
4778
9400
3662
2964
6918
4697
6191
3922
6954
7118
1915
6620
6933
3426
1037
7452
3051
2941
9390
4326
5157
8000
2904
4597
6934
9175
3796
4487
3110
723
124
6771
3790
258
3412
1741
3423
8538
5589
7327
8053
6526
5361
865
5604
5512
9687
7857
6854
8076
9378
2339
4228
5560
9995
6122
9718
2593
3377
7806
9110
6813
385
2160
7461
8913
9071
4317
3773
6795
7112
7410
4969
6278
1655
1910
3091
9084
2674
3017
6218
1758
3154
6378
1274
8678
8232
79
1626
3461
263
8780
1299
4312
1718
9954
5315
1831
1081
403
125
5688
4234
921
1966
4684
2380
3025
5503
5000
9338
4967
6850
597
9557
1104
9285
7080
681
1055
9756
4671
8186
9619
5545
1427
641
1709
4719
4936
1840
7323
4899
1779
2485
5534
6517
3461
5231
8656
9947
5181
417
4178
747
1307
1000
6395
8531
2397
958
9203
921
488
7225
4077
6788
7072
442
6444
720
5169
6875
2007
6545
9330
7878
5644
5509
1486
8987
7216
1344
733
5505
1485
1767
9020
2169
9824
7380
4414
4491
6809
8043
8713
4231
350
5466
2082
6477
4276
3150
1675
3356
4508
3183
7376
98
6068
5276
9581
8386
3548
2083
5199
4269
6236
2362
4729
975
9688
1723
5763
7665
9976
8555
711
188
6739
9939
1819
1014
5218
2024
5237
1854
5076
181
1412
7214
7216
4647
3883
3990
2040
9659
5892
2982
5654
9255
7827
3909
677
6130
4327
141
3512
2491
5076
9276
5104
756
3966
1669
7860
4281
969
3690
2274
6602
9011
1719
3362
4363
7922
3991
9029
3871
4314
8224
9717
4388
8863
8655
3560
9567
8744
4799
2719
8357
3150
7989
8928
199
9414
4580
4563
330
735
1568
5697
9246
8479
8149
2310
3811
3289
8955
4831
4632
8613
2094
7201
1139
5009
528
106
6660
7225
836
5832
1437
9143
4802
5785
1378
6104
4830
1675
599
3650
5630
2035
9131
9338
9401
7521
3800
6111
7343
470
2185
3029
6625
1119
6924
5529
6612
9984
4657
6560
2608
5584
5504
3498
3262
7447
1944
8806
2832
7197
4898
2336
690
7521
8966
5621
5071
6958
7274
7627
3112
9224
2878
4742
6534
3416
6802
7614
4811
4793
9329
2889
3171
9017
6629
9060
2682
8434
3776
4358
8688
938
7476
2129
6698
9914
9886
3811
3157
61
9086
8038
6313
2435
458
9030
1124
149
514
8461
3967
5632
4117
2106
4673
3756
7198
7655
2285
3737
8368
2259
6145
4149
6094
9188
3083
1439
6976
860
4045
7356
5412
6040
2818
1986
7063
2032
9639
7096
9786
9089
8195
3515
6945
8903
7093
8923
8715
7739
4660
9162
7601
97
2969
8216
7141
5405
6465
4190
6372
992
9462
2804
9572
7488
5349
7623
7695
5583
3006
7433
1985
4377
7255
8422
1095
8731
3020
3114
517
7884
8564
5779
5681
4668
614
163
6258
9924
7391
6717
5722
3317
5878
5328
54
6406
5259
199
2145
1301
9559
9980
8049
7520
3663
3499
8985
2976
9941
7946
7286
6764
128
2737
2955
7228
8934
7813
8558
1298
5252
3250
9387
181
777
9885
2802
8920
7211
9862
634
1969
5290
8056
755
2911
8460
3424
5204
5216
9234
2864
8336
7313
2311
7089
2211
745
1410
4608
4615
1446
7640
7267
5589
2703
1137
6627
1461
3393
6009
9802
9771
8790
6565
6377
7210
2302
7341
6086
5526
9024
4013
1763
5638
3604
9160
8550
6358
5034
8864
5523
221
2731
8386
7179
230
9078
4279
8142
6015
2785
1637
3772
6587
2038
3504
9419
24
1900
871
1231
8432
7958
6911
9704
6629
5371
1982
7825
8238
9171
153
1939
8448
2826
9410
2603
9958
1028
6301
5154
1528
1417
2095
1817
4624
5114
4522
3970
5546
427
2713
4451
124
6431
2335
4064
3370
1426
7710
4045
5679
7006
4479
591
6591
570
1806
8654
5328
594
7569
7262
1945
6027
2267
1735
1841
411
1550
2124
5829
2024
1774
7991
28
8935
1113
3315
5403
3816
2929
9697
593
6651
6937
5353
8
7995
9245
2365
6622
7527
2262
4641
2948
7506
51
4740
1321
9708
9522
9748
9565
3442
9937
3841
6663
3133
7839
6148
7579
3206
8628
4172
4777
9618
5538
2922
4331
83
2240
3564
1382
7441
8947
7903
5288
7134
3888
1668
2969
6537
1044
317
3522
6726
96
2833
8218
3666
4354
6721
5829
4895
3857
9570
9574
8211
9747
4320
7664
7975
7788
8247
3372
1414
7596
1987
8310
6211
9602
9008
2894
1307
2769
119
8389
8417
5064
5855
9343
1613
9791
8172
6268
9099
9429
4989
7457
8527
6701
8522
4380
3534
4268
7937
4712
2452
2497
3803
163
8649
3679
2431
2159
7403
2918
8823
8323
6453
5810
8605
1596
3044
5389
6516
2116
1280
9815
4359
7161
303
8483
8491
6404
3293
7347
6947
1889
207
3954
578
7156
8685
724
871
6724
6195
2904
4121
9881
2441
3628
8890
7559
2492
1506
7446
8830
841
5937
9883
5789
3239
1859
5092
5496
7551
7476
6355
6119
7987
2406
4310
9663
293
8977
4219
9290
3652
8570
421
8877
4417
8346
2001
694
3039
7809
9489
8977
1135
2897
2476
3424
4766
2062
7676
9692
8436
8120
1439
5242
6666
6932
6093
5100
3427
7616
1695
2403
970
41
2290
9104
7645
5519
9090
9911
7024
1469
5104
9160
1828
1595
3539
5122
4131
2864
5082
7531
690
1029
7301
6289
1334
6864
3861
1330
7426
9
7167
5085
7619
8550
5864
8288
7751
835
7581
3090
1368
3757
9973
6140
5272
6494
7200
1428
7266
4128
416
2652
6457
769
1297
3075
2899
5456
2718
673
6534
5074
943
1105
7202
314
4612
1570
6375
690
2145
5938
6299
3329
6743
9153
1553
5581
6945
5470
3935
8071
6234
9321
7977
7429
6158
9717
5403
347
7320
315
2678
353
4788
7385
7764
5122
7029
1833
3955
54
6076
2580
1956
4438
8138
8470
115
821
6069
7681
4751
9189
8326
4281
5284
6863
7449
492
7694
3255
8311
9260
4193
1839
2537
7284
5689
8482
5898
9557
1167
7733
5611
4854
8105
8992
4311
4408
7288
642
4537
7260
6769
8898
1065
5324
6294
784
5577
3492
9124
3059
5642
3499
7118
4700
7333
6964
9326
8461
1312
709
2447
7700
3423
929
9515
8422
2976
9871
7113
2115
511
6083
9589
4997
832
612
342
3114
1975
6464
5372
6468
4543
3197
9688
2969
2828
5144
6130
913
5382
7881
2176
1100
7025
9781
5280
8687
1478
4715
8359
4937
7963
2216
4435
1950
6663
3035
2073
3098
7092
1925
6354
7754
8415
5914
6936
5412
3466
2430
9772
531
5681
1072
7626
2444
1324
9629
7187
6752
1610
892
1514
8433
7298
9441
957
6660
7682
2575
8504
7047
8596
6499
8556
3544
5300
3983
6331
6799
297
4734
8770
8619
6970
3849
5999
2467
9228
5306
1804
802
1576
7785
1283
2295
7392
134
8109
8427
172
9575
6883
5548
5698
4095
8636
4620
8212
3164
2035
1763
9267
5022
2671
2585
895
2387
5590
2321
1527
9501
5215
3819
1789
3473
870
2989
8361
8542
7774
7743
6233
7849
186
2110
4788
1948
5821
393
1574
4715
5398
1361
3389
2072
1812
3846
5609
1127
7953
7299
2417
2123
5667
707
1931
3469
761
1695
1686
9907
5902
963
4243
9160
9026
1677
8579
7897
7624
5811
418
8198
6390
6576
7304
4255
5937
622
1506
6477
3212
7344
599
6343
5236
3631
8588
6092
5149
8218
5242
9157
8837
6440
5155
9679
5871
8913
8653
4399
7995
7441
3252
3434
9535
2095
2249
826
7690
8458
2298
6064
3207
9454
141
6558
9898
2332
6703
4370
1778
9376
9607
1149
8993
4740
301
1373
3689
1456
8967
1543
3940
8153
5649
3102
7548
1885
4826
4202
7736
6235
5675
9823
4101
5572
5354
4026
3177
8945
3265
5225
2959
1199
5067
2875
2431
2141
8840
3507
1989
9631
6617
2079
3858
2726
2706
2786
2021
8858
5601
5248
6538
2211
3910
7264
3189
8817
4528
6083
4791
5612
3527
5283
7718
9719
9781
4611
9667
36
8228
1316
190
3716
9162
1254
8845
7778
3871
1419
3666
927
9836
7358
5203
4693
7992
3108
5827
7087
5607
3473
9156
3400
2274
925
2570
7660
5021
5803
7214
6091
8688
5428
2827
8285
9548
1523
9232
7677
4838
9088
1447
7791
6845
4492
6533
1019
3456
7010
4212
6670
9302
3634
3951
425
8796
1518
5740
5369
4530
5828
116
1672
2015
7952
9066
2380
3321
4494
6472
9808
3803
6148
6175
3753
876
8514
2243
4740
5461
3360
5968
5571
2418
9879
549
4890
1851
5183
6467
7829
9991
3503
6574
1510
2281
4889
2719
3709
7488
5502
884
4768
8190
2168
4266
2480
3760
8663
8493
5944
5828
5177
8691
7885
5742
5683
7379
2022
7818
7112
4613
2434
4528
2771
2050
5714
5353
1319
3475
6707
2870
6301
9739
4038
207
8643
7722
3875
8058
685
6879
9629
3052
1759
5691
3659
8626
3201
2809
2806
449
9870
1287
3401
460
7954
950
3061
5693
456
943
6747
2075
8871
4899
5184
2972
9072
2190
9528
1502
2382
8456
9534
8794
6730
3457
1345
2182
3817
8998
5403
5754
5339
1158
3576
6874
6923
2103
485
5720
8240
9610
8002
4467
9343
1693
8377
91
7917
6395
6972
6270
8723
1795
3746
3190
661
1002
3518
4429
8773
4968
3508
152
3760
6750
3551
9539
9377
2010
7283
800
8372
1945
7939
4428
9015
9593
7101
5631
17
2271
7814
197
8666
3456
6242
3396
7364
4176
9293
823
1650
8764
3599
5955
7286
4505
4014
4616
8932
2513
8870
587
7045
3894
6328
6284
3553
3545
4542
481
3978
1285
6954
6920
8537
9156
7154
9261
3504
9
3697
9566
9269
4349
4984
7049
9853
5345
8823
8276
3691
9034
191
6788
4067
6948
8060
2786
1402
5685
1797
3185
604
9644
53
4504
2426
1009
2668
9564
1526
7127
8157
8645
8782
8887
8501
3187
8453
4449
7032
4301
8432
7000
2619
5576
359
5209
3999
7967
5192
5788
5821
7993
1100
1695
2349
3906
5164
4496
9533
1225
9357
6011
7630
4988
9074
8421
1969
7714
3938
773
2344
2663
8126
7825
7446
5763
5695
2356
2555
2239
9528
1266
8057
6279
6820
8824
5635
451
5351
8722
1210
6678
3763
6736
3521
6539
3933
2364
5996
7311
6602
3709
329
5839
5122
5051
3022
4996
9106
5378
5143
5540
9548
8102
9148
7113
9018
6335
1594
353
8345
9643
8858
1372
5714
4447
932
8820
5340
5231
5398
2983
9697
6057
3763
7385
9706
3811
7953
436
4525
1251
3437
2372
6999
6841
4412
7014
6381
2023
9083
3471
9286
4197
6844
7624
4361
2525
6165
6300
9155
4528
4945
6415
3505
7354
3908
5102
8188
8971
9422
5698
9190
2426
699
9318
9757
9358
4782
1315
248
7665
9414
5089
4080
2122
6483
6393
4256
1501
1903
4925
7958
7469
6453
9431
8017
110
9956
6154
9524
6058
825
6742
9334
265
8989
6151
8629
5162
4067
660
4979
8136
6071
6480
4670
9038
680
9686
5551
6754
3584
1552
3019
5978
4609
415
3628
7428
470
5084
6469
898
728
2052
7032
8645
3125
718
9877
1419
8038
9736
5260
8595
5813
4312
4396
7721
313
2676
899
2628
197
7704
293
6280
4475
3276
1025
5786
8745
3498
3344
8495
8994
8533
5975
145
5638
2328
4608
2450
6116
3814
6182
5930
4600
945
4238
5149
2425
1580
6612
31
7954
9483
9575
7536
9500
8089
4864
4223
747
4076
8924
1992
3947
9800
1788
9843
2852
3594
8507
4860
5764
7806
7255
4306
3745
1133
424
3137
9388
5164
6058
1558
5661
3598
7195
349
6328
3303
9906
8907
4154
6219
7038
5481
826
9779
5508
6905
7512
1264
2151
4231
3548
3243
9854
9374
8527
9642
3444
130
2450
2206
520
7108
6633
4932
2784
127
9057
4346
2680
7750
9846
4359
6151
9510
1660
7613
2113
6337
3045
8767
1282
9332
5281
4409
8858
2560
3583
8897
3057
4495
327
6610
5690
6598
428
2457
5440
2156
1853
4924
1465
5502
8401
6583
6741
8143
2038
2760
139
2148
858
4604
9074
206
8378
9148
8141
5280
1359
9920
2267
7560
6237
915
8672
7824
9048
6176
1883
4200
1556
1505
6277
1932
9845
4079
8769
927
261
3437
4923
95
135
7491
9537
5711
3219
7232
38
4800
9609
7523
5188
7947
4168
9974
8995
1427
8225
5694
2985
2256
3081
9450
4181
723
1406
9284
7145
8787
8297
2591
249
6371
1595
7072
2369
8463
9251
2165
4901
7751
1118
1932
2442
2157
2525
3604
7419
1013
5952
5800
3347
6124
6770
7449
7190
8344
8331
9246
4410
6787
4329
3229
4635
7844
936
4916
7038
14
1175
2707
5357
2512
1363
8338
8513
8487
3054
244
1068
486
6785
4268
9792
6708
4930
6908
8680
4000
9144
6042
3106
4637
3959
586
3108
4370
5730
1598
3206
3329
1951
5451
7314
1322
1890
4065
6266
5174
2499
999
3764
740
6144
7922
4415
2836
9783
3191
6332
2748
3369
7341
4867
9339
8356
8396
2377
3209
6298
8928
918
4506
8396
7229
7194
4657
9041
6029
8718
139
8280
5445
6601
2573
155
5558
3339
3477
4780
1860
1134
8401
791
8709
3356
5367
6689
1507
8890
2734
1267
4675
8289
4341
3595
7127
8097
2448
3779
1154
9664
8201
8421
2179
1727
9117
1021
2001
8038
7024
5618
8292
1100
1299
6471
7669
1072
4796
5434
6499
5073
1971
6306
2467
463
5839
3310
3085
8086
6981
6710
571
5005
9870
6265
4325
9608
4521
984
2123
5011
6882
6062
8268
6155
1891
6971
4354
7695
6250
8731
9750
4499
3443
8997
6929
9692
9627
3144
1076
8221
8997
7406
6075
8797
4899
99
6061
2986
1699
2174
3088
5528
3956
8435
7598
401
3625
7944
7224
3922
7882
6871
4629
7490
9197
840
5226
8145
6234
8955
2359
5322
2453
3566
4533
8465
954
5859
7957
8260
5992
3260
6469
8343
996
4645
7644
1829
8465
7592
4980
4112
2
9767
2165
7
3210
9852
524
8959
7572
2670
8140
7765
4235
3121
9455
527
4290
9987
70
6620
5090
6027
1325
1161
8529
8691
855
8151
6372
6610
1711
4471
5365
1251
1093
6249
6681
1026
3922
4498
6897
8189
3186
1303
9908
9510
3162
3837
2789
8665
9343
4358
9589
6589
758
3835
1031
5676
1401
4419
1458
7418
5710
9084
2031
2891
8851
9509
5876
7267
5601
4708
5938
5715
7543
6624
534
4200
3178
9641
9937
4827
9702
2649
1195
8890
1845
1054
3385
5802
7774
9589
5197
5293
5751
510
516
9348
7081
8046
4725
1177
7739
6274
3707
6855
5308
1351
7002
7151
6408
3202
7384
1419
3126
49
6497
7113
5552
9468
7156
535
3671
1802
6717
1863
254
1301
8605
2933
8276
8278
7278
2504
2244
1123
1184
3473
1509
8381
4839
7037
8433
1385
8537
9139
8373
4408
6620
9052
2120
4242
9926
6173
5216
1131
1598
7246
6066
2547
1869
4358
2715
4778
2717
1641
8869
6082
6117
8601
3053
3689
7452
7347
9010
6592
9111
159
1902
8503
9571
5556
9331
9172
9143
3150
9352
6637
9704
9526
7705
9612
7996
4805
3462
6551
52
3696
6893
5788
5363
992
3568
7608
3499
9496
3660
1182
567
3824
3035
1874
493
262
8434
1254
1393
9702
3659
637
124
1240
5430
7672
232
5587
520
5014
6038
2015
6355
5184
4664
3267
3299
4352
5737
1489
8887
5694
9877
1120
2516
6309
3495
3276
3612
9168
9055
2721
4764
1815
1281
850
8539
2545
2189
5935
896
6832
7736
5307
186
2118
1668
7187
5251
3284
3616
3702
440
763
1450
2003
228
2485
6107
893
3294
8594
4614
3291
162
4755
5799
6562
9063
8759
1848
8707
1218
6743
6281
8039
3677
7420
9669
1912
1583
6083
1963
790
5797
8903
7556
5353
5651
5528
3704
7572
4875
1944
7017
2793
2845
4543
1358
3374
1348
3209
7301
5948
4674
204
172
6776
8379
6429
6705
622
694
5241
7158
2535
4872
867
7670
8464
7748
5566
8707
1705
2867
8627
6581
6587
9607
1195
4948
4921
5633
4868
5623
9079
6548
3345
2817
8741
6394
4173
1861
414
8580
5717
7299
4078
728
2564
8313
946
9548
7259
8387
4899
7067
5486
4900
6072
5478
9055
9588
1437
4059
8412
3584
8165
9143
5630
627
9761
3013
2642
9831
3805
9869
6735
1205
3929
8637
2203
2908
7032
9012
135
4434
4449
1163
8625
2185
9464
3613
8182
8481
2510
297
596
7273
5075
7579
7358
8522
3820
7069
2032
5424
7490
9499
2699
994
8690
8273
566
9187
5826
7587
3706
1628
9460
4051
430
2187
7397
9626
8757
5419
7757
4632
8277
9516
5527
5088
2892
178
6862
9815
6441
2210
1925
8141
9243
7402
377
63
587
4892
5199
9999
9458
1102
24
766
6133
7024
6858
2447
2249
3256
4194
6619
6173
709
5591
8055
75
5742
1449
2473
1249
6008
1719
7370
5191
3596
218
1289
3662
8025
768
9202
6880
3224
5003
9271
4769
1273
2004
5064
7864
1787
8726
9404
1821
1625
5945
4601
6810
6998
707
7101
878
9366
131
6385
1084
766
7372
6727
2231
5187
9321
3267
1448
2192
7947
5647
4027
6240
2647
654
8910
610
8257
3005
7243
5410
8893
6630
3396
9369
272
3950
767
3455
6766
9228
9117
2790
2006
4764
3662
1667
8916
4469
3950
5473
5487
3783
398
8569
926
8604
993
9554
3246
511
219
4442
9564
7324
3611
2165
7438
6226
2614
9128
6552
2787
7973
1640
4584
6427
9825
3394
4779
9808
6111
6704
6018
311
1767
2151
2628
1441
192
5037
6343
3034
7579
8822
1487
6579
1446
5240
8226
2821
9882
6245
7589
7860
2455
2124
9915
4711
6546
4752
1183
6425
6319
2754
8928
3073
4501
3101
2358
715
1705
1855
9166
1487
976
1619
8777
1286
4781
7140
1081
7608
6366
3984
8110
6372
9248
8828
111
1375
6039
8277
8796
9736
4822
3109
3714
6231
1596
2649
6164
2998
3324
384
2291
2239
761
7379
353
6532
7411
5419
4617
2660
2605
5268
3163
6595
5545
3477
1704
4538
2064
7601
6372
919
7920
5620
7464
1875
268
6370
7922
7527
2278
1023
5309
8760
9407
7637
1917
3199
4174
9299
6876
7863
4381
2519
4556
4661
886
2942
3480
3744
6238
4904
7287
9762
7216
3544
9581
505
8173
2600
6620
6773
5981
1033
5356
4176
4282
3610
7935
5621
9572
9946
414
2267
7987
2145
9758
6475
9534
2570
9744
6805
8550
2897
3317
5419
822
8075
6603
3082
3297
3584
7887
8621
9843
5215
6610
3187
962
3715
8774
6384
1482
5452
1247
9162
7977
2914
2813
4009
4811
2501
645
111
2525
1951
6797
2533
5345
6547
5227
7723
517
5620
6971
3976
8168
2780
1225
8297
4910
9306
3559
3535
4069
6128
3925
9106
7483
8238
3403
4924
313
1984
893
110
542
4023
7477
1293
51
7854
3964
9290
230
8557
5173
1646
5540
8007
3637
8656
4648
8612
310
7833
7413
6634
7164
5088
4030
1533
7488
1388
1009
495
3203
7941
1510
8530
6399
2339
9835
3510
3765
352
8132
4929
9808
6657
2314
8682
8268
7146
1904
5525
9758
6283
774
1686
1707
1433
2011
8873
6231
9960
2238
8077
3930
2851
1261
8556
412
1479
6054
5845
5100
3176
2220
2643
6980
4772
1489
1890
1185
9562
3327
8771
6471
817
9937
5358
4633
5414
9714
7192
1812
4601
9860
4568
2317
4691
5789
2873
1826
7480
729
2796
2340
2925
567
3872
1937
7606
7056
358
4742
7188
9884
3426
2210
1523
3844
6010
1279
7740
2117
8068
8737
3001
5596
4072
199
8162
809
9946
1280
7334
2406
3285
987
3909
3935
6961
6466
2778
5456
8667
3703
3150
2983
476
8144
9227
3367
6908
4624
5619
8611
6311
6533
5798
3578
3913
7426
93
5049
7720
2415
209
4468
2643
4851
384
3898
5090
9337
7140
8341
9371
2554
4862
4743
5115
3614
8687
9142
3015
6526
3028
1658
7982
98
6716
3922
5913
9542
802
6339
1856
9139
6655
952
1843
2585
902
184
5828
5427
4646
8374
5045
8138
8683
621
6151
3644
7770
6525
7626
2657
1904
7716
2123
6399
3288
7155
9518
6854
3991
174
116
9141
9575
4717
1433
155
2911
330
2329
1992
3
1456
9596
729
440
9099
7384
2825
6151
8210
3992
4175
6405
6725
3196
6248
1093
9978
9211
1
1832
6158
3542
2116
1477
7428
3475
5767
8424
6317
6933
9141
6802
9091
1978
2601
8575
8633
6679
4824
2131
8755
5422
281
1037
4241
1617
2688
2022
2370
2402
380
3933
8124
7014
5222
2819
2603
6207
8688
7325
7189
8433
5624
5765
5749
5401
1320
5582
8574
55
8513
6004
2546
7585
8326
5654
4515
9980
7895
1469
6330
1939
8339
9702
2777
3338
621
7324
4755
7784
3501
3574
7788
1353
6487
3871
6106
6029
1227
7261
2484
3318
9922
2702
2611
2999
8794
1879
1050
5200
1235
9459
7738
8777
3810
9684
8979
4805
8189
8290
220
6123
1442
401
6934
8178
7104
6453
4058
2691
999
6526
1673
6730
2453
7474
4590
7124
4067
7968
5947
395
8176
3393
4828
4533
6664
3884
4012
3272
6169
296
9382
2275
8675
1938
4622
8793
9936
1765
2006
5011
9324
4456
8444
1399
6598
6907
4582
6814
7027
6629
634
7811
9306
5596
2631
7805
734
4885
3708
2060
6630
71
9084
8074
3521
5388
1115
7846
4142
4763
9790
9166
2508
8738
2979
9674
4783
8093
2345
2179
6432
4048
518
438
475
8430
5252
560
8462
7225
4253
8711
3335
5793
4459
275
7540
309
1483
3682
5180
5129
615
2387
6334
8195
2888
4583
1226
5560
7534
4730
3433
6911
3938
3477
669
1222
4387
6062
2648
2543
6531
737
5422
9640
6228
3164
2032
4566
7566
1431
9380
1530
8282
569
9677
4535
268
7358
9440
7404
5199
1517
1045
5865
9965
2751
6273
6145
9320
3152
3278
6334
171
2380
9306
9156
4658
1233
9335
1934
6779
1302
2470
1097
8983
9033
8500
462
1500
9242
6069
753
5793
6767
3835
267
1179
4186
9288
2748
1278
7904
7763
4514
6727
5779
8991
3370
1946
5885
773
2261
4523
7343
5492
3221
99
3159
258
4020
1268
3999
9190
5207
1896
7143
8504
7611
5421
8278
1887
3319
2754
586
3994
5262
40
5422
9757
4294
4364
6075
6026
8237
2248
2675
6801
7328
3464
8886
5270
9571
3976
2930
7530
7543
789
8776
791
4436
3759
7877
1106
3497
5214
837
1819
1967
4537
4836
3165
4965
7112
3892
9132
6984
4862
7862
6863
525
9137
1845
8853
9876
7386
2929
7603
3801
76
9284
5162
7530
1453
1770
8463
4475
1454
6178
6028
1656
4783
4254
4809
2906
9284
6467
7201
3088
8941
8161
6954
58
4810
5951
9110
2956
9822
7619
4706
2691
3142
5611
2635
3977
6292
9888
1356
3430
8086
9867
6122
1802
688
8238
2612
8627
4830
1733
6233
4301
5669
9952
1967
6494
69
5200
7583
9636
2072
5765
3068
4573
7520
8604
4507
4206
1274
5917
7890
2270
3711
5887
5792
2494
2281
9096
5394
265
8561
5606
3743
3138
1134
3169
6929
5587
782
5816
1791
9974
6911
5643
3182
4074
197
3734
9300
1442
7590
8103
2073
2045
5312
6526
6181
7361
8820
797
6348
74
7151
4937
9846
6037
322
5092
4440
1179
1237
6405
83
435
351
8184
3061
6402
5151
9707
9750
9431
5200
8198
4181
1235
5712
8832
6375
7810
4691
42
4437
2304
5314
4758
7760
3504
7795
5436
5615
1009
8714
742
5673
3874
2056
4898
8888
4598
8034
2958
6010
9833
9712
6904
5735
476
8321
8217
3875
1221
1216
8465
7134
8847
6096
5046
1454
9007
2931
2494
9834
3017
9753
8822
8493
523
6265
7860
6803
1410
6261
9322
7760
7374
8631
3299
1293
1180
8189
1697
615
6621
5659
1380
1227
7109
7498
3181
7025
875
5414
3586
6554
1152
2141
7129
2439
1507
5906
5085
8220
949
7135
4644
2137
6361
5854
7517
7277
1647
1368
914
6717
4081
9304
6359
5568
5963
6139
6983
5521
4647
688
2042
8727
6964
6213
5497
4671
5765
4952
1399
3077
5890
9716
171
5530
8977
7410
1897
7445
8055
3406
9292
9942
8649
1907
9697
91
4927
9002
2392
3396
2334
4252
2958
8769
2573
9608
1422
7327
7316
4805
2702
2184
6204
2533
3759
2315
5394
4017
7774
1422
76
8594
2710
4348
650
1006
2326
4714
6842
6191
6765
9712
6567
7658
1525
9286
1266
4968
4308
4818
2270
6317
2685
2963
3293
847
1064
9622
9471
9359
9232
6825
9269
6027
3032
4573
2758
9561
7974
9054
174
5551
8976
2047
6108
2202
5741
2654
2538
7745
7566
4329
3212
7996
4685
1525
5803
302
4
3482
8607
7626
8043
2358
1873
2471
4613
3603
3928
7932
8597
4988
4646
5229
9950
5869
7904
457
6291
9694
4799
420
9695
5318
9504
3161
9107
7944
5912
6436
855
5326
9555
336
9499
2961
3875
1503
3889
980
5996
2264
8607
1585
1035
253
1551
503
804
2014
9277
2890
5467
8530
1960
252
2055
2023
744
3644
77
1840
6662
679
9494
8127
6126
6154
5596
5701
7092
9150
8723
5207
6497
1605
588
7196
5504
7624
8418
9439
2750
4436
320
824
6203
9786
4341
8044
9428
8689
5503
6399
6987
8193
1129
3649
4338
1289
6670
7384
1797
2844
6608
5092
6473
7167
2241
8341
8129
6638
2327
815
6811
3052
4884
2107
2784
8469
1906
6894
899
5301
6345
641
1386
9159
2261
9335
8634
1639
9821
6872
9612
4136
122
1509
2252
8962
172
564
1636
5712
7094
2870
4837
5034
5803
9743
7650
1728
1184
763
8514
6575
4526
3575
8547
5487
9171
6799
826
2327
4909
1009
5252
8322
5343
3291
8530
5865
9260
6571
4737
7957
1944
66
4728
7374
1869
3550
1400
9094
5089
5694
7961
228
8925
8333
3247
1317
8151
2029
8706
1812
9556
1523
1068
9339
995
7203
3883
3230
7292
2119
3699
3166
8365
754
6411
4830
5644
1501
6401
7244
6328
3282
1639
224
7111
7605
5545
9435
4735
3434
901
9937
2660
2930
334
3671
6455
8060
1575
1474
7379
867
1037
4030
4216
8640
485
8656
3510
1698
3704
1986
8985
3260
8844
9991
105
2260
3072
3886
2866
7242
2172
4306
5244
2632
8909
1829
5789
5215
7935
1131
5296
484
4229
8911
5133
8197
149
6198
2502
2279
7321
8327
1512
489
8711
4689
6116
5569
3317
661
7387
4923
6811
3861
8165
8609
5
5202
7188
8420
9983
3202
2545
1427
4090
3657
1230
4297
8659
6951
2273
3286
8675
5453
801
6707
9031
3750
2280
822
7167
221
5952
4632
9792
4843
8168
3442
9409
2140
3291
3364
5567
2574
2713
2421
9574
4742
7562
6314
999
8056
6314
6495
4266
115
7552
6233
9564
1118
2222
9862
6525
8680
9572
9211
9621
9229
8740
7300
9647
8589
9598
8474
5014
7349
757
4236
4521
2854
7561
7796
2773
344
7631
5579
8035
5773
9407
2824
5750
8372
6250
3353
9388
1119
4289
994
1281
6993
7806
1820
7384
5811
2934
3601
6602
8346
7377
9588
6356
2548
9546
3930
156
565
2688
3650
6624
4098
764
1922
411
2574
847
4050
2022
1086
3240
6376
9203
9662
810
5146
3870
937
7886
7735
6375
1238
1089
8943
4297
2101
7667
871
1420
3639
5428
5235
6045
9727
434
4235
188
8025
2774
7222
6875
7709
3626
7140
9682
6263
1964
3434
2114
4367
8471
3990
5851
5094
215
8594
125
705
9286
7137
1587
2220
8508
6080
6146
2476
7377
7026
1932
5826
3073
3384
2969
3149
1082
2642
170
9560
5057
73
8519
7666
3
6969
8416
1792
8059
9677
7029
8800
566
5960
2031
2606
8431
6991
4573
7884
7970
6271
8087
6394
4731
4001
4498
6244
3175
6807
2896
1609
3180
2624
1578
1260
485
2522
3468
3690
9134
8998
3940
1460
2405
2929
6158
5450
9434
6132
6118
5918
2996
2312
4906
5811
6427
9098
5855
7042
2923
2778
6543
802
1974
596
9539
3573
6982
817
8873
1706
4567
5825
691
4814
1157
9373
4620
6234
1184
2847
3432
27
2718
9387
6137
1887
8825
5200
9847
1260
3625
3060
2394
7133
3006
9464
9316
4591
1277
1438
6565
9386
6226
5777
510
1278
1014
7505
6902
5954
7611
5771
4793
9670
1268
9777
1366
8452
942
1013
835
9339
8511
2602
8379
8776
2158
8365
3022
6142
9953
9532
829
1448
7270
8292
2763
1916
1803
714
3914
2159
6142
4288
317
7148
9465
9908
702
8275
2591
7179
3613
8227
5390
5988
8519
7407
5030
8375
2331
3594
1146
4108
4305
765
1303
1004
3194
2459
5458
7247
3716
2776
4710
6386
8795
4129
1278
3648
1022
7375
3879
828
4602
4751
2530
7397
8855
9007
8005
7803
1858
8476
3313
6708
4708
6098
7160
7248
7418
5937
2188
4706
919
832
2852
8698
7206
2856
5397
2701
5981
320
7907
3676
1648
9858
1875
7462
6028
9013
6845
3794
4221
156
162
8882
6105
432
9931
9727
3134
1428
5268
9391
3207
6539
3699
6825
257
3061
6096
1648
6015
3843
5522
5505
5894
9011
4451
81
115
9688
9324
5656
4925
4728
9713
8070
3203
5515
2818
3350
8484
7709
5511
1020
3364
8381
5879
5318
4706
4491
8703
8726
1223
5502
5073
5066
3155
1385
8036
5496
9446
6667
2031
7755
564
4760
5218
3236
292
1872
1911
4324
1003
2218
6840
1897
4834
2308
8729
1366
4228
7604
9867
220
7242
6611
8622
6426
5492
28
8875
8078
6281
6719
860
8159
4329
1525
2557
2508
8771
6275
1327
205
391
4842
8970
8074
9293
8181
4397
440
179
5028
9263
5744
5592
5889
9401
4288
9919
9540
242
6685
8886
4622
234
1930
5372
5242
9618
9552
914
8824
786
5870
98
8625
1443
5506
3502
137
475
1476
8482
2366
925
3958
1833
9965
7012
2296
4192
3149
8988
7464
5648
5576
1308
4968
2353
2618
4551
9535
5947
9179
6524
2962
3454
8135
3557
7038
5653
1381
4639
9312
1150
728
8719
1876
7898
783
296
2663
5961
4387
2862
1954
9867
3989
3853
7512
5760
7677
6766
270
9900
4865
5930
3182
1601
9939
5301
7498
6941
7312
3838
7805
452
7604
7923
4146
414
2963
3197
5211
5553
9962
1275
9015
3844
1293
4886
295
6075
7142
450
1625
5026
9134
1413
1342
5707
6665
2778
2697
8769
2825
4895
8729
1565
4748
9769
2242
2457
60
3336
6365
5721
8178
6815
2181
5016
1602
462
7212
2858
8369
7417
8171
1109
3202
6455
2311
4426
9571
3806
939
3613
4361
3428
1318
4939
8242
3605
1615
2320
956
7966
4107
942
9835
729
9198
3097
1390
9948
701
9603
4475
591
2637
8842
4397
9942
1110
8639
397
3393
9019
1245
2403
4329
8384
110
179
1434
9808
9529
426
2596
4055
2109
9037
9519
5875
5888
6243
710
2371
8068
4228
1
1372
1515
2939
6675
9612
1856
8175
2021
9393
315
1866
5806
1893
2076
7915
855
4764
9741
4432
680
4657
5224
3405
4566
4789
5162
7047
9547
5380
6297
9021
7151
8220
5145
5461
8799
1348
9586
7780
8281
3616
158
2033
3651
7959
5892
2627
3136
5386
2168
3233
9345
7460
9196
6528
6106
1438
5758
4082
7990
1891
7915
2497
4220
4029
4284
4099
9627
218
6601
7136
4415
1813
587
7699
5802
8227
7343
3775
1043
2309
201
2161
5650
3180
9169
2750
7539
1872
4718
2284
4061
5041
2394
2712
113
9695
6126
1627
8480
6538
4009
6254
4026
9248
8800
5594
2779
5072
6184
1998
5799
468
8364
2432
5679
633
5905
76
4421
737
802
4832
4645
1065
5493
3736
5337
3291
1731
2508
8258
2016
9235
30
5286
1324
2073
5159
4342
6266
6379
8949
3556
2167
6990
3963
4401
8697
212
2403
6947
250
6726
6632
4421
7050
5774
7555
7428
7210
4001
6393
1703
3951
338
2433
5054
7448
5591
2255
9470
7533
6883
127
716
5918
5833
9982
1603
5554
1560
9986
9010
3398
6215
8885
3523
2126
3370
2550
8009
4640
5454
7369
6104
3762
5990
2532
3959
6829
7559
7256
964
7432
1373
3723
1189
5465
2861
7566
7649
8324
7883
8273
6056
4458
7265
9526
562
2194
2327
7847
141
3555
2304
7068
9656
7568
6953
2765
6788
8851
7508
5923
6086
4366
696
4295
1852
46
3534
414
6569
3331
2032
3798
3997
4887
3355
8255
7335
3540
2121
3985
2681
6566
8519
3946
8700
8863
435
5696
9145
3747
7800
4884
8103
9686
6534
7032
8542
3983
9328
4029
1866
1993
6991
1389
3209
1134
8068
8587
3434
5960
3878
8016
9426
3505
9125
9618
4515
6603
9582
229
3598
7631
2283
1585
5926
9739
9583
3366
2417
3597
3356
6611
1540
7554
971
8128
4835
5437
9629
2677
3172
2698
6225
2446
686
4022
8896
153
8310
4072
7154
7363
4864
5038
7872
9918
6386
531
4101
2879
3151
7089
5894
8300
6877
7510
4034
2356
6779
5270
1820
927
4126
8425
7517
2309
6408
3720
4165
255
5992
1514
8527
2174
9311
4412
3083
7281
8138
1228
9114
6441
8520
4831
1321
9947
2523
6731
568
6923
2211
7367
1923
3024
6231
6730
6763
2948
7879
2919
4382
9029
8980
5675
3148
2231
7347
9412
4839
3106
1998
2612
6328
9390
1007
347
2143
780
6934
363
5940
5903
5483
9042
2158
2971
5866
7778
6138
8281
2113
9912
1386
2955
2839
2497
6782
5556
8824
4923
5958
9637
2085
2903
513
7460
4046
6766
1952
2366
2823
9817
5103
2721
9624
4986
3617
7774
3639
7115
3828
8187
6138
6230
2895
9863
6603
4827
3426
3139
8364
6837
6585
3978
3029
1559
928
6463
9694
4029
8937
1156
741
6669
6402
4929
7061
5682
1661
6087
9850
4145
4215
7528
904
2094
638
9557
1703
7080
492
184
7382
6925
2864
4788
8910
7904
8473
8051
8574
8091
3249
485
3789
8444
3934
8660
4964
2877
1575
2151
7481
5120
6880
7219
9008
9358
7521
3183
4807
9220
7156
97
3884
3862
5014
884
6530
3495
9807
6884
5826
5112
6179
7012
4121
7179
8140
9248
806
1638
5673
7113
1402
9620
7121
5299
5551
483
4989
3231
4273
1714
3035
6246
4874
7507
1311
6904
4827
4781
2029
446
5835
5159
3221
3632
1260
6743
2981
2584
7771
7900
1566
7388
1012
6009
7558
5445
9433
7557
601
9698
345
939
6499
2197
6747
1436
2849
8573
3012
8763
6097
3595
1491
6385
8559
3914
4022
8019
6263
155
6676
5639
1729
8222
9322
1270
2141
9272
7294
4387
1601
1990
758
9346
1665
64
5664
424
1485
1103
1124
9725
6716
5351
3439
5338
4423
9433
8308
890
8218
6040
7300
6187
9812
7700
3098
5688
7659
9220
4820
1109
5453
1949
6003
1772
430
4029
7281
7968
3374
9465
5543
8624
6689
9886
9207
4683
3220
8133
8579
9937
6136
8527
5785
3794
2139
246
8639
2418
2616
7042
660
5641
2051
3856
7502
9819
2006
6793
5988
1504
8796
4214
8258
1725
1522
4663
5788
7474
8045
9655
6169
1113
9756
8037
3484
3092
9920
920
2359
6465
6323
5513
1973
4086
1304
6144
1018
9585
7664
2537
9539
626
8979
8244
4265
4727
9784
4500
3589
1676
3994
1651
50
7878
7171
3526
3143
8243
4181
3441
694
3557
6421
6137
6087
8626
5939
7007
1375
3795
4003
9815
3129
9795
1438
8830
5882
7446
8207
112
8195
7904
6637
4943
151
9359
3386
9809
1668
7212
5504
671
6438
8616
484
4836
7389
7339
7639
4734
1432
744
9310
6433
4327
6898
9389
4045
7748
2248
6775
3505
5493
1501
9330
3086
1078
7323
995
2314
829
6798
2035
4819
5794
364
4975
8587
5144
8207
7913
7106
3679
7924
504
6239
1315
6238
4759
6202
4396
9248
4003
7673
8354
7699
5955
4052
1426
1577
767
416
1972
7914
9861
7427
7992
2741
7489
4103
8501
4600
1199
1171
2305
150
9941
7299
9034
7913
7244
9625
8449
9908
6535
9806
9934
5229
1073
8767
5408
8345
7483
25
5408
5991
2646
9808
7174
5051
1958
9701
1570
232
6855
7135
7279
9326
2776
8714
3942
4412
5306
2664
4599
7083
5648
8152
4975
6121
3014
8610
9424
2952
3106
6198
5366
1325
1597
4460
4674
2266
4318
5408
7698
4367
4828
6059
7167
9396
1710
4476
6164
9371
1128
732
5798
2490
9149
2093
8375
6098
5866
2706
7348
6459
6288
5867
4864
2639
2483
5032
2143
9053
7218
6164
7474
876
6275
4585
5050
9473
4242
6547
2073
9540
3879
4489
3237
6671
902
2034
495
8781
8335
9118
1495
6325
8672
7660
5330
2268
9487
1972
22
4335
9336
718
3280
4251
4679
1825
1588
1377
5103
8341
3671
8965
3629
949
1116
6486
8722
2820
8617
6059
3290
8802
5254
6228
6544
969
1429
8116
8398
1031
4161
3206
3177
4618
1641
7579
1289
6854
8180
1957
6473
5895
4357
3426
1751
8251
7261
5498
7341
5453
7905
783
857
1139
6148
125
7037
8721
8446
2551
9845
7106
2847
2437
2937
9952
8636
8859
1882
2251
7641
6536
9435
1778
496
8466
944
7151
9321
4989
8001
7360
5665
2976
7186
3773
9584
6525
6032
1316
1854
8117
3892
203
3768
82
8102
8645
4059
2565
1875
7863
4254
243
8723
2320
5397
6460
2064
8656
4953
1508
9923
8812
6827
9190
6955
9735
4092
8688
4193
9231
1547
1312
4250
2186
9527
2675
7676
3055
8225
8624
3286
6264
1387
9664
1381
8471
9639
6766
8321
1302
1858
7884
7885
6109
1908
4793
4909
1356
8057
9595
3676
3197
8806
2631
9699
1753
7222
806
7759
917
5801
5460
9110
3493
8313
473
3304
6404
9741
9331
9134
6177
1650
2124
2189
3047
5876
3565
2211
1236
9468
5342
3627
2201
8967
7415
9198
6887
6606
8615
2985
3277
5566
632
1371
8953
2994
4262
9562
9152
4403
2709
6951
3434
3232
1198
6752
8471
3558
3297
315
3339
2245
8209
9669
1016
1258
6132
1748
7202
7850
8851
2649
9746
92
8857
798
2540
3273
9497
8355
8676
7403
8167
5184
198
1222
3317
9068
8771
3297
8043
2288
3746
455
2431
6778
74
3732
3545
3676
2654
6598
7014
7395
4669
3918
5682
8482
5317
8952
7726
1904
7459
2984
125
5380
535
8288
2340
2960
7246
9224
1691
8144
9718
3785
5819
5347
6261
5994
7631
149
2082
3587
2594
3054
4623
5606
2005
5376
1444
3796
7406
2634
101
8973
7034
6452
2835
5384
3868
147
8474
848
2685
7903
5580
7014
4433
9398
7472
8363
6195
6804
3532
2983
2813
7066
7375
4205
7332
7479
3558
7927
2812
1569
5757
360
5973
866
6820
3932
8033
2336
5153
245
2417
1653
9271
2471
1911
989
6681
8792
8709
2663
4811
2060
7026
5203
927
2537
6979
4928
4780
8908
5201
4242
1957
8284
2570
5327
9097
3628
6749
2895
3684
3679
4045
3672
6922
7255
9767
3440
5580
4881
7399
4224
8137
915
2232
2730
5035
5477
8473
2017
1190
1307
6912
4773
2179
2782
8526
5868
6697
434
2254
523
2047
2708
1710
7688
4996
4505
234
160
2668
5524
2323
6020
3796
9652
7351
9776
2923
9691
3502
3274
7607
4793
4074
2243
3230
3229
7199
5911
6353
5253
9699
5022
3995
5174
9161
7877
3394
8964
6399
2091
503
2808
4189
8731
7467
7861
5892
7932
1023
3190
6617
3085
4302
2897
4037
6610
4339
2497
3855
6431
6042
4712
4498
494
1657
1877
6521
1029
9196
1301
4514
2855
4027
3264
2905
5896
3424
87
5717
4232
2894
2185
8745
8112
6276
4040
5501
4516
1031
5538
4039
6457
2870
7292
6660
9679
2173
3516
9353
5316
2737
8623
692
7859
9891
3718
7713
85
4300
5087
2848
8449
9104
292
3820
376
8817
7090
6241
1071
4508
8644
7771
4621
6565
6306
99
2249
5999
7306
5123
5619
7240
9926
8293
7569
3001
9755
4634
5604
1835
3096
4422
763
4930
51
9164
9847
4103
1649
9622
3839
505
5843
3305
6629
7625
4163
2535
5464
2119
9708
5735
5776
5243
6559
3898
7673
3920
4916
4382
6184
5671
2957
1694
7524
1918
7331
9354
1392
8430
8513
5828
7659
4544
5775
4611
4827
2038
3412
7721
7776
3653
7218
1408
1802
7914
8883
4858
3297
2221
6012
7623
4134
9750
4913
9161
2243
6667
8392
1203
3864
5102
9423
6849
3167
2462
9392
7828
6349
1904
6439
5883
1214
9757
699
3104
6705
1630
1760
3237
1351
211
2305
5407
402
4879
6955
4641
6533
5169
5056
551
9028
8506
9830
9773
3645
5626
4549
7214
2969
8552
6374
4123
6412
8329
1204
9678
3434
4915
4253
1957
4049
6153
3381
3360
2680
4657
5494
8317
4462
7208
2753
9085
5552
3521
6943
9841
9402
3230
3550
6891
894
3473
2434
8215
2
4236
70
8542
2338
553
9220
9035
9306
2744
8877
9945
4347
2532
5108
7632
2126
20
2890
869
2486
608
1038
4871
6533
1564
1710
6465
6178
8857
1284
5945
5764
6253
9209
6614
1163
2763
8727
2000
8322
4057
4565
778
4147
8362
5243
5549
8947
4855
8438
8636
6578
6792
2765
2634
5574
2438
54
3711
4737
7205
8141
9023
5013
8976
2159
7376
6573
1969
4354
9569
5419
8470
2525
6011
3892
5736
484
5718
723
7251
2665
5327
4991
4734
7242
7840
6161
895
7125
5260
6023
2002
1885
9689
1688
1121
8617
3110
7395
5601
5259
8002
4416
6319
5612
6878
5290
7427
5199
3898
4766
1881
7740
5459
7765
634
1541
7504
2693
2869
2654
550
2657
9951
2336
6634
3051
1924
9682
9835
6883
9463
8859
6755
9386
5111
2518
5317
7119
4663
7662
5473
5551
1194
9653
918
933
4372
477
7363
4193
9169
7950
396
4702
8304
4158
666
5124
800
5057
1983
10
2020
3448
919
166
8624
7541
8385
7345
5828
327
3273
2566
8892
3979
7496
9703
145
6311
411
238
8354
3699
9565
9579
150
9735
7476
6135
1431
9021
6223
2936
1621
8354
2090
2984
7013
5787
9990
1482
9052
3635
7101
8604
3118
6794
9269
4390
5183
5849
2278
3448
5227
5826
8135
1083
7050
5183
5095
3971
1855
657
7406
4026
5929
3579
8937
1455
9636
4961
8772
8564
9403
2579
8790
5144
5791
9788
8538
7669
9894
6040
5161
6947
4973
283
8465
7950
6105
7245
7239
3837
9588
693
7655
6856
2694
1807
7905
8927
7960
6892
4216
1213
1860
5583
8471
9299
1190
9491
8232
6714
2101
2911
581
121
5116
5400
7809
4305
4407
9504
1967
8728
8148
8518
3012
5314
9205
6558
2764
1625
3299
3432
6487
8706
4709
2038
3726
5163
7882
8629
2723
8685
9156
3604
7167
5904
9046
1448
3205
2567
7441
8065
7691
118
7932
5787
9999
8556
2908
7696
796
4363
5598
6099
8355
8260
8132
7582
6799
2554
9884
5546
2174
8420
1293
1101
6899
6694
8390
7803
8231
6036
6183
2197
5218
285
5274
7612
5770
4317
2903
346
4368
8794
6001
5789
9578
2007
9584
5093
3600
1426
8842
9021
7335
4517
19
8761
9476
8354
2536
5741
8025
5349
7282
8334
4915
2287
5996
7497
8392
7517
6844
8895
8704
3295
4435
1388
4969
618
9297
9229
3006
4340
2912
8263
8646
5330
7766
3912
7548
4973
7457
245
4687
6302
7072
4340
6679
4647
5609
5145
7407
4698
8672
9781
9667
9549
5297
8668
3429
8242
154
8426
6178
7271
3341
8438
1296
9216
8827
702
9676
8384
778
3201
2335
3142
2214
5714
1711
1474
6237
2392
5526
5542
1108
4960
9765
1449
989
2836
5152
1794
1301
6161
1077
626
6951
3141
6752
3014
5595
8358
3460
6222
1817
9960
813
5676
1272
2595
2957
9849
7994
4558
5648
4090
9651
3035
3020
3284
7309
2604
6218
8577
749
616
6940
8689
9047
2878
6070
893
3390
7538
5729
8429
6293
8715
4173
905
7163
5354
6653
5569
2002
5754
5841
4110
9339
494
3121
7060
3378
7741
1616
4542
5071
1576
579
9549
7648
8238
8163
3247
7024
74
5649
1370
8357
5475
5211
1136
8620
5219
4903
2151
1029
3900
8538
9931
4550
6068
5040
4146
481
6394
4774
2987
607
2043
7911
6377
8548
6247
7609
8582
3958
4848
2134
2452
3519
7682
990
2918
2721
8948
4851
4743
4325
5380
2098
7824
3788
1016
8912
721
7452
9791
2428
3841
9772
526
4072
7929
5635
4963
9119
1231
3393
2430
2714
1109
3881
255
1774
8798
2382
212
9239
1791
1851
8492
8111
705
9860
7836
4933
4315
4380
4407
5871
6543
4444
6268
729
8604
7652
4692
7870
2693
9913
2600
2559
4974
4877
601
6680
9451
8341
5750
3391
1057
6020
6434
2267
4897
1686
4374
9321
5149
5507
4044
2381
7888
4116
9258
905
7202
2298
2316
9147
900
8279
7285
9879
5175
1648
6973
6729
1893
2432
7930
9141
6063
8579
193
5327
1810
7471
4341
9163
8666
9988
6593
8286
5871
7963
653
7248
9742
5063
7512
6695
5612
4795
4418
5558
5789
2516
3538
4792
6792
8863
7007
7592
7632
7187
2676
7599
8810
5553
1076
5749
9876
2424
4123
350
1545
9429
9226
154
363
2061
6485
7803
4948
1191
4541
6687
4325
6355
9241
1519
8128
8791
1630
4406
8112
5964
7868
1393
9022
3527
2681
4611
3657
8971
8573
3914
3650
3109
2280
6858
8622
5558
2208
2390
3998
5422
7306
2520
1760
4775
6201
3757
1151
1342
3628
864
4608
4345
7410
3362
8132
5185
306
6949
8886
6389
5301
6411
8441
2841
3218
2168
8306
6162
5186
5590
2323
1082
5901
7623
8041
5484
15
3631
7734
7794
9671
3198
5367
2860
23
2129
784
8119
7899
4900
1562
7392
4227
2657
3077
9976
6509
6941
1840
6435
4089
3286
7559
750
1959
6100
8897
1624
2513
8274
7439
9538
4938
2522
9447
6432
2321
820
1235
451
7768
9026
639
1795
6476
6617
181
8549
3424
4372
2300
1348
7613
4268
8466
3318
2136
8003
5387
773
3985
7664
7984
5219
5896
5625
3166
1226
5948
8346
8428
1468
3760
5780
5326
5948
2093
2790
5419
3283
3703
3120
2096
2331
1361
9569
7828
8460
1571
4840
9665
872
5542
3446
9245
4950
533
1813
5497
2524
7081
5839
9851
7109
1248
8972
2707
1334
6827
7052
7520
8722
3078
8405
8328
7530
9724
5226
3179
6466
4169
2311
702
3273
317
7880
8968
3947
2587
8885
6891
5699
8689
3548
73
7776
3381
9358
6575
1374
7810
995
2708
3291
9467
7434
6402
8490
5212
2894
4401
5876
2121
2420
7076
3364
7590
73
8622
6052
9536
976
7588
6426
9923
256
8076
7951
6153
2779
21
1895
9819
1161
1851
4711
6259
8530
3544
1459
7409
5237
1584
9748
7814
148
9193
5605
801
373
1006
2680
9004
230
1192
681
5662
9512
7111
7029
3585
2753
5562
2288
3552
1967
8621
8130
9692
9445
708
1664
4371
2624
4026
1057
4974
7910
1458
6245
9566
1341
1339
4626
7616
8920
267
5930
1315
1682
4961
7109
9995
2751
3085
2594
9583
2788
6018
6541
8766
4617
6702
804
4304
8932
4662
2114
4350
9836
1225
3943
2118
6577
1893
1848
965
6463
8418
1376
8002
6643
4688
2629
6668
4818
553
3857
3347
325
1474
8037
5480
1791
4288
402
3506
3191
6476
1568
1748
5427
224
2065
9420
8451
8707
1013
4836
4716
4882
1719
670
5531
8983
4595
6903
6935
8545
4897
7793
4028
1964
6808
4544
3300
3618
460
194
5380
2603
274
8557
8059
4240
8319
9180
627
9900
7337
1554
3215
5044
2746
4245
5092
5021
1169
7763
1396
470
6896
3236
4647
1316
5448
9030
8303
1869
3734
957
1199
3628
8395
9651
5447
231
3984
4881
6248
1453
2004
5607
3287
423
4497
3973
3156
7227
2046
243
9960
1705
1380
8331
1313
6675
5491
5694
614
985
8664
5904
5020
8065
3223
3532
5052
5616
9408
1675
8374
3034
7260
6291
3964
5120
6982
91
7743
4619
134
1807
7472
3168
4333
5344
5932
2329
9594
7132
6261
3344
3410
2827
7636
6418
243
6853
404
3657
3577
386
9945
4662
6817
4508
2352
1817
3813
4525
758
6070
1417
1183
4886
4787
5755
6877
3422
5113
6366
4651
7931
5490
1942
8952
5275
1798
308
5787
17
5823
901
6287
4483
4932
4354
3806
1672
4689
7836
3987
9287
1926
2443
2943
5405
2623
3824
722
911
6400
1507
8074
7436
1913
2449
5082
9138
6000
2323
3673
9831
3497
6411
3785
3312
5105
6593
2828
9918
1723
1637
9313
2321
3745
4929
4874
6448
4338
2681
1495
3477
5309
3432
5941
3697
8121
6350
8868
7043
9786
1598
4261
2251
8435
9456
1296
1036
5770
6651
5297
1410
1164
4146
9365
6249
8052
1189
8974
4102
6377
3368
6177
3794
9210
1620
4123
8002
1715
5100
8292
5168
9749
7839
4919
590
6159
9180
9794
6747
60
9461
5696
2773
4729
451
4350
4206
8181
803
827
2303
6898
118
5076
4948
2212
102
2413
5229
4557
6808
8298
6180
8047
3093
4175
7783
6835
2731
7491
6111
9987
8429
5283
8685
6083
5561
6860
3048
7777
1835
4338
8543
874
2395
8696
8722
5596
5726
766
5113
3289
6135
5715
927
5876
6879
1329
60
7621
6788
3888
2026
78
7434
7435
4962
2556
6021
6329
4348
9270
2651
5372
5417
5583
5847
9284
7909
2985
4582
1568
8551
3921
5980
3598
663
5208
984
3531
5035
9754
9562
9671
2206
9710
6080
6378
6241
4447
408
9075
6190
6277
8161
7478
843
9161
5153
7810
2180
6810
1317
6571
8922
1639
6615
1510
6945
3888
2645
4204
5038
6696
3203
744
1182
3175
4975
7464
1136
9652
3076
3632
3718
5378
2224
1558
3405
3021
2714
7871
488
7677
1939
2454
2480
7483
9527
6892
7483
2131
4904
3290
8883
5146
1045
5545
2145
1877
6431
7865
8382
3645
6125
4067
3010
3564
2693
2980
1360
4645
4514
6036
2602
5671
9293
5257
570
2971
3868
4434
8150
859
7247
4427
7982
1192
8621
6582
2406
1097
1724
1060
8659
5677
4499
5540
3783
1017
9662
6953
2016
2215
5373
9675
2552
9673
2455
5554
7748
4675
3372
1135
1040
7739
6945
8259
4463
9710
3847
4446
2455
6180
4808
7046
6428
7365
3216
523
4776
8582
3728
1393
6452
9204
4642
953
2682
5831
9118
126
9341
5459
2386
2774
3797
8199
5933
4421
3589
3566
2044
9550
7530
867
4096
6617
7932
2069
924
2405
3808
2839
1466
6414
2209
8288
9223
5054
6307
6773
1165
586
3524
7969
7747
9467
2298
317
4495
3414
3898
4846
2828
8202
6471
5916
982
6515
2179
7824
6299
2855
1345
2683
8152
4306
6177
9981
3185
8976
2562
3364
8533
6474
4456
6867
9868
7786
5642
6172
9389
4292
3442
6124
1661
436
8327
6716
3887
8775
8953
3193
4328
1436
7568
9116
7400
4849
7282
8366
3886
5691
4923
8126
2876
3875
821
8503
866
4045
7004
9295
868
3661
7368
2242
2161
6955
5264
1487
9402
3591
6333
4412
5438
2108
9470
5485
9423
2565
6074
3372
6148
9264
55
418
6393
5847
80
3764
1667
7055
6840
9025
810
2661
6979
4137
332
1345
2113
4590
6559
6052
7888
6492
5628
623
8533
1717
2776
2889
3602
6565
5478
5967
6018
7727
71
5010
4334
8254
1388
7058
5554
3708
5469
4894
1757
3714
9931
5962
2101
980
4445
5564
4928
819
2883
8371
5767
5156
8512
7018
9832
7157
3463
4610
9411
1232
5635
5838
4345
4762
4701
3005
8203
7137
5721
9082
2222
8031
3586
1198
3855
1024
9236
7380
5079
278
6078
7315
2673
5494
8628
1254
2266
9822
592
3929
7705
5513
6655
5832
5149
4746
7732
3489
8395
6198
6604
1905
4412
2546
3859
4866
3713
6101
2682
6360
2311
3492
640
1577
4896
2203
2350
3078
5870
3573
2871
7960
9221
3084
9918
8550
2975
5013
4778
685
7018
5967
9057
7773
978
8463
2099
5286
1403
3783
4025
7496
3053
8621
3419
686
7797
6953
2292
4440
7563
8887
6006
2395
3571
6785
4138
4064
8550
626
3035
3491
1649
937
1906
5719
5973
1348
8127
9425
5295
3080
434
8449
1141
9457
950
6683
2903
694
3635
5938
7982
7321
440
9537
2047
9195
8368
1677
5756
8836
4746
2451
3459
2382
9323
1288
3293
3426
5019
7341
7166
7252
6321
4135
9365
6524
7392
447
2235
6790
3633
7197
5595
654
4312
4003
7702
6702
664
4405
4490
1339
4711
2954
7214
3918
5972
6073
87
9609
7149
5164
1174
5902
5110
2942
2397
5001
4068
3335
8630
2387
2082
7343
1842
8228
4243
6684
3107
5275
3543
5342
6676
7403
7219
1455
8435
6856
3364
3928
8681
1904
1750
1228
162
6345
6788
2836
6634
5258
4806
4217
5231
5715
2268
250
6142
5007
3787
5966
7881
2766
1818
7178
4915
8418
5782
5848
1825
8185
8682
2766
7224
7163
1752
6608
3399
970
2685
6907
8419
1791
6165
3343
9694
5053
4629
2664
3876
3413
3169
2433
3239
7025
3557
1701
7170
7818
1523
5844
5917
1687
6965
1517
8345
8690
9440
1473
9208
4302
1719
4574
8667
4888
180
4658
145
8708
5660
3920
3042
7303
3064
4727
8727
2938
3789
1194
7482
8034
7816
8115
8311
6846
1141
8997
6259
9423
2974
9883
1202
6655
2923
4509
6513
6471
1833
5871
4510
4860
8260
6642
5728
6530
9934
1502
1490
7188
9456
1493
7310
3732
8487
5881
4636
6280
3104
7614
6471
6260
2655
2905
8704
34
8553
833
6748
9681
7252
421
5441
4538
5409
1689
5881
4087
3685
9237
2405
2711
5390
6026
7463
2076
3552
5190
8773
8407
7392
946
7348
9751
9498
2514
3871
1139
1084
2378
4208
6959
5866
5768
7222
611
9748
887
7488
5698
4559
8802
3327
7101
6821
6620
4023
841
6622
4546
9332
818
7796
501
7105
1984
2811
1137
4714
4027
8778
4305
9988
6244
8264
4627
1796
3360
5635
4097
3366
4967
7388
8957
1479
708
5953
1254
5780
8449
2096
6553
393
409
3296
6299
8051
8524
1481
6999
6792
6839
9320
6665
5912
1832
6379
2244
8502
2378
5416
9919
4674
2597
8205
3378
6569
8747
528
2896
723
6360
3105
9836
1060
573
461
4374
7694
7209
5163
5114
8227
8481
2709
9876
1193
6338
2459
6277
7426
4821
96
2188
8057
8991
384
5791
7460
7275
7817
4516
4520
6915
8378
5339
3873
1761
5203
8943
493
123
1117
2338
9398
7838
3709
9170
4919
2159
2124
4537
9324
4239
1283
9701
3980
6819
7183
3372
9929
575
4681
5885
6424
7801
679
4451
9792
6728
425
3188
3410
9450
8584
5416
1064
5522
8358
6302
7413
3721
3236
8222
8700
3637
8308
6248
5841
8993
4235
9345
1979
2029
9621
4019
9223
719
6609
5978
3056
2739
9806
7078
8596
4930
8924
3196
7131
59
4413
8197
2560
8590
1836
8553
1308
2293
7303
3616
7794
9602
2886
2194
1680
348
3563
7568
1489
4171
7846
4609
2547
10
6047
9128
1643
4354
7263
9837
8523
856
4742
8952
8770
6958
3958
2343
2375
317
2553
6071
4212
8517
2396
7799
9529
9148
8547
6345
7369
650
5321
5647
9757
2187
825
5988
3299
6777
3041
9884
5836
2034
7695
7987
9174
2593
7584
2129
4133
4656
1222
4068
3845
3876
1064
134
5455
224
8443
9889
6494
1462
8815
4530
2889
20
1081
3638
8071
5303
4432
7418
7060
4916
2393
5740
1244
4626
3813
1891
7683
2239
1430
1719
8819
5648
433
2857
2930
3851
5859
7089
5458
7227
2849
3023
535
324
1330
5760
1812
8830
1726
6559
7774
7155
196
9430
4479
7267
2566
5732
4184
2583
6590
9261
8879
8779
678
5823
6762
7904
9050
9048
7208
4202
5873
9679
2880
3480
2805
4723
1180
6669
4407
8963
3514
197
9457
3926
1661
3702
8341
6015
2602
2025
7998
4728
3876
7398
9635
3865
4389
8272
826
6777
2446
9992
4833
5098
5321
8989
3251
6667
3437
9594
5278
9510
1091
8367
1707
4737
5608
1142
5041
701
9757
9221
844
1119
5174
1679
8252
7560
7198
5634
9406
9906
4635
8917
503
8617
1112
9638
3497
9248
5032
5331
6852
3893
6729
8217
7245
5059
6835
1934
7154
6351
9100
3627
8154
2138
9761
143
9620
96
5429
1792
9228
5732
6405
9806
7905
5335
5036
4078
5194
6538
8893
7254
1096
6106
4930
1454
5045
773
9234
3472
9761
8267
5174
8963
9732
6828
6663
241
6979
1068
9525
876
3863
5482
1439
5959
7633
8693
9506
5487
7991
6644
955
5313
960
2320
676
5619
3572
151
6384
8292
6756
8832
5619
7536
4922
7181
3039
7789
2795
8870
8447
6418
6835
1386
4534
4279
123
8049
7999
5290
3280
4399
5337
5748
9435
7062
831
2744
8874
225
3586
2943
6879
7405
3517
6111
7014
7631
4047
7383
7372
2775
1293
1788
7128
4231
5112
5373
1508
1863
3312
2458
6808
1732
5406
504
2620
6183
6670
2031
4748
5998
9839
9203
8540
4734
7668
1945
3653
3270
831
1666
2964
949
7023
906
5113
7413
3708
8348
9666
6941
4299
7065
4893
3684
8783
5791
4893
1071
1271
494
1175
7028
701
2965
5483
9962
4415
2093
7352
3453
3893
7813
4408
641
9140
1970
3970
6625
4870
1249
7309
6052
1702
3522
7102
3315
9307
3739
2241
9755
2648
1015
5266
847
4103
5161
4801
7517
576
8468
2338
7098
9735
6687
4864
1758
5046
546
2924
7935
7144
7001
4253
765
3632
728
8013
2008
5000
2712
5669
527
1673
6728
5187
7218
4040
1115
3262
5007
9157
1599
3943
3140
9569
784
4295
5376
9693
1902
4730
5716
9235
7443
3843
7610
400
3864
856
2725
9315
6922
3359
6510
5156
8186
1883
542
4479
4890
1521
1886
706
3777
2302
356
3486
2552
1936
2569
9584
1999
3509
547
8134
5960
2439
95
287
6308
8380
488
3577
8100
2905
4093
7157
2943
1410
1563
6914
3158
8764
1610
4093
8424
1292
53
5556
7015
1736
430
6790
2992
1622
8884
2045
5741
4147
806
2943
4354
6680
377
6685
9211
4538
6233
6965
4714
8622
949
1662
8827
8788
4057
450
1795
3985
3006
8777
7284
5298
6293
6607
6505
4425
2203
9475
618
4978
2413
7215
9725
9102
8360
761
4355
1597
5097
2865
4179
2790
6166
3648
2092
7955
2120
3514
3403
4713
132
5985
2015
8602
7759
4220
4477
3986
542
9868
4981
7687
4691
2892
6030
3079
9605
6296
9586
7481
2164
9620
3724
6571
2788
488
2711
2060
6573
4141
5582
1857
604
2940
3585
7007
796
8302
4654
6060
5048
8914
7282
3968
6337
4024
5126
3294
277
9995
5736
5428
2444
9824
1889
4734
9321
4119
964
3175
4644
1916
9341
2233
2698
9792
8962
2773
2758
2685
3223
3974
9960
1807
7674
9098
6869
3225
3978
7226
1813
1846
7502
6638
6135
5991
2889
3463
7068
6963
3480
3362
3869
898
1026
26
3033
1131
6450
1712
9017
4578
6879
444
6922
5283
7816
1275
2349
1456
2732
1309
6185
5127
9634
9193
7857
7896
3882
9159
8149
3857
6568
6359
9410
1666
772
9413
4403
7751
7652
6760
4642
3415
4401
977
704
5408
3015
3168
8665
1474
2250
7748
5533
6166
1311
1770
9138
6361
9222
3696
2234
3015
4584
5643
7912
6607
132
3626
1026
8675
2793
9369
5519
3961
3909
8341
6819
6462
3991
4115
3574
6131
6763
9878
7902
5610
3708
5704
8386
4708
6388
9325
7918
5652
3802
3774
645
9635
8087
2903
7047
2349
4760
9653
8997
8457
5931
3823
4238
5502
6777
5567
6389
6053
8684
7892
4435
6634
3832
5647
9861
6345
35
3110
4882
2058
6417
6333
3160
122
6093
9057
7447
8889
3143
2683
6213
6604
4430
82
9011
5167
3918
3885
735
4348
4020
8853
7953
3890
3673
8075
7341
6823
8062
1621
4025
7805
9778
5595
7587
4734
4210
749
8325
9846
4647
7891
2451
9172
5256
5187
2803
9256
5261
5062
9667
1965
2293
9025
4128
8972
4441
5116
8101
7120
417
5174
9092
3384
222
9943
9528
6662
9198
8546
2747
1143
6609
5171
6580
9160
1484
8399
3418
6794
9366
4756
1192
9801
427
3444
6365
141
5213
5593
1815
4131
1348
6310
9090
2252
8982
6724
8610
9463
398
3420
9557
3333
5979
6264
3519
6572
8057
2744
9130
3831
1311
5804
8914
319
744
6615
293
7297
9369
4074
4559
6095
3452
6914
9017
350
3791
4048
5569
8114
8492
4190
2606
6210
164
7182
6887
2147
8795
1469
7324
8938
1943
9900
9301
6410
1073
143
4719
7517
563
8285
5735
6995
7859
3676
870
3709
2220
6063
2574
7619
9289
5849
6499
6824
7170
4877
1288
6494
9192
4924
285
8165
1816
3950
5803
1177
9505
497
1051
3587
6374
970
1380
3853
3699
8743
7441
3604
6490
9145
9066
3165
8273
1722
7058
9542
210
22
891
2839
9323
2578
6435
9766
415
8225
4747
8038
1458
1331
4800
3687
4813
3849
7714
6115
2484
2494
8834
1016
2133
8468
6811
2440
9694
7098
9077
7700
531
9655
3974
6148
8992
7150
4980
6166
4090
133
2051
3560
6284
1320
2874
3523
3489
6333
5900
2008
1346
5388
1229
2021
9868
9985
2942
5221
6897
9584
521
3412
7917
6511
9902
9204
1505
2105
6269
334
457
6487
9223
1284
3609
2743
2154
3167
7997
2693
6979
4329
4945
3656
2426
7882
5172
3638
8832
2505
8267
8352
7331
9044
1439
7389
6251
8555
393
5755
1537
8142
1883
6642
1982
8999
9543
6488
2106
5368
782
389
8293
684
3172
9219
8586
5539
7039
7824
6137
1499
547
7043
1299
1686
8814
9043
7682
5922
2132
1660
5046
3920
3400
4113
2023
1630
2664
2187
828
795
7709
3705
8911
5691
1832
8333
1578
6192
6163
6584
1963
4249
9963
3368
3322
7878
6017
5483
6762
8839
510
6490
8549
5287
5454
1834
3810
6951
5459
3014
5652
6091
6165
6065
5582
1672
8431
7237
9771
3920
9846
9608
1252
9520
8864
3401
3774
6487
8205
3401
766
662
7425
1566
3717
409
8365
8079
3328
4329
6816
6532
7829
9325
1824
5162
5949
7253
5668
325
2218
1814
6603
9390
6304
9194
487
923
895
4671
1614
1765
75
6985
6926
9610
8354
3686
6119
3632
3280
3852
1111
9359
9948
999
5876
3936
8215
4269
9702
4609
5604
8565
8135
182
3592
2703
7284
1099
9971
7213
6637
1409
8650
2612
1736
6677
9138
1469
5577
9065
5370
8897
6548
3701
5351
5859
6429
2257
7244
878
1581
707
4349
8627
6771
3636
2774
9292
8210
5880
5161
4057
8133
1179
6394
9626
2560
3987
2426
2979
4338
6961
1315
8334
2842
2123
2568
3104
5365
9000
655
3362
4036
449
6085
9955
9151
3725
1840
8560
7537
1768
7765
4268
8698
1596
9368
6890
7288
9542
836
810
7659
5113
2007
2838
2461
4206
8603
6104
2401
6705
7825
5598
802
1466
1242
8443
2392
22
909
9181
2572
3351
2607
3269
8263
4634
325
3448
9553
7040
4001
9878
1846
1626
554
4871
8868
2901
5369
7135
4122
6223
1928
5933
328
3028
363
6599
7634
8880
7684
8711
5704
6788
1860
9401
1335
5424
434
8747
177
4557
8549
2512
9738
6781
5078
1924
189
3877
4802
76
2285
5422
8304
5394
5516
7278
5695
1967
9158
6030
7651
9422
2654
7376
2480
8200
2433
8098
3348
8780
426
6785
6465
9824
5677
3468
6673
2002
5959
3415
9448
1480
4242
8508
5057
5101
8933
1501
9746
5041
1866
8603
3744
9106
8554
3550
7196
3019
3424
5618
7832
6604
7956
9874
3728
8570
959
2398
7619
9551
248
4101
1129
7286
7292
9250
4512
3999
9352
4004
6704
9366
3838
8625
378
1825
6530
8768
4998
1250
1846
1965
9644
9905
9712
5430
3195
8056
1282
5785
6208
7700
4353
7875
1975
2633
1534
2166
2389
331
6001
7469
5798
6189
2022
6802
6696
6675
6121
7794
247
9207
8242
7899
4665
454
6540
2109
2899
5291
8480
3730
3014
5202
7236
2617
306
4620
8404
3497
1013
6237
7492
9380
9206
9129
739
7116
9668
9736
1610
8415
8860
1570
8175
8036
5527
8549
6638
9935
6218
8766
4302
128
539
307
6477
9871
8295
1950
6316
5201
8239
1353
3331
4209
7258
4382
5570
3780
6551
3916
518
5602
2271
2021
1313
30
5950
1585
9650
5879
7284
4927
7472
5721
7949
5908
4451
1725
5142
8586
1875
6333
4042
9852
1440
6680
7849
5430
9292
5362
13
7806
3972
3525
4441
6518
7381
6404
8585
4102
7574
1882
4544
8721
2428
8418
9684
3903
7921
6025
3052
8279
7521
7476
2678
4410
3925
3000
2359
1793
3082
9922
1141
1808
5549
3381
6816
9663
314
9459
3926
4068
712
7756
107
2078
6130
5435
9401
8179
8584
8983
7428
3062
6235
9440
5913
9339
2858
8237
4044
7237
7200
8780
632
2681
1929
9431
7020
3060
2696
7567
8907
269
3856
7296
6113
8729
9926
6905
8851
1061
9599
2036
5164
8831
5588
5574
9397
8934
8661
6569
4786
6573
7123
2866
9692
8390
5872
5137
6850
9247
1191
8799
9627
5643
6999
7703
8214
8879
7796
893
690
7889
4314
6952
4073
9588
3990
1740
6784
2339
5879
9019
8412
8956
2611
7580
398
4128
1090
2926
2777
1638
2656
4600
6359
3154
9803
9210
1769
5531
6635
412
8128
5001
6625
3737
9729
5056
1498
4559
5779
6045
9509
4710
8891
495
7193
6513
3529
5054
4061
1630
815
4432
7486
2270
4104
779
5208
9966
913
2252
3895
3231
3789
6991
9744
4253
9895
3780
4358
7177
8698
5658
3103
1880
9706
2885
8284
3219
2266
4535
4755
6256
7769
7253
9788
4793
4259
1904
6402
472
3976
7993
3762
3156
5601
9823
5146
8
1100
5623
6787
5043
9280
3796
3608
2405
7781
1434
1647
5948
6112
4481
3266
9948
5974
8095
5505
420
2024
6748
9716
7575
9812
7920
9042
9578
6364
4839
6068
4547
1743
9401
322
129
3484
4618
4868
6773
654
3430
5488
5179
6729
7624
3240
6547
5697
7169
4338
2909
9137
5165
8909
4764
1418
7065
9897
7674
7834
8489
3490
3948
2717
7815
4451
8354
5901
2412
2314
3116
9065
8557
7584
7630
2303
2279
7782
6838
70
8429
810
3942
4008
7384
4482
1600
2912
8849
3889
5126
4491
8158
7865
5090
4576
9295
5359
559
9458
9631
5194
4489
8743
1490
2471
7181
2894
7147
5945
8647
4440
8721
6503
94
2415
8231
7810
498
4735
5444
5450
3874
609
6407
8501
4163
3984
3224
5741
1027
6501
5147
6243
7200
5613
4150
8899
5687
6931
8316
3584
3772
5456
6425
7503
1638
2318
2639
2590
9608
2610
3985
5105
426
3555
4720
2579
9452
3500
5820
9725
158
73
545
2902
1087
7209
7438
5366
9475
2672
1253
2329
640
9625
6522
8089
1568
9828
3096
970
9660
7222
837
9582
4693
8852
3530
9328
9793
4629
7584
2698
8432
6033
6948
3012
2889
5662
9683
4314
2854
3528
2364
9396
8947
9378
2746
6244
1606
2861
8632
9059
1044
5994
3484
9388
380
1697
2499
647
5818
2870
8572
3299
9117
187
417
7875
9610
7291
558
1692
1535
8084
8815
2977
8828
1800
3960
7275
4467
9570
2897
7961
8758
6452
8244
9843
7677
6962
6917
4943
1868
5826
449
8615
9453
5960
932
8164
5172
5451
2600
6474
4180
5652
7690
467
6819
3208
5374
5323
4979
6568
6629
6332
2465
3767
1346
480
6712
9722
9377
8828
4192
7680
7401
8620
3702
2428
9115
7138
2768
9730
3483
3106
8648
8985
4677
8852
6332
8535
2945
1653
4739
5698
7657
9930
2963
2957
3237
310
2326
2449
3716
5723
6627
4098
4273
5762
9702
5319
7805
47
3666
8759
4369
2774
1349
3762
5870
1998
1920
2227
3165
1280
3270
1675
5514
1018
4534
4788
2874
1040
8090
7886
7402
5847
3658
275
818
6521
4103
9297
9865
5375
6262
6181
7433
6397
8394
4730
5122
9370
7161
9975
9895
1660
6203
2836
3181
2571
1920
6791
965
4581
6053
1869
4100
3701
6990
5363
1289
6714
3353
5796
8129
8791
3140
9757
5062
2604
9491
4162
7545
2848
2941
3127
6005
8642
9663
7151
1585
8877
6120
36
1536
5902
2913
4861
1283
3257
4478
2417
2442
3510
7486
8068
5010
2608
2346
2907
7112
4079
8470
5668
8750
5163
3271
8662
1680
6353
3976
3372
3546
2422
6486
327
3069
337
8947
9171
7455
6933
7706
1181
933
4156
224
2074
258
8070
5003
237
7893
5748
923
8060
1894
3082
7423
1124
421
5075
1907
2400
7111
9233
513
2420
9701
7532
7739
6668
5576
754
8035
7568
199
6977
6437
9229
7488
4014
316
5489
885
451
6139
2250
6120
7209
3816
4233
4030
9436
287
1592
3303
404
8646
769
5015
2793
3408
1975
9628
8257
2156
2154
6783
5190
3589
8750
154
8622
5306
6990
1402
9874
5693
1721
1065
8459
7830
8927
8965
9587
6725
8618
285
3018
1766
6591
133
951
5225
3043
5470
6899
9054
1027
8927
3465
3920
7164
6355
7589
1807
4592
8988
2936
737
9557
3364
6245
3924
3210
8306
5017
8050
8901
6971
4914
5428
8168
939
3928
5689
6044
3508
4650
4633
3053
4363
4112
9369
1664
8159
9563
1595
270
9760
7993
5338
157
3571
6691
1091
8338
7532
9455
5556
1520
5610
2882
8497
272
3334
1130
9247
4988
3938
8979
1990
1409
8432
584
3454
9231
797
8596
7841
3699
6680
3935
3663
2469
4641
8648
279
5331
8159
2861
3920
8464
2412
1588
2436
9531
4284
4242
1540
5441
9047
5532
4057
3048
314
7040
7806
1615
9600
8898
9733
9417
8797
8331
6373
2318
5215
8241
4504
8764
1049
3879
5009
9668
6526
7482
3323
8978
4234
4326
7760
5044
8161
4949
9908
8293
7368
3879
1913
8449
9465
3507
8452
3658
7306
6156
3313
6410
1059
3304
303
6781
8113
3041
4131
283
4985
2706
9444
8791
4169
7716
2087
4453
8546
5509
2051
994
2374
1610
4551
2056
9802
4943
443
1511
975
8171
4066
2462
8388
3496
5436
4907
6986
8816
4240
736
4051
8703
5384
695
3515
8925
2173
2660
3800
1529
3953
3072
8563
3978
1193
6459
8406
7884
3659
2927
6419
4727
8927
9790
9617
7166
6456
5601
2476
9313
2686
1465
5050
8429
4540
802
4837
5572
5104
1555
7060
7218
6966
5684
2795
5091
6732
6136
8787
2947
348
2299
6260
9906
2850
4296
7946
5629
7457
925
2712
1679
2412
9199
2828
3799
1562
5551
2962
870
73
8909
2719
9694
5839
3520
2818
3174
2761
9844
8850
1411
3463
3268
6738
9822
2700
5027
7810
4415
1229
4908
5407
2435
5
8943
3037
8423
1420
523
9082
9798
8825
5961
4619
3875
5436
7864
7411
8436
8489
4861
9600
321
8327
450
3581
824
2909
9718
3853
3068
895
8232
1685
9939
6834
1583
2943
7068
8058
1697
2327
9995
6684
9502
6287
7147
34
1088
6124
7948
7425
4621
1834
2005
2794
2956
6816
5391
54
1539
6536
5564
1484
1499
6022
6742
1458
728
5682
7907
1138
7231
1666
247
551
229
132
119
2694
1030
7368
1318
8281
3962
2101
2837
5603
2373
3534
6570
8066
1863
6327
9191
5733
1912
5151
1772
3994
2446
4889
8401
5601
238
8235
7547
28
2007
735
3585
5391
8153
797
9653
1905
9408
3979
4674
6904
912
5197
7319
475
6168
9590
399
1450
3442
9584
2208
7259
9329
4286
187
8647
8368
200
8423
4207
6804
1084
4724
7982
6050
1004
8845
5833
2977
5411
3051
9056
9937
3215
2946
963
9720
6503
2276
1247
2228
5757
817
2420
3017
8871
6026
1888
2906
7003
6161
4066
8249
8070
3654
4268
8862
9604
6394
548
7115
4671
2796
4230
2370
2655
1845
3298
2464
5172
6445
494
8016
6841
4162
8533
7114
3968
2034
2287
5359
3047
2049
3373
5765
6347
3911
8897
2310
9478
9865
4304
3298
9303
7403
9805
6834
3923
3318
8493
7102
4932
5719
9550
776
5417
9735
7213
529
7615
4682
2050
5814
4793
2609
2078
1094
3386
6095
8747
7697
4870
1920
7748
927
261
3462
797
2413
5108
8826
5925
9482
5021
730
1992
6758
7935
378
749
1125
682
4406
6433
455
7049
4231
1447
6787
8813
4425
5693
2644
3578
3933
1242
0
9671
969
1216
1298
6223
648
3913
5361
7376
7984
5904
3363
7639
7209
6862
4809
9249
9505
5160
2030
9424
4308
5157
392
7855
9455
517
8212
2196
4785
7109
6378
5949
7388
9267
1374
3445
2629
4003
6515
2999
3420
6362
5237
7954
7669
5018
8697
6009
76
8696
502
739
2791
8373
7415
1871
7650
594
3757
6628
3087
3043
3615
904
1074
7148
641
9455
661
5478
520
9737
9988
7661
2764
1659
9787
2802
2237
2350
5918
4189
653
7052
6221
2314
5461
589
1398
9499
9698
7679
7483
3102
1313
256
9085
6213
2936
8735
9856
9789
4123
4915
6036
7560
9723
1924
179
1310
2020
2377
6681
3360
6347
6012
4771
8940
7902
2159
5848
3629
7362
8135
1346
4172
2769
9142
1335
8388
5470
5038
8946
4859
6262
5236
7779
8292
2914
7736
7882
8521
9797
2640
4494
6388
3669
6341
8104
5309
1005
4855
7442
9414
2344
9337
3960
1510
6651
9338
7406
3224
7007
700
8473
6177
7559
5208
426
7114
2590
9524
8490
7854
3218
9799
237
7176
5977
5161
4177
1471
7673
3503
8808
2707
4394
8331
238
1411
2830
6143
7983
6093
76
538
6679
9087
4118
3693
3343
2653
7925
3223
5774
1649
8386
4789
9939
2964
6928
6556
7573
2660
8568
8849
6536
545
4105
4720
6276
7008
3435
450
3018
1432
7307
2965
7624
2668
8290
9747
198
4570
6878
566
1030
4790
4007
9720
131
4562
2049
4699
2684
3346
4047
5853
949
6723
3218
325
3932
2102
7895
2508
7020
6280
451
6777
8628
6360
2570
2576
2315
5383
5527
4762
934
9422
6706
6974
3196
178
9100
1064
3822
7518
4751
3929
4627
1327
8420
2151
3572
6331
9926
6128
6540
8769
4413
3307
2736
9335
9774
6543
4912
7638
4962
3228
7339
9769
5672
9893
5790
3329
4171
4016
5525
6276
7072
424
8936
2640
6639
8212
7080
7576
4949
1631
3463
2352
247
5611
8050
1437
7860
1095
4351
3208
4453
8406
4475
3338
7361
20
5414
700
8021
3674
6883
4523
5705
3419
2362
7994
1472
8276
1705
2555
3045
7606
21
9677
8406
2487
1946
1140
426
299
6242
7267
7125
7628
5216
3998
3317
950
3343
9166
8253
1974
4781
2368
5639
3959
7113
6005
9539
8902
4381
4223
6850
6656
4583
2948
7309
9280
6252
5110
5823
5901
3610
4429
3636
3816
1413
9752
2155
5564
2990
9877
1303
3859
6728
1107
1446
1476
8047
2358
5527
3760
7515
5586
7810
1970
6513
9888
7473
6184
9352
9087
542
2369
7956
3941
5541
6423
3293
4776
5698
4297
4677
4283
4530
5251
2365
4475
5106
8216
5090
8170
3115
1321
7220
7039
5201
2850
1951
4340
1041
1745
419
7516
8116
1856
4753
9340
8218
9458
6782
2370
5824
8981
2235
7776
3153
9705
3944
2228
2644
3497
1295
6808
2412
2708
3013
3715
7061
5987
3046
5158
4647
5680
2121
5464
2703
9919
5699
986
9457
5182
4106
2034
6714
2569
8452
6602
2589
3877
9251
11
5415
8685
1096
8738
9268
5610
5766
8952
786
806
9608
959
7251
1249
4419
3799
7973
7536
4159
8404
3515
2511
6552
2993
1295
395
1656
1032
7391
9970
3203
1274
2359
9903
5001
1291
9890
4481
3498
1754
4252
5222
5142
1126
3220
8324
7225
8838
1134
1580
4566
8052
7131
8289
8615
8126
5666
4508
6685
4201
6356
4790
4122
3751
8125
3320
7990
3261
2941
676
9352
8366
2781
4974
2207
5111
2253
9259
4914
5446
1609
7735
758
4341
8241
1669
4364
1690
1092
2689
9840
6093
7134
10
6445
1221
4763
5040
8169
7986
3475
8470
2791
673
3472
4406
3599
5774
9922
7393
7579
3647
6139
255
3787
3215
4989
8506
2476
4910
2720
6119
3580
3574
6619
6794
8239
2843
3939
3764
7878
9645
8516
774
4993
1687
317
1912
1178
3777
2422
5075
8369
4948
5284
3728
2626
2078
1412
7654
7500
708
9109
5349
6017
8577
2562
4485
5055
1561
1589
6787
3604
1084
5547
9944
8784
2898
9656
9349
4832
6166
8106
9675
7956
6250
6485
2595
2855
4304
7403
2671
7635
6491
7516
4011
3719
3032
9663
7625
9707
3168
4425
2465
9575
9157
211
3951
8467
5315
5558
8531
2456
6997
4431
1478
1374
1463
4422
5048
8750
773
1293
1510
2023
9122
5038
6785
5857
6393
167
6308
3964
5227
7596
3937
3687
5057
1587
1118
4156
341
9487
5254
4778
7643
345
5385
6585
1222
7123
2684
1838
4055
7771
6711
618
350
2638
8371
7367
748
5116
3367
9464
8479
1753
5614
6281
4809
7070
3693
1537
5557
7003
3493
7068
9969
6188
4238
198
5840
1773
5476
8251
7956
3852
6104
477
3702
1873
3461
8529
6671
4406
3532
2742
6339
7814
2019
9494
7676
1526
1761
3543
8404
5044
8924
9341
2299
3180
138
3928
9037
9793
9559
2571
7751
1577
3245
6664
8184
8461
2095
9719
873
2082
3044
8404
5750
9983
8924
5243
3054
3545
9692
3786
9234
6236
8791
6856
4875
6175
6836
9856
8953
4351
4004
2309
6335
5517
8334
3762
4636
4218
1402
2044
3255
2404
4281
8758
5221
3265
7888
5872
3883
6222
8161
8771
7097
9331
1142
1151
2574
3376
7549
2298
993
1382
2698
7998
3554
4923
3783
107
9626
3126
1843
2143
2752
9373
4221
7465
8353
3033
2503
3754
5420
3955
2420
1117
6851
7038
1617
1181
506
2983
3904
9875
5247
6398
9364
622
3114
1748
1230
3423
4610
8213
7654
6014
4120
8319
7833
9530
1371
4626
6431
4848
9666
7638
5620
8848
9725
2330
8334
3668
6790
6640
3269
5791
572
5935
8638
5927
4595
3550
9267
4963
6030
1550
4231
6255
3847
5407
6550
3882
1065
4022
2493
5238
8512
6622
7106
6343
9405
8802
4152
2614
4495
3470
2533
4726
1150
9654
6617
9406
5816
1481
1971
1379
5882
4319
5049
2846
9388
7627
1585
5001
8973
7211
7110
5189
9956
6581
4795
5055
5411
2806
213
9485
1682
8470
6485
3354
6058
6712
6089
9604
8945
7298
473
6150
2691
4467
3425
3333
4509
5855
7575
3922
506
8067
4850
257
7399
6688
5388
2988
4698
2722
5083
2348
2665
5062
5885
1674
918
2780
7470
6000
64
56
6168
5080
7838
5078
1295
460
3408
8234
1234
4936
4759
9918
5547
8075
1130
533
616
1297
5936
9939
7195
8955
3296
6155
4014
529
1724
4742
1830
5670
131
9071
8867
3330
3574
3914
3079
8976
7287
4386
9075
5954
2010
5224
9601
5258
9117
838
7802
6692
4688
6511
5039
2941
5988
2278
1875
1926
2416
6340
7735
1290
9765
4104
4127
9847
8868
5258
4423
9322
6718
4858
4144
2619
6972
4027
4395
5840
4967
6522
6457
4381
8670
849
8004
9866
8486
7085
1709
9796
1556
2444
3049
5281
8594
7901
8971
1766
1486
9769
7283
3661
8814
857
7131
6536
8028
4803
3139
3112
2856
9379
2765
8675
500
6051
1035
5973
2027
2324
8586
9237
2587
3079
9713
7042
8775
8724
381
770
8527
6765
3070
3914
555
2489
1083
3303
3093
3759
9763
4260
2222
8589
6838
3861
8298
7819
5677
5503
3024
4748
4394
8279
2283
954
3715
2528
820
2650
1171
7445
2279
8002
9931
3746
1429
7316
2084
9358
9789
5756
1650
7794
5900
4731
2900
9705
7977
3032
9171
6018
4005
9893
6634
2487
4860
362
299
6801
5005
2110
858
4800
4249
2149
7396
778
3514
8586
2989
6680
2186
6094
4274
1390
7690
8805
3967
9411
3390
3178
3467
5168
7855
8491
8753
4964
7682
7831
8249
5547
5225
8777
1016
8685
3211
6984
5058
4348
852
702
7660
9287
6134
1662
5964
9542
4311
974
917
2437
9045
972
1677
2355
3548
6082
4402
8538
2262
3563
5451
7837
9694
3240
3595
3043
56
5039
5029
9450
7739
7799
9449
1148
3150
7889
8009
4399
7820
8605
1551
3078
5943
1562
7377
4298
7328
1357
872
9628
9794
2082
2748
591
5890
3648
5758
1716
7111
4819
8278
96
7779
6121
2200
1764
5805
109
2833
5175
576
940
7233
9092
1857
4328
8163
226
7074
4744
3552
9081
8761
2744
7918
2787
3153
6736
3764
6816
8997
9622
3482
4883
8418
8188
1214
8071
9954
5456
1386
3676
8846
5001
4617
413
5266
9368
8187
1522
6901
93
4404
2653
8802
7149
2985
8652
3453
1636
6628
9814
4731
8403
4508
5382
7372
9207
9062
2598
9006
4112
2454
9966
8433
1306
1151
4895
684
4169
7707
8622
2630
9659
4222
4595
3171
8108
2175
4883
1496
6285
1868
882
9776
9271
4696
2715
9684
9371
1544
7176
4753
9598
5855
3619
1070
8805
840
5719
5333
7493
5383
5351
5879
5796
2251
1838
9117
7795
9462
9299
8672
67
6080
9358
6125
8238
2118
9760
2695
7431
6924
3195
964
6512
4010
511
231
6671
2623
1479
4752
1607
803
7133
6648
9431
1722
2351
7617
4925
4753
6132
9264
9138
7916
6226
9800
5088
3833
9029
8939
8676
5466
3347
33
1481
9973
6230
3247
3146
1009
8391
6809
8183
1792
2873
434
1700
6968
8539
3141
4402
2631
3581
4122
2288
6950
878
3815
5927
4126
1422
9125
4115
3661
3430
5254
3212
7093
714
8835
2175
9151
595
3671
6886
4793
859
8643
339
7164
7775
8861
4293
8149
6797
7933
7919
8005
300
9168
4210
1127
6977
7423
3829
1303
8476
2949
6590
1818
8578
418
973
7235
296
3987
7307
9503
9976
2269
5529
8100
9804
2837
2793
5920
8830
4323
6322
7781
1177
5724
2128
327
9285
832
965
28
2433
3334
5179
171
152
3343
3964
6837
2409
8099
6253
2595
1945
6856
5007
2285
2611
8055
433
4345
5780
7005
985
9039
9413
177
1258
5126
7673
400
2213
2681
7749
9613
401
9586
175
9870
9250
6044
6256
4481
8132
7670
5546
876
2457
5652
4968
8609
8813
2211
9533
5161
2317
5704
3512
7260
9536
9755
7270
7557
8464
968
5733
3735
3790
5551
613
6063
5140
5123
5656
2401
4714
522
5914
2787
317
7725
7440
916
1154
7661
9335
9876
1155
6764
170
3292
2572
9283
5959
107
3060
1131
3104
3909
2721
7906
5885
6879
6156
47
9396
7438
4016
1791
8293
2914
8164
6359
4220
428
5063
1659
3896
6370
5668
8504
8101
5650
496
7338
1891
4551
8947
5267
4765
8712
8685
8404
7949
3946
205
7614
3326
3452
7458
2301
4372
8915
771
3991
5197
5441
289
2679
8408
5881
9485
4030
2100
4412
6504
2970
2051
7073
6291
7096
9101
6229
8678
8293
5939
7123
3830
4864
7622
111
5363
5624
2693
9873
17
3200
2022
812
883
6169
864
9640
7104
7306
1720
7556
2965
6177
9133
7811
482
2798
6331
5823
6448
9718
1555
2495
3273
2644
5479
7794
6683
6320
3053
6518
5192
3517
1379
8224
4104
8726
1715
5163
3307
7870
7985
8860
9124
9423
4038
9831
2147
7828
1631
5612
2042
5406
6031
6937
5564
6301
9190
9049
9190
3383
9828
3253
109
668
5124
2401
4509
1144
328
631
2483
8589
4865
9430
4766
3372
2290
905
2749
7377
6226
1810
6530
9145
5130
5973
3453
6791
6592
2756
5781
6309
8776
7695
5884
8657
8916
7429
2649
3995
5570
744
7995
8423
4618
9820
1624
8634
2311
6686
7621
8379
9676
5766
4624
4241
8392
9022
9951
6413
6721
785
3877
7736
1417
5269
6452
247
3000
341
6241
8574
458
1865
7897
2874
8051
4290
4063
299
1693
488
1284
1311
2517
3609
3637
1972
9607
941
8211
5793
9734
3260
582
8706
5468
3950
1304
5626
8106
2410
747
7751
4038
6105
4575
6748
2192
8527
924
6312
6384
6369
1672
1414
7208
8143
7850
1299
4123
1748
4734
9109
4709
7961
3851
6613
513
9305
5513
2589
6523
9242
5607
8201
3022
296
3358
6092
9073
8007
2892
5963
7786
9664
3544
4549
3826
9081
689
5251
5207
1184
9620
3721
5558
2140
6273
6933
6439
1409
6542
3744
3277
4603
270
9260
1139
6248
381
7491
8817
8401
6059
2210
8163
6732
6666
4633
4271
4800
9847
2842
5303
2625
3506
5863
5806
486
8961
5270
8430
4929
6931
94
3534
2820
3447
9473
773
7727
2841
9156
7577
1337
2430
8787
4100
9418
2724
4025
6281
322
8706
3847
1896
5857
9166
8610
1131
5284
1237
3831
8572
8641
4527
2111
2737
4946
3334
1398
7339
6859
6407
2820
2967
8415
7085
3613
4599
7771
1698
755
2671
5019
5105
8125
8158
2416
1467
1373
5621
7255
1735
8291
5879
9491
2790
9423
7392
8414
3387
1471
4426
6313
9346
7482
9137
5898
6364
3405
8663
2324
2902
828
1170
6329
6491
5818
5576
4924
6283
7636
296
7046
3039
1818
4374
9438
1233
8878
2948
2299
9038
2947
8487
2845
7680
6732
6425
5479
4998
6238
7495
4840
478
2993
1671
466
3908
3974
9993
9675
831
1621
3234
6967
5263
171
204
6244
4772
5373
2107
2495
737
9015
7643
534
9763
3891
2986
4251
5945
7876
1085
6304
369
5004
7295
6143
9822
6512
4825
5067
4478
1512
524
686
8223
4357
6367
1761
1188
4140
7780
487
1140
6167
8708
9311
5337
73
4481
9467
2580
253
3602
1214
5776
8571
7298
6330
5411
7945
859
4723
7638
3410
2642
978
2781
8245
1602
8957
5680
8304
9887
70
9733
9193
8896
1155
2672
1301
970
9329
8209
6198
5060
6055
6800
1704
5238
6094
7839
9
514
295
4011
8845
6204
3511
9496
9582
1236
7195
9358
1612
809
2843
8490
5073
7630
4721
8594
5363
7193
9098
1743
9292
5579
8908
9876
2545
4372
9622
7932
9458
1770
4695
9225
1960
2200
6805
4805
1513
1017
9048
9020
7175
6383
2288
3763
4524
3031
8572
9679
4617
1220
8991
8145
3329
692
7187
5978
4852
2722
7746
8834
7479
7072
1663
1537
7778
1430
5869
6060
2360
1980
8973
7948
6739
4227
9562
3908
4881
3249
6846
9849
9654
5326
9493
5598
4072
3819
1342
1510
9371
2179
9438
6816
961
6408
5492
9742
4036
3878
9785
4115
3645
3301
7078
869
8425
8111
6841
5573
8393
9953
7069
48
2235
1842
9612
6098
3628
1935
2308
7630
5978
5844
5070
599
1234
2996
8586
2620
4458
8167
2984
5388
8028
6178
7058
8275
722
9926
6775
9651
2093
3718
7065
3544
968
6219
9705
1510
7740
5679
1265
7170
5016
7180
4661
8477
6299
1445
7285
7844
2963
5053
5169
7520
5823
5206
4605
8848
9201
9874
5932
7487
761
4552
6516
7740
3885
7332
3988
5054
2426
4796
4385
3924
4294
703
8956
6381
5567
1652
6431
5818
3867
8613
5684
6281
2986
4676
5104
3712
8126
9582
2456
2196
9474
9028
6678
4161
7215
8271
5050
4567
4793
2391
7063
6372
1639
3587
2031
4893
7075
6092
2074
9205
1637
9475
2557
4965
837
6305
5602
7755
3722
626
6823
963
1050
6675
9245
8812
5869
865
6804
5382
949
9401
3043
7074
4524
6392
4744
7322
2380
6628
1072
7710
9416
248
2413
8585
7146
8476
3870
2078
9309
2152
6261
2461
566
5571
6933
8826
897
6191
2760
4899
8166
6074
9961
1142
5313
5468
330
6866
7591
1339
4916
2126
2933
2383
2823
1984
941
1767
1280
9446
7166
2104
1709
5908
9102
7014
7432
7420
2945
3278
236
7512
5974
1040
8993
9979
7933
4022
908
7075
5285
9853
7892
616
5105
386
1034
6488
5935
7937
9194
3236
6783
4874
6008
2028
8529
6823
1216
7049
9972
5783
9023
5630
8777
6655
4446
2061
1192
4153
9671
8349
5157
8811
4001
2751
4868
7315
1398
3757
8549
5933
4153
8904
2719
7169
2002
2251
8029
6554
1826
3173
2892
2005
5375
8634
9438
7918
4220
61
7998
337
3614
4756
9360
1035
5907
5136
6276
4404
1325
752
7550
7336
7275
5834
262
8947
8738
874
6313
4084
5003
5171
4149
1669
2066
5738
9937
3284
952
3121
4664
3244
2773
1460
8753
6174
4188
4241
7896
4926
2736
3534
9141
2236
5428
2874
7922
7777
6511
1596
2329
5652
5839
9265
6626
9494
2392
4026
1241
9917
5866
3057
9226
343
3412
4781
3268
5072
9584
752
1629
3069
9525
5299
8228
9457
8814
4986
1995
1195
8753
7509
4113
8220
3480
1943
7274
5606
6718
4872
6354
8689
2536
2082
1446
3803
2255
4988
1924
6846
1758
2938
6889
8624
3044
2073
713
2808
9399
9120
5454
6825
9548
6998
2753
7775
9454
8156
2146
3620
4257
4236
2586
6828
5233
6161
2919
536
9318
8181
1662
1346
1001
3339
8334
7142
340
588
141
6478
7079
3044
4341
338
9948
2062
9207
5579
2466
1115
1655
6655
5171
3550
8869
9158
4197
3880
822
2064
1219
3979
8090
976
9159
4320
3601
673
8513
8496
1053
2803
4273
1920
2553
8402
2648
1448
1115
9852
3003
8955
9990
4999
5594
5017
6867
122
6556
6002
7210
7264
3282
8423
6925
9480
3227
7060
5065
9023
4367
7697
3442
6701
9572
9674
9841
9612
4855
484
1901
8683
6982
1769
4948
5680
3340
2301
3682
1455
1405
9488
2731
8230
6552
4942
1715
9590
8632
7955
6749
4608
7104
5805
5794
4935
9792
9500
8417
5515
9146
686
1122
3002
9347
5578
6037
3119
8696
76
6091
5770
2690
9120
1104
9608
806
4382
2197
2388
7884
8201
8494
3903
9042
5074
1592
5481
3724
3122
6474
3478
3605
1352
4941
4317
491
4750
6729
6708
5703
8626
128
2568
8097
6975
4598
6187
2695
2214
3686
6310
7779
4267
1520
2902
1217
9404
6510
1002
9039
1812
5630
779
3381
2394
5496
976
8617
1768
116
4533
4241
7319
506
9232
6578
7573
4108
586
9613
9906
5111
1854
8807
8520
4434
392
7137
5641
8430
7714
697
6255
5345
9093
7017
305
1288
3061
7742
4322
9764
3133
967
5227
968
4699
1265
7639
7987
7046
7316
5931
448
5625
8414
5582
9829
9373
8262
9087
5140
243
2435
147
5336
8789
4707
3380
30
4457
5586
1565
8555
7718
9842
9178
5637
511
6665
3724
9833
7904
2372
8986
2216
1639
5439
7651
5939
5415
6516
1451
7731
640
9707
7681
2515
9051
7010
8754
7188
3147
8728
7173
3569
8
8163
1701
6691
540
7003
9203
313
5062
7796
2705
4725
8577
9393
4096
379
9960
7433
6585
4791
2353
5296
9991
1917
4152
7623
7647
5590
3107
3205
9582
5229
7749
4509
1781
6658
2928
499
9224
6204
9060
5328
9400
8006
5274
5388
8929
1186
3316
3617
1507
1274
2585
9206
1384
640
7814
5259
367
450
1198
5017
6221
2270
4600
8447
3284
614
9587
3982
4498
3172
5925
4194
1826
7418
7028
3066
4609
864
1950
5287
1976
4425
3424
5020
5049
2837
8270
9784
1136
128
8501
5086
4433
2857
8088
9867
4680
4451
8538
1795
5928
4645
6916
843
5387
4134
8955
6421
5694
2339
5096
6681
1102
3046
9769
4097
5236
5775
5064
7867
3041
6178
4114
3127
1294
5315
4132
9329
8405
1272
3160
3813
8513
94
9743
4272
4886
3063
6130
7812
9123
7414
1534
4425
9497
9084
4421
2339
5592
8108
913
7327
4764
4827
2035
496
7193
3219
3285
438
7750
8719
1746
3686
4473
6700
1163
6621
1127
9962
633
776
8145
6494
8533
4311
6160
8618
9104
2067
4797
2529
3017
7411
3289
4132
3388
7902
4901
1372
6298
9908
1065
2596
8318
9693
2690
164
3487
6511
8249
183
8053
4593
6517
8640
7993
8996
9470
6030
8626
3929
7165
1478
2077
7888
5719
6632
3390
6465
1929
4221
6305
7536
7321
9786
6350
784
7314
4045
4922
5159
6814
4448
945
1311
9371
1653
9744
2276
5024
4173
3615
9689
2529
9939
5339
2467
8174
4497
519
2552
7889
4672
4244
2744
4738
7124
4042
6982
7563
5954
1120
5732
6012
1525
6332
509
7753
18
528
980
8684
7248
5018
1727
9615
6759
6454
2101
9360
1232
4998
1129
7170
7077
5717
2437
1498
3962
259
8476
7462
3479
5521
4082
6298
8754
668
8262
5577
2125
7206
8191
6162
7126
5491
6636
8056
3102
1870
9476
8387
7147
6993
452
4941
6008
7909
3558
4457
1493
884
727
8073
4657
4087
9769
6517
8094
7416
2205
2025
1095
6763
8053
4292
3439
5180
8272
9485
4235
1578
7672
856
3961
8443
6095
6341
7566
4967
4083
1188
9272
5836
5267
4995
2045
2966
75
2431
5349
7346
5300
5851
7271
8939
655
3451
8968
8868
9649
2241
451
7489
8091
4623
2630
7067
5970
4514
4042
6022
5531
8172
7340
5487
7174
7148
3254
238
7747
8851
6774
742
9475
2218
2106
3567
9294
2268
7340
7530
4799
8557
8534
2861
1724
1931
216
5720
8856
8377
8282
327
2206
7255
9133
9654
7017
6004
1588
654
7714
3598
8680
9528
330
8121
7404
7990
3181
7160
9135
6083
8876
9562
1690
5930
2100
8218
5572
7376
1836
7719
645
8102
6214
6377
5269
5003
8185
2525
5909
371
6977
7168
3249
5183
5994
9340
6272
3058
7273
939
4908
1319
453
2455
6860
7564
4628
6441
7251
8973
1367
5597
7692
6210
4879
4479
8599
3634
4512
8769
6208
9992
4419
5355
6053
686
762
2113
6817
4806
3167
8062
4885
2712
5712
2905
4568
5880
561
3862
108
3266
5831
3553
6596
1436
2595
6526
9580
3595
7448
4973
5320
8749
1220
842
5904
8637
8570
1841
4333
6869
5828
4845
7688
717
8288
7283
1462
7328
5689
3633
4274
3322
4246
3164
2804
8236
2067
7228
9882
1250
815
9421
4764
3020
2791
2674
9768
7245
2713
400
7731
7363
7798
3196
8934
3330
3021
8699
2539
3104
5625
8309
2132
7658
5311
5258
7842
5171
7072
9518
8345
7480
6243
4059
8611
8274
7220
8777
8772
964
4414
7644
7087
9951
8862
52
2908
5884
4401
6638
1405
2301
3833
1211
8513
6125
1180
6303
8698
1939
2429
5950
1055
6663
8250
8104
8362
4772
3567
4040
9227
4694
9651
1296
4997
2247
8968
8823
5644
9546
9597
6811
4442
2229
9460
5556
7517
3721
5030
6055
9286
1127
3150
4453
2813
4021
474
6107
2574
9691
2658
953
9795
8416
2220
2155
2429
9018
946
1142
2671
2703
6702
4789
4778
8722
2112
3042
2543
9159
4437
4781
4644
8904
87
2695
1161
3884
5482
8940
6662
1573
5820
2939
2282
535
8356
3869
3916
9384
1395
5067
3137
3795
3331
4407
4933
6645
3780
8266
255
7561
7392
2796
6876
763
5029
8700
5925
469
2912
5434
7095
1200
6391
9038
5674
102
6819
2501
326
4902
4521
7235
5017
5724
8603
6659
5398
5658
1393
74
3380
1637
7439
3061
4299
3704
778
1305
4049
980
2657
6392
3920
8011
4336
6948
5123
1043
9815
6077
8816
4331
8255
2649
7098
779
1650
5525
5861
9556
5819
1645
3413
6779
3089
300
9850
410
9054
6877
806
1160
1958
314
2648
1137
1532
9808
9152
3894
9375
8948
5329
5039
4089
7849
5590
5166
9904
2921
3311
9535
8828
7107
7720
7573
5946
9546
4195
7024
2510
7493
7607
2480
5051
6283
2821
6422
1492
852
7714
6251
9592
5012
8401
1370
9125
2663
4091
9132
3412
286
6821
6922
7834
2140
8505
621
9592
1612
3514
7500
6475
290
1844
7043
29
22
3999
9737
8826
8804
4310
9429
5182
7812
4149
1806
9631
5292
3891
7570
9270
3052
1863
4927
5489
5409
4274
627
4291
8865
4649
381
1856
4895
9041
7403
441
9989
7040
6814
5252
8939
5492
139
3821
7397
7369
9253
6804
4044
21
3260
834
3026
2051
4659
6027
7491
2586
2385
7891
1518
1755
2730
7148
2539
5486
1209
4621
5115
2935
5353
7480
6602
4585
7551
6513
8552
1490
549
9551
9113
2907
6876
8753
1614
1208
3232
935
4861
8613
2351
4232
4333
2195
3355
6029
3238
8647
3614
4512
3088
2694
6166
6994
5547
4065
7245
0
8075
7602
4743
4698
2743
7528
3338
8335
8839
1950
8842
6134
8828
7010
8440
8370
2365
7034
9255
4731
1817
2456
7528
3396
9741
8445
3556
548
1325
9767
6106
2365
9515
9771
2006
9779
7709
2345
2184
3985
5794
1864
8895
3000
2643
6311
2991
38
8639
1253
4750
8099
2880
8334
826
270
2663
4836
2380
6476
9304
6306
1980
5805
7639
5833
2095
8538
2367
6907
3767
4798
401
6036
624
6087
8431
732
4867
7171
9948
6782
8387
5571
827
20
3746
1425
8140
2647
460
8790
895
5837
5911
1007
6891
6221
803
9186
9480
9595
3557
6523
9362
9938
5872
5642
8769
9965
6067
6813
9595
9528
467
3355
2973
1089
9673
3706
858
3143
2211
2974
5542
8008
7937
9975
294
9331
2455
5056
3277
5903
9966
3219
7416
9202
1168
872
3270
2009
7578
6992
6827
3426
9396
8900
5079
5373
3818
7157
8052
989
1211
6432
6700
4930
8636
1433
1455
793
5801
9422
4040
3508
9555
7597
5459
2870
7002
6636
9416
3540
2655
984
6528
347
6530
2128
4589
806
2901
1722
8920
9076
3921
9421
4260
6553
2343
4737
5766
8588
2472
8444
7403
3681
4448
6528
3433
9059
258
9038
1629
7299
6514
5676
8256
6270
4185
2924
9134
2393
6930
8298
7860
3914
9129
1903
6668
6253
8897
6145
5887
3833
518
9762
5406
5532
4477
2158
3799
5721
1570
9574
1040
1333
6697
5923
8208
3222
8916
4167
5517
9127
3636
3001
5083
2224
2735
1665
8606
9427
3538
5858
7793
8937
2871
254
7493
323
1379
3045
1486
880
2331
3469
6592
1212
9617
5931
6691
9843
6317
5893
3563
9732
7446
6274
9718
3963
7490
2315
6633
6974
6036
8006
8725
7713
1060
1888
2855
2554
5593
426
7897
2188
6678
3075
3828
9092
1590
6194
8437
8840
853
4328
4921
5185
7458
8178
9947
7394
5729
9519
3445
4902
1817
791
5401
9920
5452
8988
6391
8510
1213
9729
5091
3260
1632
4707
2513
5176
139
1518
9429
5269
4112
3710
2269
4803
1277
3164
6832
9027
9290
3923
8078
8557
8625
7344
3736
4613
171
6701
708
3991
878
3431
6371
1775
3006
7643
9418
3355
6839
1710
8678
1143
548
3206
3190
1702
2952
9038
9873
5939
6440
7759
5664
6450
1946
4095
9349
7556
2022
73
7837
2069
3380
5935
3967
7886
6673
6430
3495
3301
8733
7019
2864
4908
8656
6441
6085
7200
5200
4809
9175
2370
1143
6608
7469
6126
8546
5967
9209
7874
9000
5488
5027
4976
2779
8378
6596
1362
8759
8095
9324
4419
5031
4099
8707
6905
5655
3162
4414
6032
6506
7
8168
5554
198
7518
4346
1087
6305
4423
1018
3289
2818
6628
5850
4365
3487
7061
1306
1140
4239
8067
8855
2622
5204
4939
7632
8528
2019
135
8957
584
6770
8148
4795
9495
6690
616
5145
2476
7770
6790
2593
6613
9933
4031
7323
6178
4349
4988
7353
1973
5883
9771
8169
6015
7207
1759
5719
8654
1789
4328
6730
5103
1197
1215
3397
9345
8214
5147
4625
8454
7884
4770
5184
1172
4715
6114
3704
6865
4136
5631
4085
3593
1024
6466
445
3663
2415
7001
6619
2280
5314
9001
6132
511
7325
7109
2590
1071
5533
2725
8052
3574
479
4404
7296
5756
3536
4113
3472
7911
9399
6573
7651
2047
2715
7277
2223
6572
1434
2922
3118
7855
5896
3905
7594
5004
2350
759
8217
3386
5192
3320
7160
2979
7339
1820
4742
6424
7350
8216
4769
1902
5327
6032
8683
877
2369
5028
9538
7451
5267
4706
3815
129
6481
5035
9129
4124
6268
3919
605
9497
8058
7144
8902
4175
3998
7796
1647
305
4311
6460
5445
5414
5367
8433
4363
7656
5226
2280
206
6434
7614
6972
1084
2259
6961
4393
3142
3119
5930
6663
9
4812
4600
9725
5799
3040
9132
1790
1492
9601
645
7602
2703
2674
2333
4367
7045
586
7175
8948
1059
4214
5051
6596
5349
8872
311
44
2829
7046
701
2562
9012
4260
2168
275
3580
1853
1272
1404
6910
267
3863
6053
392
2732
6732
5986
72
4751
6249
3960
8617
4018
5192
8538
607
342
3319
7157
9182
8667
1336
8940
813
3170
4473
9009
337
9160
2250
9017
7464
6818
5580
6324
5789
5028
2362
985
1047
2795
4853
9461
5785
9140
2089
9506
8920
1360
8543
1249
9014
4726
1504
561
8351
4150
1405
9678
5475
8413
1960
243
8756
4320
6607
6713
2083
1301
2493
526
3661
3963
8335
9603
60
1350
2371
2123
5450
9270
3024
7974
5371
6760
5830
1366
9370
1008
5879
6287
9039
9956
3702
1346
6771
6399
6576
2628
2634
6423
3758
8118
3071
1583
8540
2558
5815
9328
6785
9735
6460
7525
2624
3162
9388
9007
4160
15
26
3895
1275
1989
1871
1691
9532
4953
998
4334
3458
5419
6486
1912
422
3111
3102
6499
3747
4112
8648
6779
8299
7468
7233
468
2654
221
6090
5592
923
8964
7481
5053
830
856
9426
8848
3200
3695
9703
7699
1633
3200
8364
4517
3884
5933
5292
3825
7188
3727
1657
8899
2525
5383
8022
9949
5049
5529
5135
1757
6539
4689
3484
7995
2338
2968
2625
5657
8247
146
3509
3924
9304
4516
7812
9969
7088
8356
1000
4209
1779
1990
237
6460
6881
8241
3619
2478
4449
4628
5341
9552
2730
4493
6424
4064
4705
3966
7529
1978
7442
2349
5252
447
6274
4791
2794
520
6091
7861
9185
858
3212
6434
4003
4312
6242
8899
2373
3434
8249
8678
5190
1155
424
360
871
7110
9414
7030
2656
3101
6755
1619
3365
5899
6619
1820
5061
5167
8806
492
2302
9441
6802
6797
2365
9041
995
1794
8546
9365
7237
8828
1364
2330
7677
8880
9700
9630
9404
3527
7641
1452
2661
606
6792
7678
3056
3052
7530
1274
5499
3086
4574
1516
9105
7057
5600
8212
9082
112
1152
3237
5496
4972
8078
1713
2476
4828
9091
4628
998
2961
6250
7939
494
5239
4090
8078
2552
7147
6675
7005
3089
7106
1514
9910
9642
6616
8272
1719
8447
1646
1517
4419
2136
8915
2537
5550
2943
3788
3771
8364
9306
6741
9570
7319
2653
6561
8451
659
1086
9510
7299
8996
257
8794
6556
6545
718
6538
6321
3211
9222
1629
1138
8543
5905
6716
5040
7289
4661
554
3238
8976
5653
1392
2229
5896
6416
6356
8048
4612
785
5842
1677
5418
2550
6166
9771
9444
5719
7530
2393
9189
3320
1410
5568
8277
8581
945
7313
8809
5210
4005
9399
3826
9207
2259
6052
6439
2940
3061
4351
7205
4799
803
7932
9484
5074
6415
820
2191
4794
9061
1437
2982
4722
6649
135
2647
1233
5049
6207
2776
1312
5905
6820
4983
2314
228
2733
7330
9747
4647
201
4654
2416
6914
2726
2449
352
8316
8240
5065
7485
3905
6637
1855
376
2494
5308
4402
8242
7767
2819
6814
8107
6887
4555
7003
3998
8764
2325
9949
6206
1504
5384
3852
7057
2880
7003
784
703
2060
8835
428
5245
2352
5714
9833
2775
7929
5346
5442
7298
6518
6131
5928
7610
5640
1770
9798
4229
8699
6729
7824
2859
3335
4342
5669
3364
4014
1938
7906
9995
8532
1987
1520
6030
8649
2686
5156
8232
1522
6478
1606
349
9437
7747
2078
764
654
7124
9262
6032
9619
2448
3914
4407
3558
2701
9340
5917
5391
1823
1249
1845
5994
1021
1511
4224
7999
6682
6666
7367
3387
5760
3211
4173
9478
2265
3336
3826
1305
3797
7178
2623
1037
5949
9011
2203
8120
3964
4520
5173
7158
7911
6259
5329
715
4920
3638
4325
6847
2007
2229
6937
7425
2764
4551
6407
8690
6074
5062
8798
4076
4133
7527
704
4529
5871
2391
9148
64
6281
7143
6446
1224
804
5939
612
9669
6805
5617
2315
6033
3039
9001
7674
2208
1331
967
6893
8075
1204
8851
4917
1848
4037
5496
7392
5496
1916
663
8680
5071
4101
6716
4130
7369
7267
2786
8818
6795
7924
3903
1862
8315
5585
6292
4480
6443
3068
9254
1756
5671
8974
7625
7364
8075
3255
9512
9734
9283
8153
117
9888
7925
6322
3422
8865
4854
1521
2282
1833
1319
8556
5820
9363
7157
8558
2285
8606
5884
3132
3139
8368
488
6965
1700
6483
9850
8725
7653
5057
8070
9831
3825
2987
9674
3769
3839
2211
9631
4882
4126
6509
3173
2990
6260
4466
2216
1482
1505
713
5196
2049
8933
8231
8596
5079
9822
5603
3882
279
3473
1779
6301
5104
6057
9683
8710
5891
7117
2517
7514
4041
8319
5506
3537
8740
3460
4859
3214
1707
9270
1054
8414
8625
9317
5573
6694
3776
857
3030
424
2036
2478
8936
9970
2386
7775
9522
2548
2749
3284
8552
342
2814
9678
9982
8997
821
5817
5310
7436
4488
4271
6617
221
3793
623
5298
7930
766
9660
6932
2037
4333
9666
5164
579
1796
5947
1826
9114
9850
4847
7776
883
5234
8932
7743
2230
7159
2459
6206
7682
4147
7201
3126
7015
1515
220
2141
4350
3589
679
4987
4060
9492
9484
3440
8738
2285
6010
7403
7322
9615
7567
3222
2441
417
2952
9781
3014
2527
5165
5317
7172
1993
8819
205
5406
6728
645
8979
9660
2239
8616
3584
5907
230
891
5195
1405
455
9098
3257
1193
569
8851
7085
2419
2740
8842
1945
9719
4374
4704
2030
3995
3005
8513
2968
1964
7604
6831
2081
3716
466
6345
6936
4154
992
913
758
6218
1063
8204
7192
4319
3011
4384
1986
5689
4238
9063
6033
7809
4041
5704
5084
7555
4175
9285
4461
1045
5424
6496
4200
597
9838
8815
1517
4655
7508
2533
3543
2061
9611
7960
3497
7872
7474
4663
4233
9781
7477
2606
9845
3233
6278
9307
1586
9289
4577
2127
7071
7917
8310
8142
241
4951
8333
2192
2298
3056
9819
2624
8385
5152
5059
6250
7046
3044
3414
1023
3448
8143
6991
9051
6491
2913
8218
7403
8484
8792
5305
9716
8330
7358
3570
5522
6804
6186
3975
351
8223
2658
7481
5137
4946
7800
6722
7802
3946
1668
3862
4645
8681
2154
5641
6839
6250
143
7133
3895
1173
7837
297
9007
543
5817
5317
26
5358
1084
7664
6401
6071
7480
1658
3624
6508
1740
8763
7072
7806
5320
6102
5742
2608
3431
3827
2227
8070
6108
4559
3478
539
7550
100
2347
7865
5495
7416
3276
1934
9266
5716
2600
6629
9625
6518
7125
2159
9358
2383
8856
6067
1452
465
4358
8345
4659
6681
8515
180
2897
8303
6420
2502
7209
3647
2991
5795
7322
6502
134
6402
2900
3615
6504
7480
3305
393
9733
443
5769
1901
5988
3940
3607
3747
3085
3061
1425
6098
5061
7658
2166
2050
1959
8394
302
3050
8695
1479
8022
5125
4133
1195
2519
9284
7238
2829
1326
7078
4850
2211
7277
7483
9028
3723
6037
3768
192
9081
3815
4547
8438
4338
7756
2329
6883
3444
17
2097
4736
6748
7844
1657
543
3859
6259
2659
516
8231
7908
1131
2392
2067
1189
6906
8572
3395
4224
3796
4302
7003
1851
5671
999
690
522
4234
6366
3413
1480
3972
6977
8830
6348
5526
4720
5746
3664
7840
3095
962
5847
8122
249
8501
4580
7542
1401
2017
3351
2675
4631
8279
7157
6702
7954
5822
1400
5019
7777
8146
7900
4228
2426
8144
1668
7725
2113
1817
2656
2795
7175
637
8394
4311
149
4491
2018
2355
2212
7606
5300
8522
1481
850
593
4234
8678
2407
1320
6421
633
1633
4017
7196
5968
1610
5994
5191
7231
5332
7039
855
1786
9549
971
9051
8898
7305
5246
316
2052
8423
6065
9965
6297
6031
8566
5496
6961
9638
7350
8767
1350
6698
287
35
1618
232
9936
9062
8224
2722
7900
5446
7146
6269
516
493
8384
4096
2706
9656
7363
722
1082
6799
4647
1693
8201
7609
9299
4368
1845
9009
6039
569
3336
4603
160
786
9682
6902
2252
2283
1366
2073
1747
9269
5212
620
6783
9691
6550
1552
6294
7320
738
3397
4969
5779
4902
7035
2494
468
3709
5028
985
2518
6468
8941
3941
5702
4467
7516
8301
960
1696
7140
3477
9083
4913
5077
2485
5080
2158
8802
2394
3732
8669
11
5467
2493
1796
9114
6729
1123
6483
9290
6911
4009
1578
2685
9174
8213
8875
5607
739
2233
5560
4834
8732
9410
5818
4117
23
5020
8709
7886
888
7741
9178
7867
9462
8169
4121
4875
7629
2755
5188
7514
9843
9705
119
1120
5987
6409
5455
4466
8941
5543
5181
545
2157
8207
3493
5014
8911
9538
9739
9445
9151
5325
478
9044
774
3890
2395
3079
6298
2483
6328
2017
5525
9891
5797
5696
642
2758
5182
2258
185
2103
5989
8627
1183
1636
8212
6515
3857
7012
2989
714
6775
4002
1239
6160
2948
2794
5571
6158
1425
1753
2105
214
396
4035
7140
3671
8804
941
2613
5085
4396
4432
5735
3272
3631
8763
4865
8908
6749
2434
2071
4344
4928
5372
1747
1636
4901
3133
9926
7682
7970
8980
22
482
6573
8902
9577
8028
5989
3996
2553
217
8858
3649
6782
774
5526
4521
3130
5160
9581
6525
5884
7832
9227
7647
1347
3306
7876
710
9053
1168
2160
4738
8551
2283
6384
9463
223
9572
2467
4871
1428
9792
6564
1235
1465
3798
4565
4525
2556
6602
4853
7135
3304
5180
657
4013
201
7617
1770
121
7173
5147
8576
7106
501
2189
1598
9564
5292
9059
8056
1169
4899
6563
3042
8962
882
5697
2158
5438
9883
4048
6657
1450
6143
9345
7720
144
6301
4100
4239
7956
1238
4023
9406
543
3070
9752
2718
8899
3497
2438
2430
1062
8307
8854
8026
1385
2309
5047
889
7377
8544
3409
192
7425
2577
4488
4143
1010
9515
3448
4859
8858
5003
150
7745
8345
3307
5759
5272
4313
9334
6471
9574
4206
6516
9580
1523
1549
9044
4363
2319
3036
1388
5781
4480
1027
9447
994
4280
5395
6314
6381
3721
5271
5419
9718
1647
7687
1366
8019
3906
7452
5662
121
3095
9920
3478
7359
8670
8677
7239
9159
3836
5377
3893
520
9897
8274
1802
2622
8759
1692
224
3574
2332
1879
8820
7825
1769
4866
9904
4522
1369
5220
9070
46
5631
8379
1369
3161
5336
1641
2989
3916
8243
6582
1252
3552
3747
5299
3968
2792
3396
8100
5294
822
6064
1009
2561
1697
7730
297
542
3924
5245
4079
8248
119
9230
7050
8204
5422
6932
5698
810
5568
2455
2124
5216
1967
4287
9930
1503
4129
2142
5975
4484
549
1117
54
1751
1442
647
4669
2562
418
8726
167
783
7529
8705
4002
8331
103
1018
8960
6157
2475
3081
6278
2613
5914
9489
3316
2990
8738
2486
3677
7477
7507
2460
1796
4273
9486
2063
6022
6413
2362
3819
4247
5499
9566
9103
8029
6413
5705
1564
9464
6676
9169
9641
8661
1475
56
2361
6760
5810
5942
9979
6119
3624
8891
5396
2163
605
1713
9289
7686
1896
4847
1303
1500
1327
3217
7718
1096
1129
9699
4787
163
2184
4359
8259
9542
6426
3148
3509
4877
5007
5379
2973
5586
9425
602
7118
4584
6044
1134
2342
2402
240
6218
9799
4870
7022
2330
5628
8501
9794
5030
6894
5270
1960
6422
8301
6880
5114
4370
6613
938
4501
6416
8704
1045
4090
3096
2251
2833
7930
7682
4543
7847
6443
6402
6414
5232
8046
4528
4037
2762
4538
5101
7972
8902
4995
2359
3180
7602
5968
8775
7729
3134
4976
8753
3397
3251
4030
1140
4343
2284
6684
2448
113
5361
6441
6489
3949
402
3987
1011
1059
9629
483
8063
4115
1884
9024
5224
1424
5060
226
6083
5986
6692
5818
4439
7850
299
1497
1873
7609
3837
2767
3824
7155
6314
5992
6990
4723
4525
1288
249
9477
1853
2245
3670
9910
7699
6668
3125
325
2236
4488
5732
6849
2511
1809
1238
237
3895
4436
1621
9986
3695
195
3183
3191
3028
251
196
402
4646
9216
8077
7384
2094
9222
8427
8466
2546
4533
6510
4082
9850
8635
4111
5143
1122
9282
6791
4342
727
530
7017
7392
9425
1372
990
4282
9923
6312
6907
9253
5214
7289
9743
1328
3625
3833
5895
6462
7349
6799
2148
5591
3027
5961
4965
8487
9444
5881
215
8321
48
4401
1012
7005
9325
2578
6433
284
5083
3151
7822
2649
7830
7612
9294
4030
3258
2198
3496
280
7992
4325
740
8029
4545
4011
2429
924
4633
9256
9705
9427
8182
7208
3199
476
2383
1238
2222
2852
7553
2497
5086
7869
9945
4591
5465
7586
2168
723
4755
6216
9479
7710
3650
1312
3696
481
9035
5951
232
6946
7268
9351
4637
1899
7268
977
2558
2972
8987
1953
1949
224
7987
1402
4429
111
8304
6742
6807
7716
3262
517
2605
8889
7469
169
5639
1580
8251
8210
3100
1289
8581
2079
1892
7018
511
3104
1144
7668
3244
7303
3145
2859
2428
480
8165
4118
9260
8619
5410
3931
8474
2033
2155
8331
4886
2084
8239
116
9377
972
4297
4176
7599
407
8657
1240
7025
7871
7368
9194
9056
6044
3353
2201
9040
2247
7114
3531
6767
3724
4442
5215
809
3658
4271
5379
1945
5301
5110
7810
3563
7980
7571
1538
4737
1558
9981
8394
9804
4955
8212
4160
7134
1376
9399
744
6413
136
4007
613
8278
8639
5448
4302
6196
2267
374
2081
5014
6560
3764
1447
9110
530
6937
5375
1251
1358
7685
1610
5155
46
3036
9435
3321
4472
3674
8802
832
3913
2345
2408
6976
8341
8534
3185
6645
2893
7122
5448
2378
3057
8187
6045
6214
4062
5977
8016
4114
66
3699
2768
7916
614
3490
3299
2805
9704
1874
4458
2143
3345
2174
7642
4304
7490
5417
3979
3391
5671
1153
371
3194
3748
8550
2688
6395
8376
9143
5987
4268
1747
2322
2785
3365
6207
3767
7080
5270
9935
4353
6057
4989
9300
1705
8901
8763
9505
5275
6020
8805
874
2131
8219
3097
1771
4277
233
9328
7470
2675
8690
8242
7626
4368
6863
4257
2109
3582
1894
9503
7918
1272
2831
4781
87
2559
1539
238
9702
5105
482
4373
7596
8789
2408
1269
1024
5939
3553
6697
8051
6807
7006
2505
7787
1183
9882
5967
6117
9643
847
7254
1549
4727
3546
3339
3736
9446
3683
7306
9296
7907
2633
3342
5025
4580
1185
4773
243
3066
3207
2620
3782
1488
1811
1621
3348
5768
8477
6046
3436
8249
5681
9286
2429
7860
9757
1313
7973
665
3999
2514
1965
7099
6239
5625
9523
3694
4610
828
4810
5590
7581
9764
1029
9038
7591
4947
7655
6902
7521
7579
9393
6972
7236
4354
5061
6683
2235
7685
5253
8422
7038
6131
1098
882
4726
1988
9112
3751
7344
3771
9277
6272
9605
2440
21
8158
2134
909
6681
5981
2468
6585
2090
939
8333
8121
1330
6652
9533
1602
9884
3532
4331
2203
4159
2964
1716
3147
4841
9385
2155
4473
1744
5364
2845
144
3976
8701
6969
9967
1890
4123
5124
7456
4782
3942
9931
4445
9166
9559
8276
7852
7263
7941
9173
2897
3446
4320
9495
8456
7086
8408
6597
5511
3721
5835
6622
7827
2917
9426
644
8614
7307
3767
4932
1663
5492
8331
4213
6659
8873
7462
2317
7286
4812
6802
631
1281
1148
3161
9931
7469
5970
5631
7354
983
639
3281
3376
253
9209
4751
4823
3732
3134
557
1658
4481
9874
8252
3772
9004
1624
1719
3689
3073
5873
9830
9466
9197
2325
7433
7272
3225
597
5545
2530
6897
2317
2374
7792
7806
6460
7422
96
7246
9834
1515
6842
5582
9775
5470
6794
9406
4513
2943
8790
3843
4348
4177
8858
3267
2082
5161
8307
8649
7773
7334
5674
1920
3523
2072
4434
8176
9051
3612
8225
8915
6747
3856
8116
7307
8004
9962
7281
293
7644
363
3554
9224
2446
9651
3556
309
2950
3321
7654
7148
6059
6787
4592
4429
6907
1201
8856
7826
1078
2206
6628
2108
625
9597
2266
8737
4853
4942
9973
8016
5519
3958
8566
872
4689
851
4400
1248
5165
5549
5379
5584
1288
7525
876
1074
2425
3443
6424
2418
734
9186
7299
5204
9708
2293
1040
7775
1716
1807
5464
4169
5069
7843
312
8838
2551
6666
6320
3708
2886
8802
827
7790
5324
2150
3421
9414
2983
9712
5890
2483
857
1159
4400
8668
6100
4821
123
751
5617
9772
9263
5002
3003
6983
8728
8136
2331
1101
2879
6783
9125
9713
6763
8758
5447
4135
202
7090
2263
1336
8088
5055
4341
6646
5463
5649
5071
9033
957
377
4285
7418
8245
7645
5063
6110
4322
7365
6107
1896
357
7853
3803
22
7340
8519
5165
2082
5829
7574
6336
4300
5385
3786
1884
1665
1171
2014
5896
7811
2257
7371
5822
5963
6189
2661
3457
1139
6754
691
9497
5614
8885
982
5518
1285
1829
1650
4344
9399
7530
4193
6834
5522
5529
8745
1061
5798
9833
473
9183
540
6132
4766
7045
4448
8994
1534
3045
3336
8582
8982
7792
2331
8081
5169
7857
3962
4094
4681
7488
4462
9136
4888
4436
2576
9933
1354
7844
4765
8207
3546
6289
1806
1611
2527
3195
4484
7807
6376
8960
988
748
5783
5737
7041
1854
9586
2242
228
9887
8693
2486
4050
7368
1532
3213
4304
3733
4816
4772
125
7687
1497
8185
8252
4265
2237
9776
345
4664
3442
9291
6136
7735
8689
2380
2200
1341
3592
3426
5181
5410
444
3943
7071
8345
8182
3562
7194
2084
7269
1016
5616
8313
575
7167
384
5425
2790
6751
3075
2052
6624
3391
6189
6705
2904
8434
7394
8043
2380
5005
1697
4518
6452
3753
8320
4438
8167
1701
4945
2974
2649
1963
8210
6502
3597
6450
8086
2842
3785
2771
3
9551
4054
6088
857
3417
2892
9987
9612
9360
3744
7587
8022
1735
3307
1957
5961
5702
7883
3190
8381
8272
2191
2168
1333
543
2042
1410
630
9237
6805
6568
9689
5895
2078
3434
2336
4874
5774
8491
2084
2532
9589
1734
299
7145
9758
55
9143
5879
8253
8817
8205
9881
6375
2472
1254
8547
2571
1012
6503
1606
5937
4724
4192
9676
9787
4423
