65536
4254
8286
2773
7411
4937
2120
7985
8106
8237
2314
1580
2291
8324
1233
6064
9817
529
3826
2353
8195
8061
5985
4816
5321
4249
7763
9041
4212
7251
1525
7337
963
9213
4687
2414
7249
8011
6570
4744
7699
8634
6238
3157
5039
8334
993
503
4956
2679
7686
477
4773
171
240
9898
9707
3096
3009
575
5185
4837
8156
7069
3759
839
6659
5093
1174
7320
4012
6383
2108
5374
7466
4997
5096
1962
5973
7804
7351
761
1944
7100
5074
3344
3627
580
6612
8301
887
293
3665
2782
9198
4060
9871
9128
8750
9534
4493
833
95
8663
5815
152
8528
6979
6909
8674
1618
9256
3843
9454
4557
4377
1046
6739
4316
565
4109
9088
1577
1165
5918
6857
8185
9779
811
9636
9064
2870
906
58
4289
9609
8262
1718
8378
5425
5184
3365
779
1820
4523
475
6319
6881
1343
3876
7644
9686
3245
5622
7133
1981
1704
8340
4014
828
6772
4520
8585
2396
4788
1149
7185
8389
4989
4871
2753
807
7009
8788
2473
2381
1476
3170
5658
7229
9806
5869
7817
1576
8528
8731
1714
5985
5533
5719
9972
8074
851
1636
1238
647
271
5387
472
5278
560
4914
2094
5365
9792
5246
6779
5434
4247
3731
5235
8842
17
3913
6182
7854
8882
1496
631
7142
9849
8226
7914
295
7730
5864
3445
5750
6770
3347
2562
2168
7783
6905
7073
2729
5600
1458
7251
8364
883
2501
6548
9436
2665
6352
4579
8869
9605
7513
5035
3672
8636
3311
9571
4970
7337
5067
9739
946
7845
9189
174
7036
4426
9383
7129
9579
5936
7243
2206
8010
5111
8306
7951
4285
7938
8596
9942
8053
6639
7636
6123
5746
6246
603
3613
4587
2606
1801
3209
6295
3505
5942
8702
551
7184
218
927
7973
7845
3350
2224
1368
2967
5757
1391
4752
6971
2637
1323
3649
7908
9375
8335
6494
5284
5111
1513
8411
3002
8358
1459
1344
4585
2350
4096
8293
43
6151
2524
1465
740
9372
1674
9559
9405
6849
3030
8753
1913
8430
9942
1472
9851
4254
9992
8169
7452
1185
463
160
5304
5244
4330
5386
3431
9328
2652
5486
5701
4925
1645
4757
9391
281
3679
1277
2769
8776
8476
3934
1844
4155
5052
3574
8996
5939
1551
7900
4235
884
8337
2807
1343
951
9371
6031
4512
702
5622
6687
6534
1710
4934
642
8519
6021
1471
1505
2179
9060
7913
201
3680
5517
8134
8630
907
2294
1374
1588
8530
4289
9752
9979
8287
9158
7751
6949
3604
297
4714
1885
5861
3200
5779
1100
1847
2493
4055
5556
5948
5968
6758
4447
3713
5855
472
9346
5105
4318
6170
6881
3609
62
9616
7861
7034
5413
5134
7074
8762
7686
2296
7014
2040
2176
1122
9634
5741
8329
2772
8194
5580
7148
9646
4974
850
2470
7654
429
2229
4069
427
5007
2750
2805
1155
5842
5300
3998
2787
6464
4522
2130
9241
5060
2877
8935
4342
6423
7542
5343
3320
6516
8917
3681
972
5825
3636
1164
9743
8235
3181
8354
5118
6244
8259
1272
2421
1043
3855
4532
45
2447
9601
882
7101
6000
2710
5969
3997
3739
8703
8540
2148
1634
7427
9390
336
2776
8225
9111
4547
2309
6545
6200
5214
1641
2686
3
76
9600
695
7824
2727
6446
531
5157
6660
425
5892
2455
5650
4136
83
6742
8958
6213
9477
8982
3195
3451
9770
1936
7163
2595
8301
1646
4473
6419
4320
9065
4784
8695
8321
2650
9821
3516
4808
5782
6753
3263
5908
5390
8631
4635
2346
5353
8915
2156
6798
7970
5227
565
5073
7980
1045
4654
1232
8525
8410
8156
6212
8682
9988
9422
2908
7086
9022
8191
3939
3599
4939
2261
4641
7388
3290
3278
856
7074
178
3056
3974
5893
279
3003
2644
7850
501
6715
8817
2427
2587
750
5244
1025
4081
4521
1653
5463
4877
7376
6110
8962
611
2071
5635
5447
9246
7957
5233
7331
3850
2999
9111
7915
1555
3164
2330
6249
7068
458
1438
5100
4684
115
3517
3873
7023
5990
4694
3541
6640
7634
9803
5887
3529
7811
2946
1181
3732
2664
7644
9151
8019
8715
4220
3365
2748
5192
1403
3415
2004
6819
7836
5312
6352
5021
6810
673
4116
319
2230
6354
1947
4876
5327
7770
6755
4344
3844
8564
2545
1766
5043
9860
4043
1071
8052
7382
5584
2805
8724
1940
4780
8099
8323
5783
1963
3975
7399
2204
3568
9182
610
5207
8611
4073
4520
4005
2471
7867
3707
9018
7415
7526
5209
5716
4213
6604
1803
5518
2827
2754
1991
9088
3503
1560
213
791
1889
776
146
17
9151
4649
9737
6546
7606
3375
6992
964
9124
3834
2391
1708
3772
3367
3274
5978
8596
6435
1174
9180
5028
8911
1307
1977
7371
220
5294
3003
6400
1940
915
5979
7376
8062
6519
5628
4050
761
1091
4562
7542
7769
2229
1072
4499
6531
4632
3210
4555
6746
6821
9644
9306
3431
4967
2376
2310
1327
3614
9636
4173
502
8972
8005
8418
7941
1482
7037
6775
4423
1400
3489
8781
8392
8990
8577
8674
7817
412
1269
50
8907
96
8445
3057
6140
4782
7965
8389
3114
9684
8567
5437
3836
5707
8495
7101
3297
4072
3411
1571
4141
9184
9968
1148
2276
6190
1315
3327
3977
4338
4329
7531
2934
7611
6996
2597
5249
3779
1347
3049
3088
9929
9062
1642
3170
2320
6022
9987
7999
8128
7218
251
4156
378
9225
4086
7219
3670
9747
3659
1137
8588
579
3483
3201
8958
3578
7068
2276
4108
113
6707
8545
9357
4061
9327
7679
4437
2905
6590
160
676
4528
3129
8656
2202
6350
1663
224
5503
344
898
3829
8774
8146
904
1855
4602
9082
1478
2004
2841
4071
8534
3954
331
5242
7269
107
1067
8236
14
2048
1117
9905
221
5415
2768
503
1196
1309
3451
2880
9401
7903
2394
2091
1415
872
5742
9337
8745
3653
255
7686
3444
1246
6780
7284
9275
1103
506
5045
4001
4404
4209
175
1967
4086
7902
4675
5578
3188
4417
4463
2747
8769
8614
9283
73
8617
9043
3953
6263
3770
3644
9615
8718
4055
6175
9220
1664
5681
1097
6893
2481
8227
5960
5407
7304
1762
4881
6412
6730
2343
4431
1632
5427
8942
9621
6421
2250
1204
3536
2541
1036
6362
6099
1546
3407
3675
1908
4494
9151
4385
9518
3731
6054
3153
8420
8057
9072
6875
9973
3412
5857
4519
7446
1754
7763
1461
8822
1224
4828
3671
9549
7028
1170
6358
8748
9367
5067
3856
4029
7822
6934
1935
6079
1517
4228
1790
5617
6100
6067
3416
638
8514
5300
6091
2687
3634
9983
2682
6010
6979
8334
8571
6973
5447
2644
7729
7883
5965
3621
1869
3790
4923
7652
8238
7147
5099
6413
151
6407
2251
85
5535
5999
355
1786
5489
6782
437
3230
6965
4745
8791
8776
7973
1227
172
5256
1714
9329
2336
8161
7000
9107
1924
8467
337
9247
3621
1890
8754
3278
371
9922
3120
6151
4091
9132
988
8846
7563
7104
3924
6281
2343
2472
4439
4741
2692
2292
7300
2808
2419
7263
7509
8292
7158
4792
4806
178
4666
967
2866
6969
2082
2732
5623
8059
8286
1131
2518
8312
562
269
4609
1129
8572
7803
8871
8965
4179
8124
1539
4944
2921
7488
3696
7548
6772
9151
2843
3352
1678
2413
9989
631
8272
5014
6311
371
8400
9805
6234
5046
232
124
4381
5795
9189
1739
9682
626
614
915
3959
8131
9426
7419
2246
9849
3935
3415
9526
9193
3180
4330
3620
5407
5766
7603
3245
2867
7527
9055
4021
7961
1434
2412
7147
7303
5204
314
3871
4310
5291
109
7200
1402
9680
7009
4744
715
2862
6834
1800
7998
9499
5130
5619
3690
7410
9259
386
2722
4000
7094
6988
2831
1167
5080
2131
7446
6022
7479
9730
364
7774
5366
591
3824
9548
3285
9674
5552
649
1302
1227
1819
4733
9955
4723
8260
9374
5239
7817
1691
5771
9024
9492
3625
5439
5347
1482
6534
9772
8070
4692
7694
2925
5248
6596
5725
6920
787
7961
2968
7863
8735
7815
4592
88
7575
9287
7500
2668
3263
3448
5379
4535
4702
7339
5942
6638
3310
2187
1556
3329
2189
8944
2422
1977
3069
9086
526
4173
2218
2186
5199
3440
2452
1853
5280
4821
4933
8477
4929
3032
3190
4737
4208
703
8152
7713
325
3168
2160
1135
5346
2323
2036
8097
8654
3294
8260
5419
3875
7679
5123
5067
7601
5688
5217
1184
8540
3510
5539
7953
3811
5752
2878
6349
923
5193
8714
7372
5404
2667
7573
9261
519
3365
6567
1453
6806
9313
3399
6755
3017
7307
9106
6665
489
8902
4515
4336
57
5588
9628
4178
8983
3490
6942
5132
6394
5640
464
7239
6844
486
2244
4899
430
1843
6251
346
3761
8011
4927
4301
5626
1373
5448
4871
5083
3962
3566
3146
5550
868
3569
9433
8165
8578
2917
8743
2702
7065
8813
6808
7966
3097
7379
6293
2936
5127
7740
6940
2957
2875
1010
1129
6602
8325
8706
2020
764
3815
9658
5119
1278
1949
4903
7804
4407
88
3621
9038
5638
5020
5008
1139
4208
1665
7285
8340
3416
6962
4992
3560
6295
9561
1737
5890
5185
1583
6827
6771
1503
3353
4587
2053
2794
7901
8525
2517
9120
1916
152
8552
7391
526
681
8356
2074
2066
6184
377
8714
4175
1185
3061
8431
3123
2583
9235
9785
7733
6223
1571
4130
1444
3340
3338
8587
3590
8375
9419
5410
4927
2940
947
3761
6781
9077
63
2668
5401
7830
5783
4819
852
9741
7635
3647
382
6768
1095
5115
9877
5196
4041
7569
9344
2873
843
423
7277
442
7840
5725
7256
9166
6661
1752
1978
1727
7314
9093
6087
2435
2720
8234
9488
77
7303
1220
2089
8715
6230
2217
7694
9658
3706
7316
3654
1062
700
9451
3406
5861
8099
6807
6143
3057
2006
1435
3755
3221
2088
8977
5930
4883
709
9262
8123
181
2357
7903
5730
1051
7863
6715
3673
2949
4918
136
3765
8042
753
8505
4660
80
9554
9474
5489
8862
5340
5848
9390
3700
2723
5264
1423
6087
7437
3417
3414
2808
1680
6514
4000
1781
4017
78
5007
6165
8292
158
4539
2289
9987
9679
4067
1497
5971
4764
1501
5787
4244
5233
5326
8633
2301
3328
4292
2820
2179
8108
4795
218
6004
5658
1730
5431
3273
6616
9894
7464
7886
2990
6185
4370
8675
7911
9082
5004
6753
5476
3852
6122
2982
8242
1006
6942
6512
774
8295
7175
3399
7852
969
2988
8239
5210
1781
1037
8795
786
3811
1347
4965
7624
7311
5664
6824
4655
475
2724
6403
655
1666
2169
3401
5855
3723
5109
3406
9848
826
5250
7302
4698
1597
6179
5144
4994
3234
3922
8647
3136
4864
2807
4233
3123
8167
7911
280
8509
9510
2321
4916
2277
506
3415
5675
2458
2076
4229
5608
9920
2107
4256
6831
6239
2878
8780
9449
8877
7045
2768
3397
7292
6819
7291
8618
1367
7437
1454
3062
5802
158
4979
9528
230
7547
6112
6582
2339
9737
3309
7346
5041
5025
7826
3520
4349
7105
9480
8179
4332
4129
7302
2202
4438
484
1661
7017
2879
6759
3201
2080
6182
710
540
2405
7418
1744
8126
8662
2885
4633
8729
8379
7430
8411
9417
5360
6287
1854
3501
1039
6286
6656
95
6118
9777
8310
3960
9533
5246
8676
3435
3047
1128
9431
4525
1659
5600
2366
1783
8038
1601
1447
685
7661
8448
4188
8725
3122
9082
5100
5910
8693
8319
8939
6929
6591
44
6889
2034
1032
5561
3013
9593
2276
1121
2410
3519
9281
5123
5811
9996
2483
1198
1881
3573
3396
449
5497
1962
3027
9889
785
8709
5935
7874
961
6982
7140
2069
351
9247
8767
1817
2355
6226
1790
1750
9879
4024
8314
5648
3589
576
125
9160
4229
7413
1362
7934
8311
7982
5571
6562
1482
2656
5143
593
235
6021
4300
3590
8841
5283
9728
2016
5020
4319
2938
3413
1309
2160
3030
2601
9258
7030
1246
9318
9379
6421
7006
5273
7305
3828
983
8659
5129
6300
5301
9985
8745
461
316
1397
2826
4488
8296
4043
2070
9949
7527
5985
3858
5009
515
793
2325
6240
8406
8651
6868
4812
1208
6093
1258
7237
853
2089
2435
5554
7391
1769
5288
8810
64
8820
8214
3897
1435
854
8684
9498
8816
1828
9692
8190
2165
3007
8581
3671
1252
9551
2431
8860
5502
131
8839
7852
5440
2032
2063
5935
4057
5622
5777
8516
6769
2097
7245
465
7531
902
7703
8041
4872
8324
6721
5955
3726
3120
2967
9461
841
7299
2693
3734
3689
6608
9652
1199
6089
5823
4801
3668
1315
8966
2659
5223
9405
3
5999
5152
8906
9465
7913
3443
4004
3808
6892
7728
3862
9778
5067
6607
2960
2951
9999
8866
3134
6187
7534
982
2416
1047
8566
341
621
3572
6308
4473
6384
8767
8897
3224
6453
9276
2695
1946
7716
2798
6989
576
3305
4121
221
5490
2873
557
3486
5426
2844
5226
847
2803
3665
4248
1705
4415
1452
6902
6177
6695
9369
4311
3310
5323
3150
61
8653
1792
1499
9789
5025
8526
2061
3296
4533
1471
5476
7046
1602
1674
7886
4991
7223
6216
748
2135
4768
5703
6481
829
4071
8273
9004
9856
2075
9658
4386
8355
9390
2553
4369
273
4568
1320
1414
1593
3141
8898
7578
9105
6642
2836
3432
6627
1549
9537
8610
53
9913
5075
9820
4564
6822
6340
5125
1674
3108
9273
8334
1041
8425
744
8737
4366
2383
6744
2620
5468
408
4898
1701
7606
1824
9979
6796
9160
4040
7757
9639
674
4603
8274
2868
6530
2906
4742
4970
4806
2713
6574
5326
7654
7237
6386
7120
7631
4119
9312
7805
4862
2330
1412
7363
5841
3853
8595
5462
9747
6560
7012
6446
7192
3358
886
811
483
2321
9135
6317
6490
9712
2723
538
2356
7157
4936
9243
5693
4835
2730
7653
4191
8442
9691
3709
8868
4217
1361
5683
5107
3251
923
1123
8177
398
7631
9536
643
8593
9316
6167
7441
8038
8410
5396
5408
5147
1715
3112
6290
1628
7748
5534
1693
8873
3976
1523
5609
5630
9825
4017
4129
8458
1252
5974
1694
5608
1384
8356
6731
6790
8095
6356
9461
6675
2169
6502
2818
5820
7731
9287
4939
3810
4436
4717
9896
7326
9802
4086
6803
1761
1275
1837
8792
5913
9640
864
456
4012
7502
6074
56
5041
70
7781
65
2809
4888
4961
6830
8673
3346
9802
6986
4444
3315
4437
2268
5137
3564
8268
8170
2681
7106
271
2725
3752
2187
6990
1790
8557
3003
3151
2919
2382
4380
7827
4298
1341
269
8977
5568
2534
2901
7139
4431
7078
6151
9520
5164
1525
7925
5230
90
9737
3823
7445
7334
4663
8446
9032
886
8696
2168
2319
120
1212
705
3825
8936
6014
7518
8
3360
9511
1832
5061
7015
9120
5530
5863
1980
884
5961
4893
3561
5499
9611
866
3000
348
5347
7282
8342
3909
5476
2752
7399
3902
229
3420
493
3473
9228
9157
5476
5418
7752
5263
9757
1656
5913
9262
5583
7959
158
3211
8729
6148
4482
2342
9722
6712
7805
6183
804
3518
9503
3461
1474
7517
5586
8191
4923
3750
5528
1301
2632
8123
9960
5145
3511
9016
1268
2403
1400
6847
5322
5207
8964
8570
7730
3450
8461
2599
1399
4572
5184
6771
5207
4474
2635
6639
3754
3602
8487
4075
6877
7173
245
9657
2859
9586
5583
3080
1425
1806
4088
9219
3687
2952
3525
3326
377
1741
7782
4166
586
8852
9582
3663
728
1270
634
5473
7223
8061
9818
6739
2609
7488
5436
3840
6320
3312
220
6522
9732
5027
3076
2232
95
3378
6487
3471
2107
2753
8156
9937
8324
8280
3696
3930
5259
4905
5290
6433
9355
7498
3359
8603
5496
328
9798
7569
3228
1700
9733
6242
5969
8105
818
381
6080
7020
7698
8417
2
7787
6613
8970
9757
1817
8128
6702
8422
959
8990
7119
7456
67
9452
3550
6080
7895
5277
28
4765
1536
9700
9254
7040
7737
9605
942
4324
7620
8888
8097
1514
5665
150
3582
4207
3812
4255
1098
834
4482
6539
4462
863
5242
1916
6315
5969
9666
6336
9419
8853
1433
9518
5054
306
7898
8732
3357
5052
8633
1833
6096
6718
4306
3606
1458
7110
142
1128
537
1782
7960
3150
1458
9486
3483
698
1717
2013
8161
9866
8310
3160
3132
6843
8761
8364
5555
3790
3535
3900
1389
5236
7428
5401
2741
6469
278
2216
4018
3208
4347
3997
2438
3513
3555
338
8004
3982
314
4170
5983
9017
7199
2692
384
1172
4738
1019
135
6553
494
4475
6792
5394
3063
9772
1055
6620
4929
9760
4298
6570
5448
5689
2753
3475
2761
7531
378
2418
805
42
9909
2361
126
1531
5572
3250
9266
6258
4166
6781
6226
6747
8704
5697
8577
925
9338
8494
7439
3077
6776
2588
3355
4643
2259
9543
5304
8143
6882
6567
4464
2609
8725
8152
9637
2280
5701
5873
6499
8787
6003
2677
9255
6971
6648
6498
5078
2206
3862
6448
788
2381
9711
9565
9257
1110
8016
6589
6533
9592
1756
679
6649
6343
5057
231
7245
6814
8195
911
1472
9934
9335
5821
7971
5343
7926
9871
3760
3446
8267
5438
4708
3774
1302
2602
696
3393
4502
5814
246
3594
2597
8736
408
9475
5955
808
5283
4763
1395
3213
9402
8463
3376
7430
3037
8246
6007
2788
311
4447
2383
9580
6949
9115
5678
1872
4566
381
5706
75
7108
7064
1626
516
8613
5350
4934
4215
6507
8533
626
6146
538
8106
8262
8900
4745
6031
2418
795
4169
1199
6838
5175
2900
7013
5659
4723
8577
5639
1685
9108
6724
8471
6976
7466
3019
2592
7978
6382
2704
7573
3484
7629
4751
3522
8842
8310
8901
8380
8423
9884
5689
6419
1504
3566
7216
3941
6501
143
5785
5924
7923
3910
9237
1033
3809
3757
7497
5891
367
1678
2956
2518
3324
7314
5464
111
9934
4527
7151
935
7870
91
9567
3117
6277
8252
2279
6027
9727
383
6946
7727
525
8319
7073
664
163
9821
857
5625
5388
858
9559
1507
4136
6719
4646
5278
4699
4870
6971
7733
3514
972
5144
5023
224
7066
9172
9031
7361
1665
1582
8930
6857
1175
2297
7824
3271
1002
1401
6081
2790
5866
4358
6051
7047
1188
6806
6912
2444
3699
406
3119
9110
2519
276
5702
1206
7372
1766
1014
7593
6203
2649
5086
5982
3206
7487
1548
1188
6002
9169
5739
7089
5949
5277
4246
6495
504
7912
2024
1528
6224
2308
75
607
6531
5554
9551
550
3207
7203
7374
5627
5996
901
2799
2782
6579
7554
8501
8130
6622
8362
8279
2041
6444
1357
2616
3704
4955
134
3110
3591
5415
4366
2563
2389
1380
2818
5787
4163
9258
8241
3205
9812
4982
5157
2041
8432
3728
3354
952
9524
9089
4185
7091
9051
384
3202
1935
8300
6279
9337
7812
6423
3753
3134
9945
1954
9856
3235
867
6523
967
7259
5238
2596
8296
2811
4418
1978
1246
9255
6387
5200
3275
1509
3913
2059
4414
5554
9888
7810
725
7893
4189
3482
826
8648
9175
9654
3722
3109
1116
7072
8566
3426
9915
2591
8772
3176
3883
8733
3410
8768
7057
1634
7973
6511
1510
3702
3137
2320
4303
8786
8347
9017
3420
39
3899
2438
7608
660
4255
8971
6750
1024
6658
4211
3547
7227
5648
9474
2885
8211
4918
8546
8555
6572
4023
320
8121
6198
3947
3650
6252
1977
3606
9395
6316
6343
9219
9338
357
9571
2628
7060
6795
9724
4012
1575
3917
9119
5106
3699
9070
1382
8421
27
4266
6710
7990
4044
7348
4542
8599
3666
4859
2395
686
6989
7827
6813
691
5552
797
8987
832
4752
7080
8925
5482
4578
4276
5118
1241
8263
7303
4473
7830
8089
9758
9050
4566
5849
5733
5360
8538
4926
8226
4038
1394
3452
2412
8614
5459
1190
4936
4640
3146
6161
2471
2842
6214
2755
4792
3238
9245
803
5656
7321
7052
3488
6588
1009
3952
425
1292
9710
6776
365
1452
6086
4450
6536
2614
8634
201
1997
7908
2322
2590
9439
4473
8721
3708
1533
7033
1929
2600
7581
3765
837
6257
3553
2853
5457
2387
4997
8566
1782
142
6992
1436
9367
2440
8339
6063
5977
4419
3721
4913
2538
7845
7753
8068
6099
858
2716
7932
3583
3695
3396
8176
8866
3798
5511
1809
2803
4165
844
5715
1150
1925
2848
7046
6747
4885
4087
9490
1070
4595
9450
3458
3203
1511
9500
1028
187
2807
7910
3598
3834
1015
3695
8814
2878
8476
9456
4788
1871
4787
3471
237
2598
7942
6936
4755
3125
2553
4864
1196
6939
2891
4870
1466
710
2006
8291
4342
3607
646
8592
232
7717
6460
5281
1318
9263
9527
2954
9175
186
3481
4529
883
5122
1907
2172
2698
1289
5740
287
3911
7091
9429
5165
6732
8238
8441
8765
8783
2435
6780
7773
562
4214
7695
4838
9290
5994
743
4089
2780
3531
2292
9658
3259
7505
9561
9547
7005
8706
9621
5118
9387
409
716
8914
3265
9939
1852
8427
9216
7063
7210
4464
9146
3118
1664
9433
1762
4070
4834
7533
2721
4101
9979
8814
2606
375
7867
6719
2944
8547
3411
5333
5842
18
2771
5126
8431
1127
6265
956
6734
9921
679
1095
8847
3410
4590
7711
8523
348
6878
4640
5675
4698
7527
9480
3963
8059
2890
7623
7048
8948
5325
3927
1956
4932
8136
1680
4131
507
602
1563
9613
2564
6186
6009
3991
1404
825
341
1657
6159
5789
3344
2773
6199
4696
8785
8504
2835
6198
8619
3068
9715
8824
5705
3268
5163
4950
6962
445
3018
4717
7371
2189
8080
8201
5718
5533
2703
9305
7379
8197
1131
2222
3517
6762
9574
2294
1980
9417
3841
4899
3380
2832
3186
6607
8983
7069
568
8535
7514
5785
4300
583
8377
2349
9364
9178
9631
3226
3475
9158
8196
5102
2108
8232
7804
4752
6551
8051
2523
8594
9152
1600
9670
5639
9951
5486
485
2262
2530
7233
1762
7085
4058
1848
1385
2245
917
2261
7316
27
1987
4043
670
6113
5474
6835
9360
516
4493
1694
5039
9215
4647
2084
327
2976
3146
1343
2651
150
1739
6842
5348
6584
8737
8656
6250
4402
8357
6253
4680
5189
1824
2308
8067
313
5390
4349
2866
5700
2202
1821
773
23
6302
7368
6416
5344
5215
1211
7534
1706
4961
8389
5304
3867
9545
8719
8495
4531
1078
1067
6453
4261
807
6398
6067
9908
7710
4251
7377
7208
9484
4616
6881
3848
8514
616
2353
1944
889
3590
3688
9094
8210
8171
7692
5144
5812
8685
5575
8467
2101
5401
2491
8360
7873
7993
3613
7686
8502
2980
8260
4931
7088
4666
9967
8731
6929
647
3284
5612
2746
4766
5868
6975
8286
484
7981
2327
2007
6941
5250
2626
319
2865
8785
6341
6881
5820
3866
5863
3880
8044
7410
3744
8191
9592
310
4328
5865
7226
8311
7035
7248
5244
6810
7670
9515
672
4769
3183
7295
5506
5264
1070
6487
4381
6025
8461
968
3577
7745
1381
7047
4806
8066
254
8313
6258
8523
1016
5442
4205
2100
2371
3119
3511
4176
7673
7506
993
7388
9317
3056
5466
6581
14
2110
9772
8738
1121
9403
6803
1741
1292
5113
4124
4683
2847
5572
1473
2911
8056
8169
5259
3744
4651
2085
1753
9343
9167
4483
680
3495
5333
9203
6067
7408
6995
9287
7050
9168
7472
4222
9934
3371
6165
6170
3293
886
1647
9981
5960
7791
2838
4298
9084
7694
3050
3779
9515
5598
3971
5566
9893
1161
8878
5544
2187
744
1190
3809
3310
6668
8972
6654
6571
3491
9258
2627
2913
8421
8381
3204
2029
7600
6719
1161
3909
5986
1882
5892
3404
9488
5686
8254
6143
8558
8452
8785
8015
6069
7725
6414
7883
9362
8793
2109
6085
1878
1326
5806
7518
5820
8769
4654
9681
182
9427
5441
3651
3898
9552
6906
1467
6747
52
4383
2861
9655
7437
2000
297
4767
1080
1604
1300
5777
3021
4243
6505
1868
9285
8453
7711
3231
5358
3967
5925
4011
1108
7474
1165
5520
1349
7881
5226
1709
8728
9675
9000
1022
503
2484
4717
5689
5757
7867
7000
7972
1434
9866
4832
1620
1675
6704
6284
7681
5206
9553
7796
891
9688
497
9934
9593
31
6788
7194
6092
5707
8920
8155
7657
3024
1354
7634
4302
9358
2637
7884
5901
7613
6135
5424
2237
2040
5963
7930
8224
5032
5539
5891
2770
172
7517
6182
7557
2400
7992
9323
6726
7621
4156
771
4944
8178
4620
7074
3648
5611
877
1898
9636
2361
6483
7448
6790
4444
5925
8073
1531
7692
2735
8921
2965
1701
6437
6837
3945
8109
6690
9729
218
6951
8680
4195
1958
5154
1345
4528
6624
3150
1016
7813
8918
9685
9089
4600
4973
5215
8679
3452
8494
8756
3198
4444
1929
7618
2521
9604
5095
8560
4898
6809
6093
1650
3554
5522
9923
834
3247
3480
7204
2819
2490
6084
2655
4514
3742
4166
8147
2129
5487
4548
6139
2642
8606
2501
7229
442
4991
1076
975
2178
8874
5299
7354
2605
5403
3792
4497
4488
8648
691
5564
8856
3048
9594
1474
565
3757
481
9729
9168
1364
243
6780
8942
1002
3228
1843
8814
6112
6266
4844
3563
7390
8764
6736
1654
1657
9152
2837
5224
8128
569
5234
6861
4934
9404
8357
2636
8463
2415
9926
9039
577
752
7703
7788
6640
3733
1509
5752
2284
951
2017
8230
5567
1465
5887
8905
6173
5405
6737
1586
3905
7284
6348
2431
9108
889
5194
905
4903
6005
1700
5707
8483
5398
3171
9813
1243
8941
9165
920
5240
1463
472
5822
8054
9840
6253
1577
3899
7783
3123
1299
3360
9896
6194
4930
8681
8365
8462
9435
9472
7670
1753
2264
9972
2651
231
3701
598
9386
1127
1692
1218
4296
7578
1225
5750
4252
9577
801
778
3650
5876
2627
2035
2661
6246
7706
5850
6257
6300
6068
470
7409
8858
9643
4038
2224
5613
3043
8525
2922
9522
8940
2870
3673
4801
1533
5881
5178
8108
4140
3275
8965
4319
8452
6998
5643
9178
5129
9566
7238
3530
5721
9208
4877
2229
5664
6563
5956
9202
1990
3450
3091
5176
1668
6174
3409
8143
8096
3259
6279
2045
3826
5311
4450
9921
4839
7553
9876
7087
6380
3279
7733
8692
7092
9483
3277
8261
1888
9512
3628
7900
7192
6331
1630
7053
2395
7695
1111
4094
6230
5154
7929
7952
5789
3981
2685
4672
5011
2220
2719
777
6342
1072
8374
8831
9036
8760
3975
3848
7092
8614
5996
7833
1024
1856
1260
2984
77
4825
6245
2953
4353
4858
6124
2530
8550
627
2314
5137
2812
4718
5488
6712
6435
455
8707
845
9456
6732
9714
5844
4507
867
5037
7380
8894
9669
8714
7264
2017
6944
627
2665
5392
1666
5108
5821
8674
5704
5222
7617
2853
8273
175
9011
952
132
7458
1096
4538
3342
3210
7937
6945
5109
5506
4165
3289
4705
2784
2681
7767
6988
6910
5572
156
8282
7580
5805
1475
3683
1759
4486
1720
2109
3781
2285
6732
6456
322
1857
6010
963
9942
9936
3166
4940
5821
6470
1591
5867
5966
8585
7425
6039
7403
369
952
7224
6983
4716
6603
5580
9399
3318
1659
5170
4353
7461
5693
417
2286
7092
9746
893
1791
6715
5107
2304
5825
4532
4023
668
9798
5943
9850
309
9140
6091
2655
8670
1006
4348
3129
5434
1948
6700
9341
4044
4086
6140
3346
8204
3916
1622
4013
1745
2936
3002
1888
2280
5275
1167
6801
6710
303
1958
174
2038
8714
9820
9639
9124
1685
8221
9490
2383
5074
836
2186
1398
4047
6963
5642
2865
1206
8764
2759
8070
9592
8763
3119
9062
7632
9673
104
8065
9333
6849
128
6990
449
380
3678
2367
787
7519
2444
9823
2335
2878
6267
4942
9881
5085
8662
162
6627
4153
2720
3251
1363
1218
3707
4327
6653
9186
3249
8700
9306
9693
330
7069
1210
461
3627
407
9460
9001
9423
1303
7114
8646
3648
3895
6677
8405
8487
9942
1493
7526
1418
9712
3202
7921
4016
8495
8088
996
9723
4177
1661
5399
3691
3789
5969
2985
2153
74
572
1738
8722
1190
5118
5166
7700
373
6448
2632
1859
8266
9615
3625
5736
2394
927
6700
7241
7451
7718
3652
9206
2871
9530
527
9518
6335
4473
7131
803
5744
3289
212
3980
6057
5075
8643
4611
1392
531
8701
9087
8749
8914
278
2002
3514
9309
6013
8609
4899
8423
8877
2536
3269
3213
8973
3682
9692
6453
602
5674
2778
3572
9522
9021
9584
4540
6536
4190
2245
9451
5672
81
4559
5866
1637
3484
5961
4089
2326
1751
5614
5091
4130
8445
7352
2117
2237
4037
7653
5819
7399
584
9736
2227
8253
5327
7836
7671
8047
1469
540
8531
7039
1976
716
3517
8393
1692
7110
748
2328
1946
3566
9173
8795
6358
8450
57
5741
1720
3895
7204
9474
8098
1687
8367
8878
3859
1659
3918
4222
9345
3500
3789
6428
1466
6167
7524
570
7167
6068
9391
4109
4210
7090
8081
3156
760
3558
4794
6895
2019
7095
7635
3754
2103
9982
5269
3135
6728
6190
1927
3779
1950
5650
795
6221
4868
5506
6198
4212
729
5513
6943
8210
794
7683
147
1068
144
3662
5922
296
8360
6073
8688
554
6350
1315
8567
5864
1723
5352
9648
6721
9901
2140
6657
8318
6183
6388
7425
2882
5681
7889
7655
781
551
314
4637
6475
6246
4979
2609
3961
2476
1951
8167
8245
1912
3169
4901
3792
5481
7684
225
1185
3008
5
3327
2912
4860
2606
6046
5159
5529
6212
9182
2327
6749
2386
5713
9834
5301
4520
2041
6465
5546
6579
7428
5197
7632
114
9293
9838
4575
326
2499
8077
4400
854
1342
1326
8028
1161
9642
7547
5210
2423
9945
3603
5141
2188
7452
8922
5200
7538
3641
7370
9220
720
8713
6208
1777
4408
3079
2131
2235
4926
9994
7136
2764
6162
1421
9609
1477
4649
5896
7353
9080
3663
5380
7891
395
8153
8066
4728
5476
9617
8389
4881
2043
8289
9405
3996
7040
7641
9501
1399
1815
8794
6260
2603
5980
7183
4348
1052
3442
5391
1124
5840
4022
7009
5132
1044
4896
2362
5440
7712
1612
5447
9882
2548
2555
8262
811
3219
147
1744
1187
7876
4147
1204
9512
9283
4320
724
9890
706
2167
6913
7835
1200
7036
8819
7625
4173
1090
4630
7742
4234
4571
4616
9114
7400
9575
9868
2608
8710
2783
6036
37
3210
1672
5192
2315
2247
2119
2988
6088
8216
5069
3027
7078
2159
183
737
8949
8710
6468
8415
5683
1800
1499
1997
5769
5839
6122
9013
8844
5636
8670
9447
5374
7759
2650
5989
6145
3214
7456
3689
8288
6683
8587
4486
7557
6218
6583
7029
3951
8214
8
9028
9108
538
8441
8462
3196
4813
4404
1190
2434
2593
4841
452
8698
8135
400
1043
4333
4143
9757
5516
930
4089
445
8064
637
5614
4816
1330
7486
7595
8483
7329
9391
9023
4050
7187
3242
9154
7667
688
7403
3740
4911
9382
6421
2229
3350
3666
7119
5898
5978
9616
77
5597
6853
9368
4317
2529
8752
859
6440
8164
2459
7292
1721
6698
2528
4303
6238
9662
7589
504
1035
1404
2163
1917
4968
615
5424
3596
9003
2519
1071
5229
8391
8990
5415
7977
9518
3683
4128
3825
6622
7226
2313
962
4568
7353
7996
2662
6385
2190
9413
3026
7718
1078
136
7967
8503
9650
3612
5485
809
9729
9490
3153
2812
7472
3460
1866
1707
8608
3045
3727
4195
8420
5109
2965
7519
9705
2186
6554
4354
8574
3375
861
5274
1094
156
2671
7374
2470
5197
244
6245
8326
1605
6750
4036
2837
5755
6963
7513
7309
4253
5364
4489
6351
6165
9253
6234
8348
3125
2167
6981
7766
829
4476
7940
6113
9234
3069
1111
2705
7964
5792
4054
5072
3764
9471
1185
8609
4545
410
919
3454
1185
7656
4172
9427
6530
5978
3406
8336
4920
2288
590
6782
6784
3628
4723
3160
1790
7152
6373
4616
2120
3423
6087
298
6733
4571
455
7094
4484
3142
3661
3386
5500
7784
9812
1429
10
6925
131
8326
9871
7188
5604
6828
9167
1714
1171
2540
1360
515
5921
9191
6424
3187
9884
8101
163
5911
7155
3603
3687
6242
5775
3900
8978
8167
6789
75
2044
7485
5303
5792
5181
5033
125
5444
8329
5673
5489
1361
5477
7225
9776
6521
6940
7020
8528
1487
8678
5738
8420
8968
4854
3242
3642
3311
1921
6488
4014
2146
4110
1316
205
1683
1384
873
4830
466
7721
6711
3043
2168
2658
9161
7397
471
7415
2998
8506
1113
1362
3676
2444
5979
5126
3038
1508
5654
80
2059
8144
7263
5089
13
4144
7456
5223
6456
200
1036
3180
9980
1301
7618
2617
3918
8353
95
2675
1987
3361
8633
791
5318
3301
2738
1076
657
5489
9077
8302
9524
1148
8588
3772
7550
167
9766
3457
657
9868
9476
1425
6503
5908
3623
7037
727
2020
1841
2183
1988
9676
2378
5926
9998
7054
9291
5677
6264
8753
6163
8828
3965
5237
8496
3474
4360
3508
3759
8743
7568
4319
8028
8080
5488
3146
3893
1496
2374
9269
7823
4409
1375
4210
4099
7764
4908
1308
537
1128
4553
7971
7847
583
4448
7882
368
4912
1515
5610
8620
5515
6838
319
1208
8153
720
9126
9617
2062
3627
2632
1918
1597
825
9202
8359
9002
9011
2475
1148
3277
36
6429
5687
3734
4791
30
6254
746
1455
7493
1056
7098
7552
2481
6609
9315
8994
6656
9056
4105
8695
330
2690
3178
4379
6106
1931
1783
2952
7001
6794
9711
7198
3632
9669
7073
3437
9190
7964
754
4759
6260
709
6356
5076
9197
4941
7738
9172
681
8052
8807
277
1220
1171
2180
3909
4720
3932
5584
4638
4273
9508
4921
8557
7
7163
7870
8746
4750
4118
5303
4874
8522
7749
2671
2248
5982
425
5895
3004
1114
1179
8378
8390
7814
7907
9330
9863
1274
1906
2336
1497
6220
8081
163
1534
3844
3229
3441
7654
3113
7226
3278
8083
2286
4483
3034
4466
7764
9866
1554
8486
9189
5472
882
3542
3409
3120
7041
1257
5799
111
7583
6708
2307
1101
9363
1852
5132
9449
8990
8002
8114
6180
2406
2433
9750
2039
1762
1927
6071
7609
2681
2756
5460
8219
9846
8659
9367
8890
9203
3682
885
2688
6299
8235
5619
1464
3464
2594
4438
8672
6126
1315
1830
8414
6510
3561
9546
7354
4121
9819
6505
5475
9815
7196
8870
4153
7134
8778
3312
983
9065
6482
9937
1871
3176
4604
9547
4337
2812
8760
3291
467
6
5821
2594
2910
4666
3039
5432
6332
3405
4072
6531
468
2160
8705
3429
9203
5739
9890
6295
9468
9572
6954
4643
681
3584
86
1973
9051
6800
9583
7932
3337
9123
6100
8141
2771
3473
9143
3222
3349
5410
2308
873
8612
701
1015
1413
4869
7032
2204
7787
3852
430
5604
2708
3942
3777
182
3595
6031
4215
6340
40
6062
4666
4826
7975
6939
7310
930
5273
1285
4043
294
737
3423
836
5638
5931
322
4219
4941
7437
2884
7024
2571
5390
6991
4056
8718
2838
6222
2763
3027
3979
1124
3237
7540
5140
6284
7234
9066
8225
8958
4901
6341
3184
4161
3421
2643
2376
5020
4060
2152
4658
8000
1942
3898
3520
3032
4068
7981
9367
9906
2893
2837
6735
7113
9135
1177
7009
7535
1495
7816
5415
8495
7889
3021
2291
573
1923
8321
5857
6627
4655
7168
1932
5044
7987
9953
2130
7887
4538
2424
2069
5228
5558
3396
2221
7380
9305
6609
667
6399
6848
9836
2866
8950
9326
3560
1348
9777
7315
9815
2053
5686
4514
209
5290
8880
822
4927
6199
6506
3840
3002
3668
4723
1446
313
2889
1746
1424
6370
7096
275
8427
6579
8173
3142
7992
6927
3059
5816
1516
4179
205
3311
325
3860
805
9869
2592
3231
9141
1372
2468
2584
1725
9164
7460
6071
7290
5239
7620
8096
5361
7476
3453
4754
6518
3447
4964
7638
5298
4361
9763
606
8020
3037
9731
6896
9694
4494
3372
2539
4058
4679
4970
2096
2503
1375
3596
404
4038
7505
4030
3887
9828
4851
291
6359
6627
1203
2348
6724
7850
7535
8445
7051
520
9534
7536
7205
278
2044
117
4889
4779
2193
5794
6548
641
699
6037
6751
7011
7336
3230
3328
3382
719
6858
5429
5277
4777
1506
2441
1438
5906
7350
444
8174
7115
7723
484
5153
2
9345
5401
6246
1383
3075
8594
6429
1031
8312
908
9474
8423
4709
3695
6467
6632
5981
3335
974
6190
2283
1541
1005
4149
3568
5244
6351
8974
4419
3490
410
810
3126
4266
6772
3422
6344
5858
361
4478
4396
7153
3317
7602
5122
3057
470
6660
8193
6750
6331
2654
7489
8126
8694
2046
4239
2767
2300
6330
4134
6615
4138
6079
2134
9726
3713
3411
7720
3935
2992
6258
5187
4530
2277
6756
3203
7521
3094
7288
9824
6926
5502
9356
8429
9514
8006
1345
5919
476
7013
6305
522
4855
117
5327
1740
2549
6251
9360
4170
3280
1325
8211
1139
6351
2571
2179
1744
3480
9065
1378
371
1645
9325
8082
6817
9615
1025
7087
4999
9312
4649
973
5101
6590
4843
87
5777
9134
5103
5249
6730
9794
1609
8826
799
2743
2088
6788
5083
6497
1625
9498
9737
1281
4248
6474
3433
7267
7710
8188
29
9168
9909
5207
9864
7958
1574
2928
1455
5157
1538
1210
3065
9185
9509
8054
3658
4809
6593
7481
4242
3734
1184
8192
8989
2217
7391
9748
8475
4764
1490
8304
5721
6792
6693
5656
8554
5845
4660
6166
1556
9469
8858
8514
2285
9780
430
2048
5640
4862
726
872
8957
3533
2254
8765
1758
7979
1279
3414
2046
380
8721
5693
7321
2274
6318
405
5632
6367
605
9646
9000
3838
8885
57
7019
8997
1804
8898
3280
5044
9100
4169
2656
4786
1706
5290
8279
4741
4216
8671
65
3516
2563
2140
6652
3502
7117
8108
6017
5478
3595
5789
1006
5976
9085
1953
2870
6810
867
5349
6504
7068
8847
6811
1269
260
3196
6579
8119
8931
3624
9398
7337
7331
4403
366
2318
9003
5251
7419
8137
1602
8278
5466
8690
459
4043
3772
2523
5722
9016
9761
5776
2081
3661
1844
3367
1479
4647
7241
7915
2103
215
6678
8790
4469
810
1843
4549
5518
7703
2730
5011
5620
8752
8697
4325
9009
9257
8199
8273
9551
9796
7787
3479
92
8728
1000
7060
8971
3315
3335
1526
4760
6490
4239
7563
4776
7742
4212
3981
2069
6859
7174
5830
3977
8463
2167
975
8892
8026
8468
1223
3859
8507
9926
8865
6608
2505
1865
121
3453
1937
1374
6773
1057
336
2931
6479
6885
375
2382
7556
1630
1547
109
1351
7727
2415
3106
5203
438
587
1442
9628
701
6856
2925
3809
3787
4165
9777
1548
161
1362
4562
6073
3025
2336
9596
9608
3393
9209
8445
5377
2255
4342
6396
2796
1046
7155
3620
2566
4744
2500
3598
3617
8468
6658
9330
9154
3614
4378
7734
9904
5478
2196
7747
5038
866
2414
2404
1049
263
7970
2028
2503
865
7112
2875
9250
3982
3955
7577
8038
3921
819
5480
481
6334
5076
3144
5944
1116
1897
1131
5753
1624
1137
1266
9671
8260
6578
9024
8866
4282
2731
7349
5996
2124
5250
6729
2376
8454
4989
3853
1674
1529
8829
8824
1503
7535
9400
1976
3171
194
9373
330
5397
1985
5391
154
2454
2776
8041
8951
2301
851
9783
9323
2092
5736
180
5368
9943
5596
915
7586
7410
6347
3016
1025
5180
4230
4015
3257
9786
4160
6876
4608
8641
3805
6169
8752
5306
4366
4102
1676
3402
5352
8918
4010
7845
748
4085
348
1833
5246
7846
6779
6247
5797
2048
1713
72
3529
2268
8805
7549
9558
1923
2436
8425
2069
4178
4917
8408
2634
1342
143
3224
1057
25
7663
7500
9539
262
8100
1348
8317
6687
4221
3307
7512
6883
5954
160
1404
2811
242
2168
4558
4765
9235
5282
3580
9743
1682
9005
8703
8936
8106
4090
7233
7770
7085
8138
4859
9794
2064
6399
1691
9586
7483
6677
5012
6180
8471
9691
7657
1125
2426
9857
5043
6158
1835
5264
8759
6660
6169
7557
8947
5370
3838
5503
3845
8571
1755
5496
2950
9532
1965
2449
4611
7901
2032
2898
9223
5374
2926
9555
790
2780
2767
4485
9793
3528
6463
3239
7604
520
4222
3281
4435
5888
6993
4495
1705
3473
9173
9267
185
1938
1485
4584
481
8335
2920
24
4236
6664
7486
3659
1732
5718
779
8139
8166
4229
2998
1048
2862
6562
1097
5546
3158
2329
2057
8377
4854
4928
4355
1502
5443
8974
5780
9616
4438
666
3681
8142
7468
7049
9359
6501
1302
4597
5416
1034
1396
9992
605
548
2658
1945
7562
7186
17
6883
2405
3113
8872
6284
1057
6633
7837
9735
569
146
1683
2832
3426
9662
1819
8235
586
7254
8308
3912
5398
9278
2677
623
7838
1946
1624
7082
6541
7429
1964
4345
6218
9879
1225
6364
5172
461
3493
4043
7599
8213
9897
8293
4289
7170
5772
1187
5966
7816
1169
1892
3317
785
1165
5947
3444
8450
9876
1292
7110
4623
7310
5835
7571
7518
5598
4028
4717
463
3542
6457
2951
3457
7620
25
5071
912
2184
6155
9641
7171
3243
4344
1430
696
3856
3287
7852
2022
9108
7026
5882
522
881
205
6882
6402
1045
7951
724
9746
1404
1315
8169
6504
3429
6887
2635
8541
4247
7594
5113
6733
9911
282
7206
1339
2932
1333
8609
7950
8241
4323
9223
5885
9205
7013
4094
994
8295
2378
4818
1369
315
135
5875
4808
7955
3653
4858
5015
2125
936
6505
5066
7182
1842
9955
9254
3604
3094
8177
3974
3846
1128
4672
3381
1892
8253
5105
1672
9754
617
7765
1770
3834
591
5632
230
1345
6048
6622
3167
7450
3810
1303
6669
471
2262
4110
828
3378
5425
9917
5041
5684
6748
654
9841
4897
571
6877
2717
4928
1212
9054
7574
6292
5180
7273
8192
201
8703
6894
7923
5941
4548
8148
706
2166
1235
5006
7431
3146
5704
7566
8349
1464
9166
856
9889
4062
3090
1838
272
7090
6487
1050
8220
5601
413
55
567
6254
1210
5606
189
6205
1533
9311
5525
6209
592
6700
850
5475
4180
8859
4748
8862
9056
9804
5768
2640
8741
1373
9117
4754
2192
7674
7531
825
7749
8442
1563
5452
7434
8649
9115
2204
2205
9635
578
1125
3268
3396
1630
403
7746
2026
3612
2600
4817
8026
7675
645
4493
9020
726
3821
8746
5937
2507
3541
3154
8216
1135
2797
5935
2605
5948
7510
5678
2820
2134
6198
867
3149
6525
195
8910
3364
30
5399
2196
2629
3488
6253
6490
8524
1330
1033
7538
1392
328
7951
929
2817
8082
8721
5830
4077
9072
3807
1307
1335
9939
9250
1227
7970
554
7102
637
5426
2218
7840
1765
4325
4680
5851
3289
8460
4800
9433
8162
8790
7827
4327
7877
574
1756
5468
8843
5472
7375
8686
2131
237
8036
2986
4510
266
7757
885
4909
8379
307
5677
7493
9040
7459
8635
2702
6718
2230
6179
4510
8257
4363
6589
8012
357
8356
4489
2326
5162
449
6142
7221
9895
114
2179
5306
8208
2393
5507
5702
2403
9623
3157
1054
3580
8239
4735
328
5759
1419
4269
7640
7936
2390
9205
47
6506
8559
3844
3853
2787
6676
8239
77
5113
8586
2842
7445
1554
8314
3895
2228
8778
6178
1684
2637
6060
6278
8107
6380
7616
2438
6756
3689
274
4864
6738
9892
2795
3746
9816
1057
4828
974
7086
2605
5704
7187
8185
4824
8646
3610
9669
9709
2940
5138
4342
151
9583
4773
8497
9883
8321
8826
8139
7692
8940
9133
2775
1685
6821
4386
5315
8061
9756
4495
7294
9636
8491
5681
8780
1896
6513
5157
2065
2591
3325
2537
974
9685
1654
9428
2556
7151
8233
9003
2103
2157
8159
1642
5203
1432
7826
6650
5241
9474
2736
1074
867
472
2187
2199
8537
4719
3373
248
6970
6967
1899
1063
5268
122
5226
5601
9285
4734
7895
3904
172
7919
8370
8347
7543
3500
6633
6104
3346
5106
909
2556
4449
9561
7474
7738
670
2088
4764
3882
8470
4745
7376
5426
7862
5278
5808
8599
3353
8563
4496
891
1183
8427
7388
5148
3645
3790
7843
3124
7427
5053
7673
4015
5536
4003
7303
9076
4098
5432
900
7213
6383
5259
6877
1165
6500
4674
8372
4787
7148
8925
1753
4060
3264
7373
7396
2141
6571
7211
2739
8240
4980
793
2633
2546
3972
7604
1179
777
5263
1822
2522
9997
8570
9123
3239
723
4160
520
9240
832
4123
8779
5744
3236
2084
5311
1884
8606
8510
3599
6929
9486
4062
9644
9394
1723
3280
207
2774
8193
3833
2380
5467
3713
3318
3402
9689
3028
5635
9102
1560
4156
1438
469
6223
6910
9722
7521
9892
9281
3865
596
9318
7921
7874
2945
6653
5256
5291
7666
1401
7399
1948
3303
6783
2418
4788
6100
6366
2566
7178
9032
6421
6921
5133
3276
4022
7430
8798
8615
1982
7815
5577
9563
6408
4361
6356
3314
2915
6186
8628
5121
349
1365
6738
3184
128
3546
6088
3829
341
1390
2857
902
9817
7991
4578
5666
1304
2420
4540
6031
2823
5922
4284
2237
1650
6613
8135
1428
8081
6557
7269
9401
9016
5588
1730
6960
8429
8298
8762
2383
7357
2865
9906
2888
2417
7481
2284
3766
105
2649
713
1192
3207
1036
6913
5912
2517
6841
7959
5533
1416
2819
6584
8176
2727
2446
4897
1382
4849
3729
985
7972
6315
1272
3716
3571
6158
921
6686
802
7450
4787
9435
4495
4165
7479
9892
5620
462
5334
5643
9075
3493
6933
5674
6812
7321
6344
7136
5745
4392
6791
5786
7026
4973
1606
3515
44
831
7368
4763
3377
5029
5201
3295
9663
221
560
6876
7510
9672
8474
1852
4240
8664
7329
8889
7103
5193
2188
1799
9028
1014
7348
198
1246
8702
3862
6099
2673
6187
5274
6166
2560
9624
7482
5711
9647
5843
7632
113
8841
6132
7270
9908
8071
7479
8292
9862
3338
5545
3012
1420
5177
7960
6411
8872
3963
8549
1829
1251
2289
3140
2409
7610
2385
4289
1962
1899
5254
6722
1804
9735
8533
1085
762
2109
3363
4467
2168
9148
1548
8102
3621
3344
142
4892
5613
8746
1234
3222
7832
5653
6856
1668
9229
4476
8441
8422
5937
5895
4213
6829
6556
3775
179
8867
1583
5248
2153
8496
6260
2319
773
9098
1809
7145
1610
2122
3285
4573
976
7886
4240
3828
2815
3579
5738
7789
6266
210
8895
6620
1540
886
3494
5510
1264
8547
1688
2117
2074
3306
2866
6939
9193
3747
2049
5471
3117
7003
4023
6217
1675
8688
6807
9704
5917
3174
8895
8761
6821
1673
9166
5026
4717
8549
8344
9063
8514
3878
7248
1136
9310
2908
8285
7503
1262
7157
3215
2206
2223
5999
429
5107
6866
5229
1536
3739
1554
9144
9046
9262
8580
4463
7719
6795
7558
6715
756
7144
5317
8036
8117
7438
8533
1891
3542
7014
880
19
7201
8567
6320
181
7904
7865
4958
7582
8598
4247
6254
7168
7561
1714
2393
2256
6116
6741
3809
6784
7663
2181
8374
8536
5794
6736
5167
4618
5572
8447
6272
7933
9770
6916
2502
6026
2880
5232
4399
3819
6498
3196
625
1387
6325
3946
4941
3354
5384
7226
1841
3025
2449
4714
7583
4424
585
9968
3525
4799
7243
1719
4970
5239
2772
7503
5130
4441
8568
798
1464
9923
4504
4511
42
2809
9255
2373
2719
5286
2236
7751
3503
9060
1039
1415
8482
5695
4405
9018
121
9586
4315
2476
7723
7583
2002
3990
8348
5988
4503
5226
7790
8760
5353
3783
877
6009
9978
3452
8243
743
3363
5648
4565
5134
3545
4302
3761
5038
776
8109
7543
855
3525
923
5707
8285
5279
702
8291
5470
3482
3089
5820
8060
2317
2911
1205
6469
5842
5155
2340
6634
1913
5921
4791
516
2067
6375
3455
480
2689
6108
6046
9603
9608
3668
4925
3894
9762
289
8784
8009
238
4227
3866
1832
3158
5156
8896
988
3819
366
4572
8065
241
806
3381
7943
9719
8640
8143
706
4878
8572
7355
3808
7085
5665
9184
7653
8568
5943
1660
9224
533
3628
7357
2437
4361
5911
9157
2683
1
102
4138
263
6818
5217
1549
4140
1264
351
4335
5387
8659
161
1207
9587
9486
3386
1168
6139
6941
9211
5777
7702
9517
9448
6225
1365
3777
7424
9721
9267
7960
483
9495
1566
9490
4930
3500
4005
728
9435
6863
1371
5047
5510
4730
9362
3039
810
2174
9403
4435
7872
4563
4363
9046
286
49
6879
8947
5731
9664
3258
3367
4700
2657
9798
426
1671
3819
8570
9441
4807
8618
3844
8164
5305
2435
2210
2350
6619
9908
6340
8728
4675
2324
7945
9877
6385
9769
3207
1956
2036
9820
6319
6528
5087
212
2277
3108
3393
8476
2994
1087
5360
8979
8337
8536
5538
3784
8154
1719
6091
7767
9931
7847
4108
6750
2333
1329
2895
688
2508
1992
8901
7905
2490
1174
8460
1262
3264
3618
1010
8287
8717
5109
1350
225
2190
4772
5798
6030
8199
2986
79
4253
8654
4452
7032
5166
4757
9781
1283
6608
5367
5369
5657
1006
8200
2983
8699
7924
9979
2217
8851
7345
1240
556
6577
2119
9846
2436
6005
7820
238
7469
3343
3255
9589
4144
6924
9820
6127
9244
9775
7382
8477
4299
9632
8373
971
5738
5392
4839
6575
8811
2254
2848
8258
6208
133
3805
7284
2281
9976
5368
6682
2956
4330
2789
3408
8819
3057
6037
7217
413
1004
1469
939
6521
9069
8592
9849
4068
8686
9332
3535
490
3691
7315
6865
9504
1171
8691
3469
476
7223
3632
3969
8368
584
6025
6464
5419
8072
9617
2818
8518
991
6479
1279
9641
3007
408
8432
7332
7778
943
5080
2326
5429
4945
8654
8729
4626
1558
9992
3181
50
4792
4313
5839
1692
4384
6336
1694
3870
1916
5624
2525
8514
6412
7663
7002
8360
6149
1157
4762
682
2224
1656
9422
9509
467
3308
3587
1368
3920
6633
4618
7154
3278
457
1198
5599
7511
2759
6168
2892
8324
9407
4208
8869
5882
627
8096
66
4826
2839
547
1781
2284
1147
5668
5273
4228
2615
9581
288
5613
6939
213
8795
4067
8807
914
848
1659
6046
2339
9291
7841
7612
5998
4832
9145
5505
9878
2690
1495
7450
5613
123
9593
2003
4122
4553
7536
3548
6025
243
8282
7777
5628
3119
6736
5722
7565
1226
9141
324
6577
9362
5645
4632
6979
191
8488
99
7353
413
6817
9441
6447
3357
6425
7368
7386
727
7322
4209
2111
8124
4160
3002
3161
9133
4123
5390
2131
6329
7638
9222
6541
5131
9337
12
1355
9024
4088
1066
490
2394
2483
8966
4737
5558
93
5891
4812
2468
7014
7343
9659
7424
2590
3321
7322
2569
816
3841
4267
7905
6313
8449
3978
908
7134
1380
9683
8896
5101
1713
8061
2649
2497
3369
3126
4680
6441
3174
3549
5001
7
9138
9093
8992
2120
4452
5837
6216
2911
9940
366
4537
773
4385
5129
7229
4700
6988
6169
3226
987
3692
5407
7144
7968
2013
217
4145
1084
1096
6738
1146
679
5843
3453
6238
7592
3421
699
8317
1417
3881
8701
3133
9775
7365
777
997
8775
3373
4161
2012
2203
8132
9946
9607
1538
757
495
7653
1926
9151
4582
6075
6548
6644
5892
3463
3398
3160
3318
985
191
5493
2442
6011
6782
1903
6074
9679
885
637
2385
6453
1904
8389
2570
9293
8523
7728
6869
2695
9420
6156
1964
5415
8212
5102
4865
6802
7816
6790
4766
2042
1184
498
6387
9558
6860
2991
3327
5585
1028
8876
3074
9450
2138
8587
3275
7818
7454
4079
67
152
4608
4063
6759
7036
5832
6807
9822
3241
9644
192
5645
2342
5429
5170
5984
2973
2525
552
528
4601
5491
2973
1646
1049
7005
1611
8564
4885
2114
9494
5739
3096
4340
489
5305
1284
6888
6114
1521
9814
5730
3006
1532
1739
4423
2556
6917
7683
7125
9848
8976
688
9785
8969
7772
3461
1553
7649
6317
6519
3462
5782
570
1640
132
7859
5728
6542
187
8400
8283
6384
8218
6804
2480
9289
5528
3283
2655
4680
9143
2940
1378
5556
935
4082
7562
1070
2223
5568
1522
3955
4705
5476
8844
8832
3742
4738
8611
1101
7835
3688
6941
9647
3698
3296
1822
6804
922
3241
4722
6506
1048
8863
3940
7545
3907
1258
246
6893
2998
2755
4447
1331
8579
9749
2043
1932
6248
9236
6042
2075
4960
7710
3582
3217
1995
7547
1329
5395
8673
3293
2393
6184
1510
5837
677
7813
3294
5440
6710
5680
7950
7910
1935
1348
6932
2443
6022
4035
1070
8253
8111
2049
7262
5407
3853
160
6198
7678
2264
6892
6245
5576
520
1624
9016
7085
2586
8071
9557
1806
8504
9088
2264
6317
5571
9962
4728
5422
4626
636
6716
4326
1582
8428
3532
804
4958
6306
3504
5913
934
9787
4960
786
7303
9075
9219
7525
9587
149
5472
4196
3198
3314
3141
7245
7788
3437
959
7181
2060
6095
2789
3345
2408
2884
3041
127
1890
8823
8556
5779
7403
9963
4612
1303
7133
591
8433
2546
6527
4906
5086
4520
600
2601
7332
7527
5306
3172
2905
3209
4285
5007
3778
8262
4119
5782
8085
5630
4909
5592
5427
496
6396
1711
1042
1926
3222
7999
4025
4034
928
5170
3337
1536
2834
660
7065
5740
5007
8111
4927
6840
8357
1663
6352
660
8275
6087
5949
8593
19
5114
7046
7192
1482
5590
643
451
8415
3425
4465
5367
4219
8821
9325
7278
7082
5358
4613
8652
6658
6519
2730
2597
9444
140
5745
9407
9757
1557
2569
2501
2681
2781
1464
8356
3065
6542
6635
1975
5156
3190
2982
793
8979
9228
6527
4384
4041
3055
6630
6100
2584
6130
3542
5966
7986
7316
765
3023
8459
1382
2282
9393
3660
4487
7882
3679
7383
4360
6767
4943
8589
3657
3604
6941
8443
3756
649
8062
7235
558
8605
5694
769
4888
8294
8802
9740
2958
2348
459
7699
266
115
4974
7160
6070
4599
3565
1827
7357
335
6547
4385
8526
3849
2442
5702
6466
9536
1504
9859
5228
9378
134
673
2647
2694
6667
5081
3871
7047
7848
7762
2979
6171
2920
5469
6975
662
7725
7440
7505
4788
7591
9424
2469
1536
5822
5165
8967
8279
9515
9271
1107
5245
8827
4233
6559
5949
6943
309
5099
7465
9462
6346
8124
8311
3470
244
1026
1278
5548
3336
9545
5363
9043
2355
3570
3483
2581
9004
7212
5302
348
6266
6671
482
18
3368
9858
3329
2786
917
7700
4348
2289
3413
944
9602
3260
6487
80
9906
5870
3118
2967
7910
4135
3217
3117
8620
9473
8683
7680
5188
6218
9661
9917
908
7676
6721
3631
1596
7599
3469
7193
327
8265
9788
9548
6898
6699
8469
8250
8082
8784
9420
7658
5833
2178
2281
4701
1220
9338
8672
988
9874
4099
1819
992
1378
7889
1252
921
8145
7620
6787
4956
2786
3317
794
4244
9806
8432
3602
9873
4745
8267
7806
6701
4185
9471
6846
8533
6105
5662
5449
7732
633
7991
7357
7514
9109
7279
7121
8510
6821
677
6747
7361
1849
1576
1284
4311
7599
387
3567
6943
2695
1170
2496
7467
1665
9429
5886
5177
3471
6250
1588
1331
7835
1887
2363
9651
7417
5418
9698
1441
2886
1667
1094
2665
834
7970
2741
3841
9109
673
11
377
7864
5856
8869
3817
6796
876
257
8364
7951
7713
4845
9536
5440
2787
4412
6061
5912
1248
4466
7161
6152
4752
7295
4690
2159
4616
8763
5054
3832
7763
4333
4701
1728
1435
1711
9853
7961
5091
5118
6768
2019
1885
7952
5694
7763
4188
5591
7595
5737
8669
939
1791
3457
8730
8711
3728
2795
2502
2096
7714
3215
9736
9193
5969
838
7561
3366
8920
407
8523
6987
4255
9656
6627
515
9973
9154
5467
6979
6860
8255
4948
7377
7670
1576
1273
9437
7680
4568
6334
4537
2174
5835
1419
9525
5122
1631
4428
3179
7937
1833
5404
4552
8462
1542
8244
1270
7367
3687
4276
2003
9352
1416
9496
6802
7232
5542
6588
8678
6011
9402
1427
1347
628
5481
156
602
1865
9571
1094
6225
7631
1676
5945
1445
2362
8028
9143
3560
252
859
4879
7369
2681
4962
5278
7596
664
4880
508
468
8521
4146
9632
795
7025
8373
954
5652
8109
3098
6250
944
1438
6224
9540
3372
1523
2862
6771
7116
5963
355
5944
7575
5355
4437
9790
8536
675
8848
1911
6337
8708
8108
8867
1970
9984
374
4645
2464
9743
7458
6314
7996
7734
328
6293
6014
1826
1172
5489
45
2473
4564
2792
4671
3338
2834
5894
1090
3517
4074
6130
589
9014
2635
1148
9997
2523
8065
4019
1252
7448
5312
1177
8082
2108
9083
258
3976
2046
6648
7257
9284
4710
5028
8214
3802
9818
9277
93
5261
2338
7134
1733
3121
405
2269
7066
879
6895
6800
6014
8151
7740
2806
5260
6532
9791
697
5097
5432
2833
403
7888
4265
2495
1215
3695
3081
3854
6634
5854
7267
6001
3210
4954
7744
3088
5659
2085
1842
8635
3861
7735
1997
1544
291
2248
1924
4133
32
2219
7994
8870
8908
718
5669
2832
3654
2804
6928
6353
9162
7299
2955
5454
5070
2945
6531
7478
5551
5867
1320
2776
7489
4291
8785
9408
4728
183
4284
4876
8602
405
8588
5834
3895
7241
8551
3973
1059
7210
3172
9767
8085
1954
2098
5115
4524
2352
7771
3548
1558
1616
2864
2270
7045
8414
816
1855
5287
1418
8971
3462
3904
9899
2284
1197
6138
9982
4215
8576
4667
2575
4070
7459
311
7125
1693
8871
3544
3245
586
9517
1015
8323
6053
6174
5671
22
8717
4525
3450
6371
1007
9920
3062
3489
5402
7127
4801
403
9536
198
4276
7047
6520
1843
9128
9871
5188
7709
6744
1170
5080
6864
4623
8766
6069
7925
7627
7532
5946
1920
7244
8432
6317
8478
3882
5871
5143
4742
1933
7728
7974
2314
8633
9188
3590
6644
1383
7883
8215
5285
6305
3619
5927
1435
7898
4192
594
30
3046
2437
9917
421
5347
655
1886
7290
2139
8544
5783
9604
5488
7393
7825
3164
2351
4862
4576
3915
2196
4558
3242
2931
4601
5490
643
7674
8898
3591
9447
3683
7710
3804
5601
2960
9256
9940
5463
613
7877
9045
3427
954
226
1047
9872
9302
8974
9982
8527
2647
1875
1435
8586
2718
6482
1448
8825
589
5056
2268
670
5416
2422
5794
8668
5397
1378
8380
1399
8627
0
2104
5770
3272
2546
7645
1602
4878
2425
44
8515
1563
5621
8265
5152
5493
3147
2
6014
3106
3602
4385
394
2909
4851
7575
6394
8825
4959
7365
9920
6174
3315
5341
560
7510
2002
2392
143
6708
6397
4554
4668
7521
3359
2431
1612
2562
9496
8207
8475
2051
3070
4536
6325
7293
3746
4854
7298
3921
6565
1882
6011
4971
2894
6606
674
1450
4680
8846
9381
9158
9679
3931
2350
5090
1584
3506
6112
7419
1442
9509
5709
2057
4115
3364
4037
4836
7821
253
2786
167
1954
5030
520
1849
8299
4954
3575
3380
6676
8677
4399
7785
3997
2208
8813
9331
9187
4319
3541
6698
9611
6222
3431
4910
8442
9423
6161
3869
688
7105
2685
4350
5112
8464
8434
750
536
2986
4610
3009
4820
5365
7914
871
8836
2234
2370
7074
5521
359
1510
6911
1100
3229
3225
2402
6911
5855
4128
2691
6179
2383
675
8495
5905
9679
6143
6872
8079
5034
2314
9581
4730
1934
9494
5293
9203
2052
9399
7566
8539
9595
2771
1863
8190
4718
8719
3164
4432
1469
2451
5557
1618
4880
7314
4696
9572
2201
2820
2573
8349
9735
9353
5334
9008
3401
9030
1289
4084
1279
1068
5742
2262
4180
3876
2319
7281
6272
2113
9921
3821
9009
4599
9291
5796
6436
8179
6766
4743
3662
4991
6191
7384
4726
7335
1828
4920
969
4367
9224
8176
3242
5612
7607
4587
2970
38
8051
7869
2911
7615
1459
547
7692
1503
5498
9578
709
6286
6372
7231
249
333
9484
7094
1010
1677
5169
8911
6903
2259
1822
1779
1211
4960
7603
1363
9789
9373
80
5685
4877
14
4524
1508
1135
2239
9971
1981
4438
4751
7163
7589
8446
2031
7165
7512
2157
150
6348
5198
6965
6259
1265
7751
9904
3637
2952
448
5291
7043
2335
806
505
7068
8202
260
1306
6945
1474
652
7077
8412
5992
9821
8942
8344
3875
5401
5204
3854
1704
9271
695
1469
7969
4729
106
7949
7095
7887
4165
6393
6680
423
5181
3102
6290
1967
9109
4081
7166
1206
1470
1076
8644
8039
2
4582
3828
9406
6146
1905
902
4444
4367
7305
7259
636
9578
8649
9794
5735
637
5008
615
9737
4383
7283
3219
32
6163
41
6597
9055
4378
3043
9441
6369
8266
9343
4658
155
2515
8627
2050
8462
8708
2312
9882
4382
8846
8514
6309
5856
3995
263
8603
6985
1974
7252
8239
8398
4825
3017
6765
874
7179
3914
9833
7776
7991
7360
9871
110
6558
5823
5136
2428
7700
2223
9192
9674
8815
4309
1575
153
1651
2080
3707
3577
5927
1327
1854
8746
8063
2412
1096
7648
8803
7816
1272
9195
7276
1951
1968
8751
7098
4177
3673
2008
2389
5463
3247
1735
2871
3415
5891
4693
4173
57
2873
703
6478
1445
2087
7817
6317
274
2596
1224
9574
5868
8442
3811
7742
9981
1393
1492
9068
451
6452
2888
4004
6281
1601
5628
8396
7173
8198
9416
1855
3921
5636
2279
6824
4799
3627
3490
1321
7726
3350
8876
7279
4090
5583
686
8627
232
6232
591
3813
6969
9129
8014
8807
1903
9537
5997
3847
709
8344
4960
5297
4300
3261
4512
2573
8306
4129
9973
7293
2451
6681
7258
6346
3686
7558
8849
8729
3615
8011
4218
6858
3434
3498
4931
7920
9204
6203
8015
1747
9335
9477
623
2658
8592
5609
8613
2567
9816
8365
7311
4580
673
3962
1161
6313
8463
8050
9042
2607
3873
661
6203
4337
6765
5476
1661
6284
2719
5456
8278
1025
8910
6049
3415
6735
6051
4034
2826
4803
2304
818
20
7992
6724
4298
2983
6865
4412
497
3438
1856
828
241
3320
2162
468
4836
2449
3940
578
5282
3512
1835
2800
1862
7986
8050
9044
2976
4828
5808
5151
8224
5241
1560
7609
9213
9430
7082
1191
7683
8233
5467
8094
7476
6625
134
4759
7245
8739
4607
274
241
6711
4056
4315
8579
9095
8329
6109
8003
8159
152
5083
8630
9672
1897
3767
7240
4092
4702
5780
9052
9490
9440
8118
7003
9976
4697
7279
1895
2313
6548
7533
48
9834
1509
5300
7205
8678
6352
9890
3652
9253
2917
1152
3069
5490
4720
8025
3481
4704
6418
8896
4270
7703
2883
1467
6805
6793
4436
1704
7445
7701
4232
7400
7732
189
8406
7084
8873
9802
8416
4918
2950
8073
9689
8695
8263
2619
1948
4641
5801
478
5854
1457
438
2651
393
6279
6106
5048
1955
8459
5567
4051
1144
4979
5657
658
6983
1680
8833
1819
5907
47
575
1944
5235
516
7208
460
5238
4870
9760
6862
4282
921
5101
747
3254
9458
1080
2743
1368
9739
3154
6116
5541
1381
6624
340
7278
6291
7126
513
4508
7982
5322
6634
8088
6651
17
4975
7757
5471
6490
53
8715
5044
9202
337
5838
248
2840
8117
171
1754
3548
6494
4649
8662
560
263
5702
475
2321
8269
4395
5676
970
6493
6268
2522
796
4004
2152
5410
8997
6982
9185
6579
1931
5959
1655
7240
6599
6233
2607
5694
8552
8968
8251
1092
4242
6071
6983
1179
9243
838
8939
7813
5435
5043
6393
7790
682
5965
8073
1937
5886
4529
9721
794
5812
8508
4359
3110
33
6193
7119
6935
4284
8899
7975
6731
2102
4724
2117
1444
7535
7641
3098
4585
8531
6771
4898
7784
9508
1476
4034
1287
1253
7335
7514
8743
9145
7060
2635
9829
1319
4851
8467
6321
8170
1326
3384
6134
4573
4776
7314
1139
4555
3694
7187
6868
8168
2380
1381
4658
1994
9538
208
2712
973
479
4309
4426
4137
9323
6288
1661
2045
1851
288
2245
4207
4921
2553
7995
3981
3461
3248
2761
9898
5889
4349
2106
1631
4977
3642
9504
2803
9487
1418
2635
5692
7936
6406
2333
229
2
5527
9263
7133
2719
1682
4312
3215
1325
3948
4664
2176
2186
8705
9707
5662
9902
2114
1574
6453
9339
6898
1194
8602
9250
6285
1928
7065
7116
7468
3963
9910
4472
2912
8776
5558
3412
498
8674
2473
6345
9545
2084
8176
8961
9960
3654
4995
1278
2676
708
6325
7560
147
6582
5429
3968
3615
4845
8871
7378
9658
4241
914
6727
1052
4313
4683
3646
3770
7032
1436
4654
6425
2084
6471
2153
1638
758
7210
7803
4345
8924
2587
8604
6353
9583
2949
7901
2227
1270
5773
6562
7142
9202
3556
7906
8794
3416
3350
2058
3306
4772
8569
8990
6812
4413
7302
4287
531
8339
2455
817
2287
468
6368
2416
3341
2173
1051
8789
4893
5508
3021
7721
3282
686
3390
9362
7627
6044
794
8236
268
4898
4892
3987
6881
3393
1657
9324
6810
7052
1542
2917
6223
2036
4469
9909
5273
8392
6328
230
8893
249
798
4184
5715
6510
2257
1279
6948
7732
8542
8125
6471
2414
9217
1272
8960
4788
5675
2714
1688
1509
1198
7417
6792
6856
7113
6715
8306
524
4480
5306
6652
6988
1603
3271
6834
2489
7819
431
679
588
9643
2281
6530
8848
1092
7224
1132
8726
8952
3286
2164
2064
7746
7239
9660
1752
8154
5048
5256
4562
6590
5132
7460
65
1226
2571
3397
5170
5013
8671
2457
435
7539
3578
4281
5333
468
2228
5778
687
8886
4382
5185
3908
9793
4895
1896
5151
3749
6664
2928
5963
7512
4453
7593
6069
6015
9436
6187
6232
9353
9881
8398
4796
9272
7971
2032
3916
8768
6320
343
5986
2183
8612
9801
5885
8930
8334
2424
6012
4756
7242
2909
4665
9472
720
4715
2620
7953
8111
5422
5610
9886
6190
6303
4695
5103
7114
90
5465
9531
7507
5496
8885
4227
7627
1521
821
4290
5696
7679
2102
3799
4683
8475
7421
5820
4992
5779
5152
6735
9721
3730
590
6373
7858
1388
9082
1799
1454
5760
3055
1923
7850
2724
5369
5871
2775
8887
4722
1065
2906
8111
5211
4981
6084
8168
1351
314
4235
1858
6659
3450
1592
9759
50
5677
6606
3981
6391
2218
4945
6376
3872
4011
2492
7987
63
9537
8448
5676
8373
2501
4165
7108
2120
8285
3750
2638
4273
4665
6112
2092
1680
8374
8076
6587
6621
5881
7700
6585
9203
1746
3252
709
5240
8138
1896
4312
3214
361
966
9271
3477
142
5700
7186
1951
5041
1796
1680
6907
261
7254
6030
102
6539
5641
3926
6421
2561
6345
6587
8445
2222
435
7451
6932
6596
5468
5425
1644
7522
6165
8821
5475
1394
6491
86
1817
1836
5486
1227
4266
5195
3401
3552
2255
4323
871
1611
2076
2002
2969
4770
4797
3762
9015
4489
4774
8698
6207
8684
7511
5364
8733
8486
1289
3254
1827
9633
4544
6317
3896
9656
3806
5964
9149
690
8460
268
2726
5162
2962
824
1561
9877
667
8332
2299
9561
9453
2163
8405
7864
1974
5961
6136
4058
2697
7621
9256
7963
4678
1462
8720
3476
9407
7093
1944
8869
2466
9054
7634
2134
2224
2894
4857
5209
7510
7691
9432
8532
4965
578
4246
6660
2835
9014
8874
5908
7600
9235
5031
4696
6945
9229
5871
3082
782
9956
4069
7029
5155
8491
4232
338
1664
4367
9277
5389
5174
9427
5048
5720
3408
4188
8172
5032
1448
9918
4793
4971
8601
7087
8139
863
5381
8793
1750
7707
4424
7595
9651
8772
6254
8914
9129
813
885
3154
9667
9168
3624
944
649
8399
6702
6460
6012
3260
8914
5274
1756
9349
6296
3297
194
9719
9770
5340
4168
2965
9242
6271
7474
8949
8396
1459
1665
1464
7431
1774
3847
1409
4451
659
6482
3278
7261
1631
2692
5522
7053
5426
4426
5512
2369
7830
8300
1201
2442
7752
3213
708
8531
1699
892
6726
5020
7975
9224
3126
8016
9822
8220
961
5720
3416
8949
689
2802
6582
3132
6772
9390
7802
9717
882
9490
3963
6058
830
368
9637
7148
7434
7397
5114
7939
1045
1723
6282
4302
7880
3757
9189
5672
5719
9530
1618
819
6420
1786
2307
1916
7863
9489
3194
1029
507
9434
8765
719
2053
5140
3868
1974
7795
9312
8289
9535
4532
1857
1657
8210
9592
3872
4020
6488
3926
7074
6822
6987
5664
6242
4158
8494
4020
9091
7177
2305
6597
8370
2108
5138
34
2378
475
8451
8966
1795
1915
7348
754
7206
160
3666
1266
8301
8862
9263
939
5995
3378
4388
8425
7328
5433
4172
1108
9448
1252
253
4956
460
2546
8718
4812
7420
3522
6592
9760
9721
9874
9310
3301
7670
730
3153
8197
9341
3895
1800
1079
2282
2309
816
7562
6731
8103
870
4381
9984
2404
6404
6006
8977
8684
710
994
6999
8252
440
1724
7669
7949
4865
5547
761
2964
6797
8561
8927
7789
1845
8586
6661
8185
7708
4497
8508
6342
169
9201
8670
948
1544
2904
8042
1634
7017
659
4250
7538
862
5760
5742
6956
4697
1340
2210
849
2148
169
2289
3769
9442
1107
4922
1050
1427
4561
1254
8405
592
4544
1911
5806
6264
4125
7158
968
8742
3337
6461
9472
7006
8959
6304
5027
9150
6883
5335
542
2529
9704
2855
7613
4182
2487
5932
2667
628
7641
9886
7045
733
1362
3179
7166
6152
5890
4058
8392
3906
4086
5908
9399
8556
397
5573
6634
8570
296
1456
3886
2573
5295
2793
7601
444
945
7627
5893
4110
2332
9978
7657
3738
3373
7867
2585
6291
7018
3022
1448
9194
7890
8780
8804
8221
7733
5285
1180
4496
5212
153
5198
1846
7305
6235
1131
9184
5290
8929
1388
6495
4066
2152
1620
8791
1030
2030
1988
4464
7473
2866
1961
5466
2805
2232
7117
9167
2769
5578
3545
8235
5070
7811
6398
6216
3448
1817
5518
2765
6523
290
651
6936
6198
2564
8525
3548
4647
803
5369
959
4660
5692
1039
3163
1329
470
2429
4776
7978
5214
3597
1121
8540
4096
3596
2323
3808
7039
2631
3420
6470
7181
988
941
4639
2671
7226
7708
203
770
2715
4638
7597
7595
6842
3140
7078
6053
2307
6503
5422
1240
1800
5126
521
4074
4791
116
8337
6884
8350
1424
9361
2189
1603
7090
6897
8636
9990
8987
8830
3108
7678
8798
6042
6470
5240
1670
6982
5731
4815
256
7362
4058
3070
769
1630
1502
2525
1189
3252
5877
3017
9496
4961
5436
8218
731
8364
9542
7551
9938
4043
3066
4716
7273
7948
507
920
8749
1128
8904
2257
7967
7423
8642
1791
7801
1769
3169
3360
724
2940
6511
2550
3514
3087
436
8809
863
4076
1096
2816
9089
5291
774
6796
8494
8471
5671
7923
3414
1181
2723
2883
6365
6400
9097
5413
1388
8369
5045
202
6746
8284
2202
6288
8150
5487
9285
2213
3651
9150
4990
2849
6160
9069
4560
2174
4890
7978
9099
996
2501
430
9399
8666
9537
4893
5293
2569
9212
9696
374
9185
563
1515
2611
9907
3221
1934
6254
6168
3192
1021
7963
8028
212
721
8760
3425
550
7370
9164
6969
1878
2655
7183
3776
691
5608
9696
7866
5941
1274
4849
647
4779
8746
8832
5089
7232
8060
2823
2691
642
5449
5419
7941
6220
4436
4343
1536
6862
8609
5120
9813
2456
2946
9253
8979
11
4004
8721
904
1523
9036
5333
9964
8079
3400
5375
588
9539
4165
1393
2751
9466
2857
2101
6326
5402
1855
3372
6395
7676
2062
2662
7571
3864
316
3633
8618
4654
9896
7490
7626
8372
151
6689
4728
5987
6687
7207
1604
5153
5159
8981
7198
1665
7816
6189
9992
1270
9609
2099
3121
268
5066
8054
2398
9495
1349
518
8073
4019
8596
4149
7452
4380
7681
5620
5001
2527
3669
3187
2994
7569
7560
2013
5727
8424
2475
2625
9443
9450
9667
693
814
4763
2039
2046
4635
9004
1474
8026
594
1834
535
9652
5343
4096
4662
3605
6926
9771
3950
2605
7187
6143
3334
6448
4636
4584
4444
5424
1602
4725
94
3146
420
8637
2196
3336
2172
276
3060
3200
6265
9878
7470
9687
861
4824
8639
7281
3501
7191
7990
9584
525
8506
2608
3188
9173
1974
9707
935
274
1077
2570
366
9172
9744
7683
5788
1758
2710
1648
2848
3873
1674
9148
6711
6467
5373
2350
5292
8802
7487
5990
1961
3242
5527
596
7492
2596
510
6952
8310
782
9279
3706
8063
5922
4079
1357
9421
5256
9375
6261
6832
7065
7834
1906
9355
2491
7205
8614
6093
1130
6574
4406
7510
3921
5164
3170
6589
1643
6839
8622
3442
6322
5043
1288
4069
6205
6609
4311
9694
2110
2439
5890
7301
6380
5433
5126
4977
7346
5402
862
5344
5885
8839
816
3697
1486
3235
8968
1105
8196
2307
5236
2018
960
6365
5927
3022
255
3069
3674
9187
6259
1939
8605
8887
564
5751
5313
3884
5743
6185
5016
1774
7179
3079
6505
689
2069
5558
8678
4793
4316
5417
1338
7063
4481
7279
6467
9559
9780
8818
5999
250
3163
562
2184
7813
6248
483
339
1528
361
4324
6003
9536
352
1836
5204
397
5721
3077
2431
1421
3126
1058
6233
6724
3568
1710
8888
8808
720
6074
6239
9382
9246
287
361
1260
2519
4617
6060
5777
910
1470
8570
7545
5055
6396
2198
655
756
1033
4765
1874
3897
8715
6060
4871
1941
8833
1500
4228
1062
6253
2122
7773
43
714
9797
2121
155
5175
4514
4100
2662
2588
6504
7691
5428
2937
2889
692
5846
2485
7408
3180
9776
7651
309
369
6954
3950
7257
9610
452
1214
5793
6662
5291
6147
287
9996
4475
1595
7370
7206
1562
679
9246
3055
9171
3977
4684
7062
8963
1741
4377
9593
5901
6232
7532
4443
7968
5473
1102
412
5248
6496
6690
8408
6395
7298
1363
8709
2754
3884
8926
3448
872
2078
7181
7251
1310
6949
30
8841
1881
8041
5676
1531
7
3459
5201
7623
8076
6972
5532
9959
411
7414
1543
997
2351
3289
9665
9356
2875
7160
5729
4152
2355
4777
6727
8996
2492
8675
5001
7357
5907
6632
7535
3916
2760
1938
5993
6580
3260
7472
94
3792
6970
5424
8036
4169
8089
6815
7558
8770
58
3950
5362
4294
5320
8316
5203
7567
4231
3957
4672
5046
7884
4415
7865
9967
5174
4605
7635
1356
6433
2948
6790
2746
667
2066
1299
1598
2674
4676
3877
3974
7143
8383
9081
6386
1119
600
3090
2666
1557
3868
8801
1209
5091
731
4610
3645
9838
9708
5439
595
604
3711
5371
9937
7251
8130
1814
3607
4741
8767
9174
3813
3181
8276
8742
5017
2987
3175
2345
5916
315
7743
4845
2263
9207
9194
3078
4005
1956
6074
5289
2610
4815
3731
4948
6705
8141
5154
3234
8611
6758
6259
9737
6038
7263
766
414
9223
4137
9121
7214
2211
3255
9405
1579
3010
9854
9514
4669
206
1639
926
4418
1029
9974
5245
9878
1814
3556
9842
3236
2650
2503
8802
4992
3238
44
7785
6665
9837
6261
1200
9511
6004
8457
2056
756
4521
5004
8297
9010
3876
9482
8181
2462
5902
8986
8630
5515
7112
5332
9922
6651
1048
8280
4014
472
6876
4874
6476
9098
2743
5322
9641
3140
1842
6579
3979
6955
9376
4292
4374
2727
9548
5307
429
8170
1506
8358
9978
6970
1131
1500
100
7661
2016
1261
8008
9218
1751
1893
3117
5332
1298
6607
3663
492
6694
2823
5595
841
7053
3882
1206
2795
8459
4599
5224
802
7663
697
2790
667
2895
1224
1015
2446
4894
4175
571
5466
7503
5382
725
4511
7364
3667
9479
9321
7074
8830
9505
6934
6368
4548
5112
1935
3348
5267
5383
7487
2373
2990
3665
8855
3372
5274
7584
6415
3361
3569
3330
9198
5949
9123
8535
9997
7424
2624
7914
7215
6544
7724
7995
8741
1531
5504
3204
7712
676
7884
421
1209
6734
9185
1260
4268
1630
6047
424
4778
8766
8597
6616
5516
1298
6719
193
4183
3701
8743
4194
3946
2388
8149
7532
9658
119
5672
3641
6719
4280
3732
9202
472
4460
9851
2624
4128
3678
2830
8254
1612
669
5426
5986
2159
7710
3566
4731
544
3095
1384
7380
3618
2269
5706
587
9879
7804
5694
5178
5815
6894
6492
7275
3876
4254
873
9252
7236
3936
1877
7153
537
9253
8403
9405
7705
4542
8564
3125
6924
379
251
193
4766
1743
9596
7488
6669
978
495
2690
2566
4636
3784
719
2596
8897
3192
1878
2230
2711
2098
4902
9340
66
4594
4004
5059
1002
1722
6238
1043
9373
3745
8227
6707
8661
5569
9708
6971
7097
2314
430
6083
5713
2517
6313
2362
3712
3493
4743
6129
4830
8507
6544
4219
4392
9112
4339
70
8467
521
3300
9075
1707
8763
8050
8776
7238
2422
3287
5821
647
6851
2749
6950
807
3365
4777
1933
4134
290
9654
8713
2039
7580
6913
3340
7557
526
9575
9704
9428
7731
2487
8193
6033
3796
9975
825
3058
8894
9467
3204
3155
1177
1138
9837
5163
4511
5360
1899
7732
5829
2301
8690
8256
700
4043
8552
6584
7929
453
672
7550
1997
639
8092
3115
5427
138
7641
3752
6154
5178
6579
2637
9099
2708
5652
2390
4470
6148
9801
7182
2937
7894
5326
2020
178
3925
629
3112
1283
5424
9779
2912
3832
4152
2950
9761
2412
2563
4162
7752
6129
8032
5798
7736
1688
5068
8514
7118
7672
6815
9231
4282
7772
4987
6188
3610
4004
4170
7971
1943
2887
2516
1785
7082
7585
4998
6429
9306
862
4554
9331
8218
3710
6398
9636
7933
1892
3924
2465
9506
6036
8305
6960
6631
3534
2242
8340
1700
7371
7831
6700
4443
4602
3161
9144
9283
5424
3296
1668
3209
8698
230
1641
3274
443
4473
8996
5858
556
5088
5223
3940
7108
413
9280
1671
8689
546
8470
7678
6973
8283
294
1357
8257
8139
1030
202
6948
7957
4814
2491
5371
3130
1050
9935
740
1733
4002
4663
6998
216
4773
4435
2951
6975
8592
6335
5705
257
8845
1094
35
3578
8697
6481
4532
629
6781
8434
7009
2027
4610
2932
4247
824
7543
1862
7145
9918
8236
491
6766
7585
757
2680
5421
4750
8601
4583
6973
5759
7782
9633
6506
4308
7874
7329
4857
1517
9108
5531
543
5847
6542
5369
3231
7629
6973
4339
4200
2400
5552
1690
4077
2642
3245
6571
9304
4957
6091
3777
5773
7110
3082
7615
6994
872
3553
8396
3670
7751
2902
3415
5558
5695
4525
9898
6812
5313
4506
7992
2622
7710
7407
3933
1732
6362
2032
3334
4433
6369
3737
8019
2597
1959
7864
5867
1580
9327
4362
7294
3408
4225
3350
8894
243
4592
8237
4891
285
9586
2755
8721
1614
4704
9402
2957
7243
7399
5798
3319
4885
3634
7286
1765
2060
1908
4589
8039
7507
2058
8713
1510
6333
2173
7725
8074
7935
8825
8856
2387
8983
9667
5295
61
9710
6227
288
9040
3968
1666
9594
3365
97
1504
1361
8521
2478
9096
9993
5120
532
6371
350
3879
1458
8457
5068
6935
4341
8365
8153
5723
9173
9028
576
6062
3703
4651
1275
69
7228
2618
5959
9002
4281
2292
6695
6864
512
7425
8743
5507
300
3865
3954
5677
4026
468
1609
4648
5317
2125
6270
8988
6454
6574
4265
893
4324
1943
8486
2261
2921
8284
9817
3247
8889
4602
5472
6422
2941
1550
7455
9941
3966
8716
3442
4196
5012
56
8592
2108
8182
2188
613
2664
6469
9153
8626
6633
3482
6662
9888
7015
9918
1401
1012
2971
8372
5168
5032
2337
3707
6270
4861
5577
1566
8284
1160
1339
7625
3792
2330
7736
7821
1679
425
88
5708
6862
6129
6023
7998
3625
2152
8802
9292
3052
5208
3714
715
8317
9792
9139
9155
2298
2031
6361
2487
9486
2150
821
963
6172
9309
9447
4693
393
3983
6021
9052
5950
8215
4307
876
7135
5501
4479
702
5597
9875
9367
7342
9426
1715
9791
2388
5986
9958
2568
4746
8362
8410
9090
6917
7655
7553
682
3807
1008
8836
2294
9199
9157
6091
513
9582
4387
2570
8504
716
822
381
1166
754
5797
8587
6263
2118
6722
5363
6596
7642
7803
446
3924
3778
2213
596
7792
6929
3605
970
9085
8745
9908
9114
7540
379
9141
3694
6777
7661
4122
8647
6051
1895
1026
9318
6121
1720
9579
7138
1995
3944
857
2383
8931
7924
4489
3927
5155
2638
1160
2811
5726
6079
1254
6517
3010
7158
8113
4808
2656
8195
2917
6360
3828
8026
3120
8306
2863
3419
4479
2738
9501
9805
8778
4817
8543
290
4266
7003
9399
4319
3014
4273
7508
2549
9352
7845
1289
3176
5441
5343
4863
6075
11
3961
304
2984
9693
5391
7515
3017
2178
6297
2312
9362
9247
3878
8671
3532
5856
2333
8750
5634
9538
5292
9874
8122
779
6497
2415
4610
3302
738
8335
8904
7266
2461
4868
7416
4020
4962
5538
5544
3150
5410
4733
1895
5832
2077
4589
3009
7123
5255
7448
5707
8853
5446
984
8348
1625
5378
3428
5675
7584
3060
3334
7825
2754
2119
7071
5213
1683
1476
1992
5104
7902
8541
6848
594
2911
1702
1400
4637
9049
1950
6314
8925
1195
1223
98
7381
7222
3796
5267
8810
2017
6786
6611
5956
8935
5021
4036
551
3779
3597
7001
9666
3130
7013
8176
1961
6224
5692
702
7965
4145
6070
5881
8532
8994
7138
6671
2516
1800
726
4743
3154
9285
5969
993
8282
606
1879
3359
171
6378
9830
8169
2127
2114
7011
4406
8045
9532
1435
4601
3262
8886
8667
3368
3612
5738
2482
9589
5863
7490
3583
6063
6748
7996
2067
6819
6846
5969
7494
188
1096
4920
2899
8236
3602
7285
645
7336
7951
2687
7995
2583
3545
3157
2053
1434
2971
7441
3219
3597
8935
651
3266
369
5267
5714
8386
8052
9088
4212
6197
6024
4972
6660
2596
3235
7121
5053
4390
1494
3967
3250
7541
740
7166
4561
8965
3873
6191
8172
7608
6369
417
735
1535
6380
7651
9285
46
9102
5413
3534
1129
7194
7861
933
1713
5292
1142
5717
3555
131
9201
5596
8819
215
9773
4214
4174
1433
1564
2709
4381
399
6107
2606
3204
3078
2340
9724
35
8653
7458
1844
1418
4195
5869
8764
5463
6458
5999
5270
5892
2799
1043
9149
4022
1555
1103
7773
6061
7953
4828
6664
9863
7735
1533
2357
6193
6953
5053
2961
6068
2036
1861
7747
5178
8002
2856
5841
1203
3314
3548
5715
2125
7739
5084
6786
4854
6373
7365
2276
3585
2860
3184
9019
3281
7542
6656
8359
5997
6819
1709
1463
9186
9608
8986
9858
7082
9905
3309
9057
6825
8219
7188
2944
5910
1088
3184
6194
6572
8519
95
3264
8492
7014
135
3080
3864
6319
2631
3021
5248
7488
9954
7069
351
7146
8082
9339
1325
359
1640
3034
397
225
7500
5366
8063
8049
8640
3446
5940
7586
6515
5081
7638
7065
8864
7859
5079
4834
1972
1343
2595
4760
3547
23
1478
9913
5115
7617
5075
2012
498
5679
5065
1070
1229
6418
8482
8133
2037
249
9487
6262
9240
2964
7036
9206
3094
1150
1579
1985
4343
322
8024
5975
917
4654
158
62
7880
2953
546
136
7608
7693
5376
3379
1239
4616
9777
7659
5014
5843
1807
7845
3987
8028
5044
9802
5361
2306
3237
159
2849
7945
2463
1480
8304
7676
7588
4239
5334
6541
557
3093
2233
2069
385
252
9719
6110
9500
580
7110
8563
3164
389
302
8626
2580
4855
8916
8733
3640
6032
96
6915
6210
9916
3258
6897
4842
7143
5145
1096
6098
8661
9823
4399
571
1083
9815
8558
1610
23
1843
5112
8826
3219
5364
8412
6439
3726
6038
3019
2833
3533
6032
7121
2785
7369
5046
311
469
1307
1151
3212
5232
2802
3849
479
1887
5282
4725
21
1718
1324
9214
8931
7245
5733
4632
2617
7073
649
29
1344
7026
1811
7381
2312
533
6928
6177
5823
6057
2788
3189
6394
2542
9975
7042
1296
7413
9870
5574
1900
8463
1340
6560
6345
8128
9239
1077
9934
805
6737
4246
792
664
7491
9983
887
6975
8962
5278
4473
7463
5135
6177
1268
7838
731
5792
9970
2955
3473
8752
1680
3433
8374
7459
8410
2520
9291
7824
2197
8996
5580
897
9749
2127
7809
698
9685
7294
9822
9331
1007
5410
5728
3014
5643
1164
3367
7416
4117
8210
6784
5285
5133
2791
1619
3109
558
2301
2005
6990
8152
6899
9249
9313
9828
5634
3282
9893
1765
272
5968
7687
3303
4354
5485
4220
3045
9167
2514
8777
4059
3775
6356
7303
1052
4480
5860
7184
6318
6072
6004
933
7276
272
8546
3294
5747
5516
263
9621
1651
1923
4927
3636
5434
9691
5608
9141
3668
7941
3928
4070
3630
1861
2545
8880
4555
8415
6504
1308
4886
5050
2571
6986
3807
6805
1209
6965
8487
2963
6320
1588
2292
4768
6217
1370
9788
5343
8013
3751
6540
6969
6806
2376
8761
762
8187
5387
3980
6029
1029
4712
7243
2168
2918
8235
3273
3506
8665
9511
3648
6991
7591
8043
9200
6982
9038
373
2582
5429
3434
1135
1065
2725
6029
3410
3085
841
6441
2090
4525
8302
490
693
3201
9261
52
7565
5559
2641
5172
6922
5441
7271
6634
7845
7362
9398
5295
8909
997
584
5117
675
4632
2680
3445
5937
4591
6698
6652
1031
1833
2321
1290
5834
2540
9340
2309
4091
6355
2875
3539
4149
7766
3900
7239
3636
8379
2908
1688
757
3772
2383
7074
1235
9060
5540
6641
8419
2360
4198
276
3295
5560
7664
8739
6779
6177
1289
1418
5688
7368
4487
5715
4771
4146
1338
2301
3130
7541
9167
6650
1011
9754
7018
8373
505
5474
3875
3131
669
9703
7830
4793
665
6883
5899
9879
5471
8170
8528
2047
5991
611
8826
4702
1716
9430
8567
9525
5198
1129
4919
7575
8067
6947
4276
651
4205
3002
7360
7319
4441
8866
9107
476
1245
1010
3903
343
8836
1841
4374
3150
6050
5697
1663
5177
1011
3425
6924
9674
3768
8941
4532
1641
2037
32
8604
9635
5368
7078
6459
3993
7541
1262
4744
8049
3376
1662
4676
5769
3212
4101
6426
5652
1643
8139
673
9361
6289
3945
4829
9958
9313
6580
8481
9894
3603
7234
9683
521
1449
1875
295
2221
7550
2202
4536
7421
5652
2423
8931
8489
3363
3798
4375
1913
8023
4035
651
9636
3859
7886
1736
5408
1780
2017
2245
9190
3686
3808
2306
4288
3794
8909
6664
8910
2224
5342
1805
7833
623
6899
2526
9759
6635
6520
3824
6619
3876
1640
9356
1739
3222
2707
3924
6758
7675
6282
3240
7047
6189
4689
9320
2496
4835
5375
783
7754
850
8087
272
6625
3102
6639
3929
5718
9680
7329
4
5858
3583
4685
3120
1304
5410
2898
3676
9467
9857
1455
7719
1300
4574
8835
8437
2231
6401
735
9667
5743
2173
2769
6504
5489
4270
3577
9757
7807
9711
4349
6563
1186
3197
4177
8903
6800
7832
4899
2726
591
3107
5780
4209
205
2159
3906
4192
4878
1092
8366
7477
3891
6628
6415
2156
7995
8900
2431
8734
6191
442
1634
6501
929
4976
8332
9108
3127
3403
2618
9407
1713
1543
8144
5406
1570
275
7914
6147
5900
2650
109
3122
1992
6296
61
1422
3320
8928
1558
868
3062
7920
8444
9554
4082
4527
7031
4439
9977
7566
3090
7826
9141
6860
3804
5086
5770
7802
3483
2287
3704
4935
3764
4988
6562
2126
767
6234
9452
9721
9499
7090
4212
2613
4838
897
2644
5836
7566
4042
4529
6261
4264
4966
9871
1003
1554
7559
71
6997
3577
598
8026
8261
1003
4560
2133
921
4155
7295
3204
1362
78
4783
1326
4832
4673
7556
5472
1115
2852
1134
5294
777
4984
7831
1235
758
4941
9169
6291
5884
6092
1721
6700
7463
256
4709
286
5001
9282
6629
3478
2070
5808
9364
9535
269
1486
4572
2269
3004
7054
4077
7312
8919
8895
5111
2462
1962
9156
9436
8871
7660
1925
1774
2432
3701
9172
4233
6166
9322
1038
1075
6784
2007
4692
2822
228
6882
9549
1331
6148
6262
1694
2316
8128
1124
5142
9854
2290
8544
4687
8467
8532
8294
6524
3426
5606
601
6914
8338
1169
1458
1929
2046
6063
7662
4743
5666
2355
5876
5309
1813
1242
4034
9861
4869
1786
7156
5997
815
5208
5020
6590
7538
5148
1303
6162
5298
622
1125
8597
205
2076
3038
693
9420
2528
3987
8487
4448
2355
442
3838
5832
3727
948
2368
4772
8089
7421
3773
1398
210
9233
1708
4050
1904
6122
8365
884
9183
4920
9462
3435
8747
2817
5203
5308
3939
8774
5836
7707
9119
3805
6512
2230
8307
9169
8313
1991
2181
3156
4827
1367
2656
2635
366
393
4154
3565
69
4125
1164
497
3876
2033
1095
3683
4619
6361
367
7482
3102
5257
106
9157
6081
302
2380
6641
48
4891
5343
7454
4938
1743
2972
5109
5217
822
9574
1939
7531
949
5678
3888
9069
5573
497
1369
7369
5502
565
6938
8279
9176
1253
8522
7546
1770
6212
3710
5422
5145
3781
2460
265
2755
669
8866
6201
9352
8262
8438
1221
6084
1239
2599
4929
3657
848
4048
4443
3030
9043
7937
4708
8119
5406
8811
1470
1821
4905
361
5974
7435
6836
9435
5755
5817
5427
6297
8154
3173
7103
7759
5103
2336
9088
5095
3261
8184
2521
6439
5567
6252
9700
292
7006
7577
5769
669
5803
7666
2212
2748
6741
9525
590
9690
6853
2912
7854
9859
968
1026
2664
1932
6447
824
675
7394
1575
7634
8846
2075
9445
5869
6471
1940
5288
412
7857
555
5400
56
491
7280
2169
802
5529
8038
4274
4135
8799
6846
286
601
3698
5831
6705
7544
8196
7562
9503
1217
9578
2317
6092
5830
7500
5639
9178
7611
2324
829
1252
3677
5279
753
3662
4483
3940
9322
2970
8123
3412
4069
7757
5250
2818
9592
1147
1812
4675
3274
2211
1572
5535
8083
552
6257
571
1086
4322
7711
9817
3436
1761
3580
1769
8715
2204
1980
5123
377
1363
6264
633
9155
3796
7327
1579
436
1627
7213
6399
9910
991
309
9583
1228
7245
561
5835
8218
9231
4748
5990
9030
6910
6073
2853
3296
9413
323
8973
7264
3841
7830
4719
3652
4140
405
8505
8410
5697
8035
7738
9161
9811
1410
913
1301
2295
1003
4605
2342
2089
4795
2910
4330
7023
4157
7240
6265
5530
4998
5408
7070
1804
6144
8178
538
763
9766
1314
176
6030
8062
303
2090
6315
7658
1406
4979
9171
31
9431
2158
8717
7751
8126
4860
30
5096
4681
4854
1982
4107
1321
8209
3887
499
5383
3823
6421
9235
502
9542
6116
3186
7970
561
2806
3041
3050
1359
3981
6404
9867
6774
2229
946
9574
9850
6743
1442
6760
4585
8380
9066
6417
9206
9642
179
166
6304
5827
6829
5083
6430
8550
318
6647
8056
5945
6211
9090
1897
9467
1557
5230
8196
5303
2866
9468
928
7294
5552
4289
6100
1990
1448
248
2606
2900
3535
6338
5601
1934
2525
6468
7806
5026
9137
2942
7896
1244
1055
8618
9246
7588
5371
2659
8644
1613
1931
3276
595
7932
7628
618
3714
2729
2736
6793
5321
3652
5454
3098
7093
9887
1906
6039
6392
2294
792
696
7113
4536
1094
6498
7760
1672
2379
211
2786
7618
3550
1937
5558
7352
2669
7883
7572
29
3397
9
9811
4798
8172
4312
2069
3192
4760
9953
4782
7920
2329
4938
5132
9467
3320
2762
2236
3607
6711
9408
2065
435
2521
9039
1500
161
5240
3006
4379
7426
2847
6693
8854
7612
6271
7341
3680
9206
9937
1504
6331
5369
3123
3782
9450
2925
3921
1688
5468
6778
3221
9477
6408
6362
6465
4796
7270
8410
332
4364
5291
1456
1450
6756
5231
4933
3273
4015
4226
6826
9503
4101
1919
169
8814
4630
4431
9042
690
6301
8651
1229
3439
235
6801
4559
7434
6226
3175
187
528
620
3941
4941
2136
1894
9953
8589
1631
9403
1203
2072
174
4422
2426
4318
5988
8124
3763
4486
4349
1869
2396
8283
2623
6112
5465
9679
1466
796
4408
9151
2741
5284
2479
7337
2077
1750
9782
2401
9475
7980
9632
3892
3339
9773
3346
4376
5861
199
355
1390
1318
1517
665
5727
3620
8554
3842
7757
4786
7081
6926
3063
2761
5670
5715
962
244
868
7285
9550
4879
3803
5026
6407
1864
9878
2498
5219
7755
1254
3776
7873
7982
3542
2759
1313
9733
6760
6082
3654
8088
6115
6677
5789
9305
5533
5987
3154
6089
4586
2054
3119
7831
784
1481
888
4957
3900
8266
4447
9101
9511
7171
734
3434
2791
3467
505
8285
7485
7517
2763
323
3431
3648
894
3102
7841
5785
4274
8376
516
6005
273
4668
2842
1900
4821
8856
41
4262
9145
8949
2318
8742
1359
633
540
751
2275
9409
7769
3967
9478
1292
7686
998
1745
7426
8359
6424
2513
1003
3986
8139
9974
5889
3089
8259
1563
9245
4561
38
5176
1529
7615
4260
2960
369
2638
5963
2055
3557
5814
3880
5580
4427
1547
79
3508
5644
7416
3407
7685
2559
9297
3324
4622
4901
4185
4819
7533
2740
7332
803
1990
4215
9642
7087
9569
5844
6704
1202
5563
8088
6989
5315
8736
9157
1212
4639
835
4287
8822
6360
4114
8078
5419
8682
5916
2798
8795
6530
5062
1348
3537
2821
9906
9775
3220
5542
7071
9257
4513
9155
2526
5412
758
9814
3664
4530
3402
4031
4049
976
5113
6439
5700
2311
7102
4662
669
1447
9747
928
2430
598
6487
3640
2089
7851
6446
9003
7376
7171
4479
5891
6234
2844
5791
375
2909
4433
4036
7034
6645
6304
2705
8990
3225
5629
9365
5933
6371
8278
1740
2094
528
7470
4400
8527
3509
1065
7130
7171
1310
8322
8576
9164
9767
6931
2478
4762
1189
1211
1340
7023
997
3818
2809
1203
185
6584
5895
6211
3355
2943
282
747
964
2941
6438
7154
2290
2126
6283
3834
323
6044
8603
4011
8099
1872
8501
2000
1789
7284
2412
2974
7591
9801
1429
5687
9902
7420
5847
6848
5549
2726
8350
1326
6072
6866
2687
7702
4868
9125
1737
234
1846
2856
2840
764
8280
1992
2620
3523
4333
744
4180
1531
7915
9558
1494
7830
2544
5197
3860
1883
1032
1629
4498
2340
9746
8448
1948
9683
7029
9170
8408
2439
7495
2855
2871
1054
1897
561
4858
262
8986
7559
8483
2093
9781
4867
2941
181
812
5336
9112
1119
7996
9073
6186
9666
7985
3659
8695
3557
6265
3284
2150
2810
9351
7227
5163
9956
2751
9457
5313
6626
7059
945
6276
3072
2584
9736
5508
7220
5557
2295
1118
9007
416
7528
9449
8917
3847
4602
1281
2336
1077
8262
5519
6367
7396
735
6595
7301
7343
5232
6053
6998
6458
2254
1844
7446
9054
664
9477
8619
3893
2798
4155
1861
2876
775
5265
9948
7143
6399
8858
5016
6141
650
4273
2768
7452
1571
9315
9348
41
1022
8962
1527
4632
7230
4337
8414
5984
6536
885
9033
2056
1011
706
934
2926
9073
7591
4064
1423
5995
9419
7205
4853
7497
1656
1910
5033
5045
4231
8648
8088
9102
80
4203
178
9589
7708
6992
3883
5145
8539
4880
5637
8028
853
5992
7332
2930
2911
754
5343
3861
9940
5960
3956
7610
328
2843
6418
3628
4255
4986
7804
248
9362
6247
6221
3314
1556
6337
1230
617
8781
5643
4128
4844
479
6610
717
3707
2384
8945
272
1822
384
5230
5675
4376
7659
3193
3224
6270
3201
7970
9802
4023
4527
1386
6110
7262
2087
1474
978
1752
8695
1933
6767
8240
4327
3536
322
5228
7220
3513
6056
2149
4454
9601
1615
3746
2436
5697
7105
4566
2650
2033
7375
840
8081
271
3254
582
508
7867
1790
8358
7499
2614
7069
1179
6461
9613
3066
2355
7345
4521
7281
4674
5701
6735
2916
6618
4741
1295
4048
2971
2473
3722
1721
1222
2156
7909
5524
7853
2123
2323
2746
3606
2341
9259
9394
3659
1489
8270
9387
8809
6270
7633
1191
6661
1403
3443
5332
1479
1785
1357
3130
544
8513
4068
3741
6754
9509
8649
6527
6669
3392
8189
2253
4484
3383
1077
2411
1191
4971
9923
6524
5215
3611
3057
7094
4624
2050
2528
5655
9435
883
7788
2547
3068
2999
540
646
8939
5824
4172
1505
9893
391
9381
4818
4303
4667
2849
1137
852
4103
2715
9381
38
8199
2442
3921
4764
895
7753
338
9919
4819
1544
1318
4984
5729
9103
5624
1865
9976
8308
6808
7392
5982
4741
3844
7698
1054
9304
9770
1044
7798
8537
4572
4406
7912
88
2239
5388
8993
1506
9360
5634
5972
3527
7934
786
605
6522
8457
2744
4185
4888
2503
232
2180
5711
5797
1628
5132
1330
2758
9390
2519
7961
5410
4123
5623
4404
4557
4435
2301
654
7059
8145
8829
7492
9101
5417
1549
7080
9920
6289
9009
5658
5090
5423
2065
6180
6414
2362
801
6957
8970
9811
9669
633
5973
3310
3598
1598
782
2330
8676
2172
4390
8257
1086
3361
8578
6807
2180
7377
5831
6913
8048
4789
5467
7860
7498
9741
2791
481
4406
845
5488
7604
8497
1225
4443
2927
6697
8627
4565
3146
3435
474
4993
1905
7361
3470
3210
2183
8993
6585
267
7389
7487
7775
7562
2341
1062
382
7020
1670
7669
9583
6690
6332
2124
5449
1669
3981
1038
967
3163
5401
2921
9213
9580
223
4075
9657
6011
2876
1350
4795
3226
3222
1176
50
7249
2605
5103
5593
3512
2381
4479
8512
3247
7134
600
9686
1998
5064
5240
1320
9435
4340
7748
9090
1315
5141
7167
8906
6693
9447
9433
2494
5422
6191
7330
1078
3621
282
7805
3572
44
6777
4608
1590
1263
2508
290
7274
3050
5291
3549
4125
4124
4435
9296
6009
8247
4737
828
1288
8348
5298
3835
5482
2330
8499
7123
8077
9776
4484
5675
3739
9619
6614
2164
2514
8542
3985
4488
4420
5223
7812
2010
4010
3888
683
9540
9081
8117
1829
8588
6416
6161
4917
3016
4113
8250
3360
1615
8509
5696
3977
9301
3479
6095
5188
8303
7770
5280
441
4607
8225
9213
2281
5120
1301
3006
7171
4160
4341
6977
1408
2221
7667
7433
5179
4621
75
9680
1564
7169
6047
3816
9617
7891
1883
2860
4792
9899
7565
835
8720
128
743
2473
1539
5342
499
8668
7180
1343
9396
8604
7785
5044
8487
3871
7193
611
7295
5229
3618
188
5918
9773
3715
9226
4800
4893
9771
1419
9074
3568
3373
1273
9092
4506
8169
2934
9084
9834
876
6177
7734
9669
7720
4799
504
7349
466
6169
5899
6059
9025
3256
680
874
3773
2351
931
3462
1994
7066
7332
8969
4985
5274
3737
3771
4372
4151
198
1755
9498
8727
5063
1984
4070
9169
4428
8825
3283
328
209
3419
8339
7864
2585
5080
1
8956
8000
5140
4063
5403
1352
2558
6287
45
384
9003
9297
9248
9629
1046
9006
7621
6446
2431
3996
4078
2099
2422
4473
4675
407
6346
6866
7932
4590
1883
9286
2330
5018
1497
3774
9836
5886
2015
3208
6920
828
7063
8558
455
6652
468
9775
8083
9339
586
8853
826
2641
9168
6558
6273
997
8996
2943
6742
9781
6053
3176
2049
4984
7617
5993
9073
3399
216
650
7534
1922
8416
2952
9698
4704
7130
9174
1856
5798
4536
217
5302
6502
2239
277
2724
4726
5091
735
7223
5214
904
2772
1867
4305
3849
1629
1847
6369
8723
6707
135
6999
4806
6825
8078
8309
3921
6383
8097
844
1297
8063
8998
6525
9165
8516
1480
914
8055
5301
4752
3720
3204
2198
6386
419
5487
4891
8924
6245
9357
4797
3998
2488
3628
6732
2163
4606
8817
659
6587
3546
8064
5107
4143
2605
1757
8567
9386
2588
9635
2951
2257
7451
4295
4571
9673
8916
8515
46
2218
4318
4341
8144
1150
4074
5086
1
7819
8914
330
9143
6785
6111
7205
6264
6836
6004
333
7162
710
1225
6123
4361
8721
4433
7032
5196
4167
7604
7428
2268
9750
2963
3781
3547
2261
2747
1093
7316
1744
4077
4526
7297
4050
7358
3847
9171
9907
9296
5379
4541
5362
1787
8461
9464
788
3893
9761
6846
9813
9308
1843
4051
5748
8169
996
2637
8232
9414
8379
9936
9418
8803
5412
2884
1238
3552
4206
6141
4301
8030
7408
6389
1767
6875
7841
3790
6634
7902
1536
5884
4097
5988
216
6667
5681
3537
3421
6747
3689
3845
7411
6600
6881
3878
1216
5891
3747
4541
4103
4542
6938
5532
269
3896
2776
7860
7079
4772
4418
9660
7175
8177
6581
7926
3232
6571
4034
3081
3815
5726
4263
9222
8056
8502
493
6489
3320
3444
8351
3926
6036
8853
9670
6918
17
1326
6608
5855
624
5200
355
3248
1942
1432
6160
1345
964
7567
9617
4322
7495
3028
8394
1349
6345
6794
3825
8693
9648
9399
1804
3670
8153
7869
3968
6197
8839
9824
5884
8650
9512
3862
6783
6703
5154
8490
3260
8731
3723
6774
1243
5853
4694
5717
6148
3278
9095
7068
9465
2614
8300
9848
5787
1950
2922
7760
9689
4447
5346
9194
8796
3234
3027
170
7549
7484
1465
9898
4440
1969
4325
8232
46
4254
4389
1926
1166
5356
4291
6280
6103
3384
8667
238
3534
8769
2082
8869
1344
109
5487
8033
3738
2732
7825
2939
9888
1980
2288
3293
139
4341
9125
7704
3960
6882
2438
498
1667
8618
7624
9119
8539
4260
5223
9961
4412
2775
7462
4691
7371
9077
8856
6081
4000
5645
5859
7514
2168
7595
6389
6109
3551
2536
7886
7848
6343
2954
2592
435
8745
2793
7018
7378
1923
7407
9260
8821
9710
159
2852
8106
2251
6231
3445
7045
55
1662
4649
2837
2325
608
8247
3207
91
5309
592
6060
9485
3789
1997
5933
3825
209
5520
424
2911
7320
6111
7047
4616
2595
5649
8144
5151
2352
9833
6130
6244
3560
2932
5222
9152
3510
8950
6186
8431
7276
6812
7581
9205
6949
6382
5857
5257
1723
3874
4852
3463
4441
7022
5005
2888
8675
3567
7345
4006
3079
4855
8579
4498
503
2730
7100
6957
3817
590
4065
1221
4592
1003
6858
2265
4729
8431
9717
3359
5473
2584
530
222
8955
3172
1491
6376
1687
9254
4767
7289
82
8649
3333
9289
2788
819
610
1198
1069
5892
11
3956
9656
1844
1272
3621
7931
9015
489
6300
4001
7437
6
9782
4924
9565
6201
9986
7213
1882
8350
6958
924
7616
2058
4792
7554
4653
2622
8997
1759
4834
1573
7795
5395
1683
1621
1097
3418
8337
125
4324
4478
1829
2372
2151
3481
1542
2892
3785
7131
4233
923
1165
8064
9440
9190
9530
6285
5846
9577
1969
1191
7118
5942
8055
6768
2096
4068
5706
6492
8850
4601
478
2052
8161
6817
158
9572
434
3193
9980
4383
108
5005
9491
4571
5838
6170
5630
2369
2877
9271
6868
7467
9843
1171
2994
9664
4640
2573
6502
9710
4533
2864
4202
4113
5558
4294
3676
7986
9325
8275
2262
195
5672
5633
1126
4506
1176
8722
8641
53
8210
4696
1802
1874
4035
7631
6910
1104
7338
4175
4360
4812
2404
1689
6302
5860
2541
3975
8264
1492
1775
2860
7770
2491
1490
9729
408
7001
601
1258
7550
5415
4862
4914
8219
8801
9932
8000
3668
9378
2410
4126
4405
1821
3112
3613
6395
4810
7649
4803
3061
1729
12
647
2586
3659
3645
2226
7329
8980
6730
8937
4083
5960
403
220
7720
9621
8928
3906
1624
2711
5509
145
8984
2398
3631
7898
8842
3814
2981
5027
4315
9015
7882
5353
8425
5678
4408
6878
9495
8886
180
3638
7181
5387
2137
8753
7463
4755
8488
3812
6845
2579
2162
3268
1110
1521
8246
7880
3932
6730
5282
7761
343
5700
8960
9921
3405
9544
4045
8685
4484
2150
5012
151
5883
5260
5267
3083
1946
4635
3733
9126
6947
7885
3878
8609
1677
17
658
7543
547
6451
6006
115
1073
8188
6236
4421
4414
4741
9246
6713
8124
222
5683
5797
3829
4128
7796
7532
3492
499
5425
4701
9946
2697
3484
319
1871
2695
542
7731
9608
6694
5778
8603
2937
184
4797
4574
7362
5892
7538
9958
9189
5086
9338
9551
8136
9984
6460
6431
1807
1436
2594
7990
7301
3825
7580
4164
5020
6903
822
2649
7629
8625
6984
4599
9535
3268
1715
1774
2298
2385
6603
6684
57
1278
8904
7805
3998
34
3739
8655
9090
5161
3708
7430
1898
1969
6022
3754
165
173
3334
8798
7959
2272
8867
6387
3111
4128
6425
485
2052
9856
8155
1302
5809
8513
1194
3122
8663
4044
9642
8442
7113
8409
2859
9718
3503
6157
3917
9510
2491
332
1022
4115
9096
1508
1934
6453
7730
3794
6008
7783
8934
5787
2465
4102
5175
1881
2841
4656
2160
8834
4321
3213
4867
6548
1836
9655
1815
6003
745
4813
9214
6365
4892
7778
3588
6224
1334
9482
8271
8442
803
5370
1052
2792
2776
6552
4115
2588
2389
2469
4570
5027
1277
517
2737
6865
5432
1543
1432
8844
8963
3444
5123
3639
7676
7220
7009
9241
5094
4505
7425
139
2893
9549
2385
1221
5355
6065
6501
2636
6225
3063
3584
2404
1637
1429
4381
5268
6953
2216
3040
2682
3696
2174
8772
7481
4049
7811
63
1988
6772
4780
6834
1684
5932
2382
7452
3173
7212
7543
2609
9286
9624
9324
7
7613
2359
2000
9330
3301
2212
1188
9460
3480
369
5568
2019
722
8796
1860
5206
8693
1251
7172
5546
770
5565
7992
6100
6676
6818
4041
8186
2816
699
1762
7553
450
5506
5661
3330
2592
2038
3443
7755
3528
6395
5230
6167
7361
6699
768
1935
9483
5116
5026
9770
1670
3153
5602
4819
9842
808
7082
3453
4118
5586
717
7038
8494
4118
9904
5808
7181
6886
2131
6333
871
3120
1457
9861
7510
2692
596
3631
4288
9395
8187
1470
6591
3535
2747
9581
920
8713
4522
2524
5216
9538
6384
5373
6871
9367
1535
4922
7064
711
8872
209
4254
6080
1402
2263
6695
7805
3282
6573
8193
8248
6293
9531
8741
2170
2496
9134
8796
2304
4559
776
182
7007
7131
622
1784
104
6483
9449
1997
4211
4544
7603
539
8414
5353
1234
8560
2349
6907
4538
9540
5106
4934
2652
8644
6165
9719
780
221
6608
9666
1096
3814
5152
5543
9592
9402
4444
1603
9730
1042
5981
4950
2162
7538
5266
6232
9788
4809
3742
2349
9934
2963
7244
1715
4633
2767
4127
6034
1071
2040
2999
5864
3545
3637
708
7437
1224
1686
2990
9202
9262
4889
4826
8462
5184
388
4005
6114
4543
4958
4014
9428
8740
1834
4962
6985
787
3622
2036
4055
5775
180
2702
3283
1755
8397
8926
4980
7945
3141
7057
6988
2626
2089
2895
3066
9654
7060
4483
6298
4325
288
1435
4518
5977
7565
5682
5833
9858
4602
5451
5919
8398
2944
9311
6069
2750
7805
96
8391
9490
4796
1107
2849
7396
5418
2135
9075
9677
6269
489
5214
1804
6435
7419
2050
3226
7288
2784
5873
6916
643
6685
3403
3978
3706
2231
2069
6743
7803
607
8972
4998
894
3826
9197
9538
1526
6603
2568
3491
4831
8110
4225
5084
2155
9423
5721
3259
6591
9440
4948
6715
6752
3095
7933
5001
6490
5264
8845
2244
4167
20
2820
3877
6394
5593
4332
5554
2080
4773
1348
1364
6112
3505
1454
1818
574
4516
2200
2538
8150
3789
3733
780
2857
7829
2272
4863
1355
7531
3227
5166
7287
1058
7088
8035
4866
9920
9929
7657
5079
3169
2014
7480
4497
2595
3173
6545
2975
4657
503
8460
9853
5910
8387
7140
4643
8768
3497
7421
2513
2852
2644
6769
9770
3657
3094
2120
5771
8428
3052
8746
5335
2418
4903
2471
2329
8185
3163
5180
4752
2268
7821
4809
6990
2306
1618
9716
836
3536
559
6679
9199
833
863
7586
4562
7250
643
5792
3265
5210
5382
9202
9486
2003
3704
4867
4994
830
6429
393
9741
8528
7807
798
6980
369
577
886
3976
8918
4604
1100
6982
8685
9601
1705
6863
4269
30
4151
2165
9717
1702
4471
2925
5572
6183
5653
4877
9905
5590
7603
132
4498
3457
4301
9130
1339
3384
589
810
7225
2134
3231
7207
8983
5928
3736
6479
5289
8226
9504
1337
3427
1307
3374
4192
1241
3587
5917
5052
4492
4113
9880
3446
3374
6790
3845
6648
5048
4761
578
7232
1234
4030
791
7726
7111
1677
3119
409
9250
5636
4346
5282
1812
718
7449
5407
2119
7479
2552
9635
5489
6302
8861
233
1408
8511
7948
7503
7517
4346
3214
194
7486
6858
7261
6065
9746
6585
1192
94
5222
7255
6328
8329
3608
2867
7651
3459
6700
9938
3475
6925
9947
7563
3757
9199
3392
7573
7351
5545
6854
5567
8468
1262
2850
8996
6314
2875
4549
603
5039
6003
3634
4495
4698
5460
8516
460
6336
3865
3560
2083
2054
6327
9204
332
3387
3282
9744
3680
8136
1879
7990
6573
1668
6008
9192
3558
904
297
9636
5782
4181
7936
3102
2497
1717
1543
9510
3439
7132
8643
4635
9991
4527
2410
3596
4914
3418
2142
6092
9394
6668
1163
3608
3409
1048
4820
572
1970
2838
1610
9511
8186
4772
6505
6639
1838
4801
7165
4102
1947
5565
5056
3600
5735
8846
650
3515
1494
5332
1254
304
9714
3362
1755
2638
5543
283
6777
5351
5736
6605
2240
660
1900
4282
749
4685
2729
247
6306
9684
6653
9385
7827
7700
2860
582
4453
7249
3202
8604
8315
7168
7043
4724
1846
6758
4979
7803
4182
120
778
9150
8161
2422
4260
4345
6970
5262
7787
365
2969
9100
8070
2124
9830
6587
2167
2854
8826
5526
234
5425
2843
4119
26
4616
1657
5111
4589
5341
5022
523
6891
8870
3443
3854
6625
2344
4377
690
5200
2738
4290
7544
2343
8308
3866
5854
1028
641
7175
7466
4344
537
8257
4054
4732
7426
9945
6587
5608
4983
4619
5170
3849
6707
6612
6470
1654
3677
4694
9160
3108
3670
2750
2068
3384
4404
3047
2746
1952
1326
9491
5603
4629
7713
3191
4008
3285
277
6696
8723
120
6461
4537
6644
2262
5553
1070
4458
4737
6029
6662
5851
2045
1458
7022
9974
9977
2282
956
1236
4442
8530
3034
6232
1333
5957
930
4093
5337
4537
9915
7172
6182
197
5295
2717
5136
610
8278
1282
96
2744
7346
4286
5272
6991
7085
3974
8597
6692
1239
7707
8119
7160
9338
4301
7881
4996
8872
8608
7833
6346
9943
96
9501
17
8153
8679
7347
24
3834
6547
724
8972
320
9318
1762
4239
4597
6208
8738
3170
9577
83
1584
6235
9983
3359
7255
8116
7757
8278
6538
3725
1349
7215
9363
1456
7257
5554
3249
2368
9971
3194
2288
4360
1524
6430
2618
6699
3688
3960
1066
5656
224
7514
9570
3364
7078
3273
3066
7232
8280
9631
3479
1560
3873
8859
8277
956
8656
2567
8254
5067
1859
8411
1869
4651
8121
4443
6921
9452
6801
2771
3707
5915
4695
4832
9638
4033
6726
9978
8315
4506
3774
7226
3679
8037
3308
8324
7381
511
2973
2033
3171
4289
7092
499
817
881
4720
733
1958
2631
1102
5859
1002
8988
2424
1148
3598
5914
2352
5350
7831
3339
6488
2432
5445
4181
9774
1001
9358
5908
7900
4628
6462
282
5238
4600
1974
3530
3195
4002
411
8241
3610
1156
9576
9342
1558
6875
896
3297
9968
1366
3665
7742
9290
3353
6304
4671
8567
1711
310
6675
4775
211
3770
3350
4797
1688
7016
7475
6619
1270
6831
7796
7871
3626
4982
4483
4864
4899
8257
6932
2806
4303
1645
5726
9224
8164
8970
4563
8325
2312
9970
5389
8017
5391
1209
4656
8417
3663
4638
9558
3836
9070
6664
3500
3003
1872
2734
6913
2311
9269
3157
5523
1284
7080
4461
4296
7905
2858
9988
2055
5181
4768
5861
5405
4634
3010
2404
4250
4641
2897
791
2299
3835
9184
3660
7648
2327
2124
8221
7142
3891
9139
3811
4197
802
8916
1236
9359
8441
4758
2983
9958
7849
4839
5340
8913
9418
9335
2705
9227
6673
2366
1112
959
3084
2807
8925
2440
5155
6198
5686
2252
9536
3814
3741
8918
8202
3888
6150
3729
4438
3317
5749
1445
6017
9359
6516
9109
751
6732
1853
4616
7617
4188
9110
2266
8531
7859
5360
7090
5387
3115
436
2102
6666
3044
4752
4856
7567
8602
6748
4962
2441
7095
9808
107
922
3306
1838
7851
6779
4885
9080
8366
9757
8167
2405
7271
3670
870
6435
569
2263
5908
7381
3654
5380
166
4547
2653
8649
7344
8097
6190
8699
806
6051
3142
1424
7297
6548
773
4432
3161
1560
5992
6015
9630
9130
4152
353
9741
8564
9068
5971
12
750
4451
2507
2499
4385
7156
1628
7886
1655
3172
8380
7202
3137
4376
8323
9402
1616
2701
1859
9882
8809
1737
2078
7913
9082
328
9335
9659
5055
6072
6076
4578
3192
9014
7926
1917
9421
3811
9398
3423
9819
9740
2158
5765
1640
8480
5461
569
8358
1437
4421
4177
6557
1930
7725
6327
8178
8290
3050
6048
7723
6396
3766
918
4722
1013
8015
4261
5416
7331
7957
7366
1738
4956
6454
8833
1393
8030
3457
4862
560
5660
6599
7489
7783
2868
8441
5562
5752
986
2059
5907
6024
3273
1534
12
23
3715
3082
7378
2590
874
5651
9604
380
973
4265
2247
7773
446
4093
7478
8591
6648
1542
9427
9998
7391
887
2011
5807
7317
3757
9291
7833
3059
8957
8176
4288
9315
8125
353
5240
9720
5660
1786
1080
8558
257
9523
4393
8497
1198
6638
1355
3992
9287
248
1406
5129
2392
603
6609
2277
4945
925
8563
5553
1198
5598
1865
5843
4939
1597
301
4430
8049
1812
6247
9958
4141
9200
1449
4938
1260
3216
4930
1484
3846
5812
5819
8657
3765
3903
1165
8529
1491
6141
4042
6652
4565
7891
3994
1534
8650
4378
7725
4472
4313
5755
9888
1300
5335
7136
4675
7763
9539
7639
1583
7102
647
9101
8346
364
7300
9744
1234
1633
6175
8503
3311
3720
4137
2930
282
2576
9083
8660
6565
9336
78
8817
3732
2785
7301
5646
2654
5515
5763
1644
4125
9568
2787
7349
1604
1274
846
9084
1024
1214
8237
2237
2984
2142
8589
5839
7113
5033
4311
6846
6790
5891
2113
3183
7882
4658
215
9281
3009
7018
105
9571
5692
3847
4666
900
1024
318
3254
6597
8847
9392
3363
4648
8161
5902
888
617
4140
569
5904
7741
2724
4591
7073
4135
3523
7937
726
541
5945
1944
8957
7366
7342
9933
3390
1038
3029
649
1781
8088
8052
5903
7661
4523
4638
6596
596
1889
5723
5343
936
2404
5485
4930
4115
1275
8211
3
3457
5662
675
4184
3565
1853
6399
86
4869
9516
5161
778
125
2250
5765
5259
8644
794
2073
4960
6982
5324
3367
4776
3878
847
3254
5547
3725
9354
5215
298
3384
1827
4219
2587
3465
7223
1016
5585
6382
1501
9781
73
7293
6012
1470
4679
7018
8361
288
3440
2798
4847
4699
8103
7492
973
1710
6241
304
7204
3565
463
4687
3558
681
9906
4814
4283
283
283
2229
3871
6506
5877
4472
1631
2042
7273
1055
4106
7636
5042
360
4554
760
4131
5383
216
7991
1840
9311
797
7200
488
4107
6235
3258
1881
8928
1518
301
3580
5229
8034
98
171
1213
3457
7618
301
5495
4222
6291
6915
6156
7491
9263
8076
8834
7099
8438
2470
9009
6567
9576
7795
6428
3085
7379
9937
5990
2798
3142
46
2683
925
1163
2324
7381
9038
6713
9832
2848
8539
8022
3456
6160
6605
9106
1409
9691
5192
1610
1862
7667
4168
3152
2489
9308
9692
8002
4358
5073
5681
7084
3408
2733
5385
5278
2348
9499
2905
4533
3452
1439
6985
5658
9235
8763
6826
6204
3850
6294
9437
1693
1343
3009
2326
4269
1628
1866
1909
9717
8327
5179
3516
5031
1069
8698
8041
9431
9898
9729
9691
761
5780
6998
1445
8338
3320
1646
24
9544
8368
615
116
5097
2378
6980
3265
6201
1438
9116
3347
9294
551
5738
3557
5512
7983
598
7012
1081
8026
1544
4611
2708
3209
9779
9188
2501
9142
5401
4776
9097
9004
8564
4090
1965
5847
3936
587
9899
4508
7294
1368
9497
3496
5757
410
4056
5497
7884
6112
5731
9027
2855
8316
2538
640
1072
3430
6705
643
8529
3568
3446
4329
9162
4641
3477
1188
4555
2854
8575
9765
5725
7517
4527
5712
4255
2406
7660
2500
7129
3501
6979
1137
5307
8438
6702
7375
1658
3677
6261
8509
1736
1624
7991
6330
1652
1093
4247
1246
2282
5220
1126
4067
2823
3202
2124
6066
3906
6783
3262
1800
8604
2402
8946
889
6990
3183
9968
9718
8805
9984
4608
8418
6019
908
2252
8483
1051
9733
7888
9974
1289
4069
308
4492
6282
1188
8192
1329
5783
132
8783
8356
1325
7801
334
7526
1858
6715
4581
1968
4111
992
4186
192
6610
5866
4174
3912
2711
7605
5530
6748
770
3024
3000
9537
9354
6685
3148
3238
3366
1631
5043
5996
617
7618
1544
6393
5551
674
9486
6773
1637
3579
3833
3954
2644
815
5252
9804
9234
6814
3094
8640
2033
9976
1726
2280
4435
2213
2189
5989
2412
1873
1224
6318
1224
4614
6781
5516
1743
2671
1183
2916
8800
8106
7973
9591
63
9206
6829
2740
7676
9459
9235
5870
2645
2435
4946
9409
7280
4428
4542
52
6607
3170
3864
5534
4888
2629
6594
7405
5489
2700
6050
4903
6391
4482
5527
6279
2929
6167
667
7540
6511
2754
2037
755
4714
356
659
3778
8902
9927
8036
5485
2161
2710
3607
7627
9657
8083
3121
8542
780
5230
9598
3998
8177
6972
138
8508
4808
6378
7704
9798
5291
7198
6907
1287
681
3960
4679
2783
2564
6748
653
6570
5537
1322
4452
915
8336
4714
5131
4783
6724
3408
4442
303
2670
2336
8372
5112
1462
885
6539
1800
8477
7812
3104
4190
443
3478
8209
4216
8764
5437
3503
2498
5225
5099
549
8138
9251
3332
129
6947
9756
423
7709
9616
4911
8424
5260
9715
3756
5486
6485
2488
3575
7013
3467
3498
7021
2045
9918
1300
9545
5404
332
7506
6795
9184
3017
6505
8210
2051
7871
9013
335
7835
7252
663
6300
2351
7706
1534
1273
7137
3124
6679
4819
9900
2030
2449
1138
4026
6704
4523
2991
6520
28
9132
8204
2996
8150
9077
7004
1350
3388
2605
7875
4748
1916
6676
5220
6259
8694
8775
1742
2379
9796
7430
9441
5691
5876
6256
1848
856
2555
7108
6009
6851
3527
9672
3182
6646
4786
6269
6567
3922
385
8214
8024
2988
8455
6525
1159
1491
3684
256
7155
6320
3574
8683
3476
5029
898
8254
2775
6255
1452
5886
3508
2864
8338
1493
9065
4443
9164
5147
7996
4595
8136
946
1183
2509
6471
5149
9874
9653
6429
1176
9908
6901
9793
1409
3732
9771
161
8450
6384
1499
3104
782
7238
1056
2361
8778
2082
2270
7586
7844
9276
7371
1722
7213
4901
6581
2860
9299
1661
1417
2022
2285
5593
2364
2592
8728
8035
4549
7178
9233
4613
357
9603
8729
7855
2092
7435
6344
2702
9009
9587
9817
2784
132
5869
4044
7876
8850
2641
2021
7489
6967
838
1221
9564
2309
3167
2188
6702
4916
7921
5701
3729
3373
5912
800
7170
6489
7857
1758
543
1222
1935
6586
9792
5888
3051
6846
3023
4057
8674
8081
3459
1668
2012
4947
9051
7792
220
1824
3411
7465
9140
7033
7823
6143
7670
3960
5016
2273
8726
2818
2447
4167
3760
2871
55
311
853
7909
5692
5835
3307
3743
5716
1083
3440
7119
3852
9441
3581
1304
9424
4408
9402
3223
8038
5814
8127
9991
6181
2537
7548
9696
4044
7999
8363
8154
4881
1996
4059
9049
202
3460
33
1602
5171
2857
6574
2958
4239
9748
8251
1706
1438
5178
5200
372
398
9085
1724
2238
5898
3848
7509
5441
6314
7292
4569
7269
6751
4152
9934
1243
4389
4065
1758
2339
8154
4395
767
4502
7749
9501
4449
7692
6483
7617
3011
6708
1024
3995
3653
5820
4599
3783
4789
709
1825
2143
9524
7598
8706
8839
1968
2439
523
2953
823
5538
1747
8950
3389
2054
9490
1546
5926
5457
1074
3727
1395
2869
357
8077
9726
1564
2229
8372
9949
7486
2137
8228
157
1049
1546
1098
9139
1768
8279
3962
3661
7184
1633
4216
2288
7807
2764
399
4528
2910
2599
7086
9754
4891
7623
7246
431
7401
3040
2029
1543
7129
9234
7847
8958
4611
6979
649
7809
1736
2078
8747
9655
884
7737
6124
170
1839
6934
1683
5170
5862
5649
4550
5322
8931
9687
754
6790
3878
2671
2088
58
4317
3628
8719
2448
7179
2513
8051
5770
9357
2195
331
4559
9816
3712
3232
9298
3479
9223
2480
8498
5429
5547
844
3494
4886
7651
159
7013
8498
246
7141
8030
2363
2895
1410
5017
5412
8224
1776
2262
8187
2373
5378
2638
8467
7499
6474
2338
5508
2968
4329
3641
2501
1843
2941
7456
6539
5032
285
5717
9477
1840
308
6093
4430
2098
3970
1793
8804
8930
7013
4458
8163
7422
844
5764
6784
7286
3471
6082
8322
6855
8902
1825
5191
453
6590
169
8126
4440
5342
4696
8859
6243
2499
1683
5339
1363
3456
3927
7907
6517
8141
8425
4833
9181
9229
485
4822
8115
8117
3349
6951
9604
5619
8371
930
1383
9139
7840
8689
4350
9231
3981
5565
9282
4603
9011
1947
3220
9850
6550
2353
6221
7763
9349
6823
99
18
9158
6780
5425
3488
1823
9707
187
1431
6595
7976
4044
5630
4479
9830
2124
3882
5839
8981
5414
4898
2943
1927
6477
6773
4463
258
5806
3820
6920
6390
1995
9458
2202
7089
4016
1928
7090
9376
9965
2859
1944
9923
631
5458
314
7146
4210
2801
4546
7226
8820
1291
3314
2242
1677
8367
1329
270
8922
879
8585
1687
4461
1269
4016
279
3183
7143
9173
3415
6099
30
8322
4134
4754
842
573
6951
9594
7516
3840
8072
8575
6553
9604
7195
2201
4164
5126
6636
1095
9976
3220
171
897
1032
314
3196
935
3458
7127
2596
8202
7223
1082
5463
1687
3809
6547
1413
8385
1363
9478
2000
4405
1291
1909
725
4295
1411
7094
2261
2442
6143
8257
4779
840
2588
8360
3152
5319
986
4879
7711
6026
8263
7674
7791
8870
5612
1079
5561
5214
3300
3018
1412
9684
143
2190
1652
3497
5494
8519
2288
9915
7985
9371
6571
3946
4958
6780
3880
7597
855
3135
2594
3514
730
3213
3635
8662
5103
8190
6015
9335
5180
8848
402
8073
81
986
3376
9927
6302
359
2790
2213
9885
2793
9296
5133
2792
9602
4846
6990
6948
9197
2646
1700
6013
3932
7818
380
5155
8752
9042
8542
2231
593
66
4227
327
6316
7102
8233
4003
5939
1290
8494
9595
3979
4675
9424
4515
2014
6680
1041
3427
991
955
5145
3275
3073
3110
3277
8368
182
4323
3571
6115
9200
1949
9643
9414
7731
4180
2661
1104
8328
1633
6532
1861
3604
3108
3000
3229
3128
1477
5626
9075
4271
3656
8059
94
9801
9238
8251
7210
5899
6094
7192
9161
1622
5922
9749
4557
1017
4552
6207
306
2718
26
4259
340
7532
9737
269
5674
2081
5890
4213
6771
5781
1562
5501
9483
9545
6309
3088
250
7012
4938
9434
4877
9628
9692
2784
314
7447
7040
2283
2872
791
4586
6934
9609
6089
5639
7349
4895
4046
6389
6242
2032
8285
6728
1168
2678
3222
1271
2418
6870
6985
8340
4981
1417
4705
2518
3281
1455
6273
5438
8107
4878
2926
5333
5811
3944
2926
5758
5257
6993
7565
4201
7924
4099
3101
939
1291
7287
4986
9797
162
2224
202
5662
2403
4789
5085
7373
6905
7769
8112
3584
6239
8741
4248
1704
2430
7876
4032
6287
2922
6879
3417
6021
5651
1022
7021
8719
7156
7056
4387
1166
7527
6858
7124
5921
188
314
5001
3033
8213
4314
9807
1089
6665
9475
2197
273
7543
2839
2711
1864
4460
5654
678
4980
1999
7759
8623
4599
5505
4426
2216
5952
7774
9418
3849
8813
2205
9177
7827
6465
6439
8046
1961
4863
2750
6691
1649
3488
7158
304
3481
361
9192
2145
8562
4711
4551
4193
3086
5390
6271
9095
946
5015
1659
7124
2584
7072
9669
6604
5024
7319
7303
8722
112
2326
8750
7008
5598
1168
6178
9766
1956
2780
8084
2355
8497
1920
2675
2165
627
2154
3816
3042
3429
9604
7041
9616
4979
5710
2663
3658
7565
1077
9597
8025
9111
9823
7636
8308
3215
3194
2397
5632
9200
731
3880
8394
6579
2027
3989
2933
6138
780
554
7539
6144
6558
668
3993
9503
3250
9821
1519
6207
2935
7707
9324
2390
9759
5187
9613
6749
6961
7872
6374
9475
613
6348
4979
4062
3425
1182
7439
1531
3935
1627
3630
8140
1472
964
2952
7698
7185
3311
977
6957
7231
2967
8358
2648
6991
2910
3060
6799
1393
6500
5037
4065
4441
1067
7889
8646
976
3451
3934
4593
2930
6809
6771
6296
5761
6157
8865
6507
5136
5311
7272
4634
6283
4965
5496
6464
489
7003
7129
9578
6642
2693
6218
8269
6746
7418
955
893
7131
2146
7658
8845
9130
9116
7359
1951
9142
2529
5176
2940
4146
9300
8117
7422
7501
3843
3063
1052
7274
6355
6203
1756
9270
3736
8238
2439
265
264
167
1509
4400
515
8910
853
9852
8254
8608
3298
4318
4152
3629
6578
5065
2983
152
8529
5912
848
8203
158
6501
635
7183
1668
1973
1687
1033
9076
6039
642
5604
1286
6108
4624
727
2469
1487
4798
5735
3832
1285
8618
9650
2393
1402
3513
2788
966
3497
5132
7323
6466
8859
7977
5352
1983
8173
3545
8950
7397
3570
3919
3224
8005
1343
2306
6016
9896
2591
5670
9567
7086
7603
1660
1083
4232
3353
2518
963
5915
2738
2871
3774
8673
238
1928
2374
5285
5406
2307
3791
6183
2510
6352
9826
8291
2899
9139
6767
9144
383
8158
2146
1001
2860
8768
2384
3347
7199
6470
9843
7298
8896
1947
6576
906
7322
8526
8793
5267
5341
684
7164
3970
2562
9472
3918
843
8950
8517
2661
6159
7829
8568
7058
7481
3802
4891
575
2168
4178
2901
84
9516
2678
7654
1409
229
5836
4290
1297
2139
3567
5121
5701
3826
5172
4091
788
5554
2444
8015
2313
425
3046
5920
5083
3649
377
4258
3606
2559
6586
7804
9522
3
592
7370
1260
9187
9693
5730
8795
3133
5751
6829
6451
9385
4441
6650
8543
7472
5295
2919
7531
6200
4931
6751
2677
1810
2333
697
8878
1932
708
3063
9351
4062
6294
7543
1215
6562
2648
7736
9641
7909
7080
1593
5339
853
6887
3629
8738
8819
9915
8727
8209
3706
8878
86
2278
9668
7748
7620
3834
7246
3507
2563
1042
6722
6708
3952
231
3032
4460
1184
3798
9344
3584
2606
5295
5259
1292
7668
850
1487
2360
273
7761
1164
2154
1417
3795
8731
9852
7572
7591
2362
7305
5090
4903
1977
9532
3286
316
5973
9233
4030
3
8438
5307
3017
1479
44
9177
1051
1118
8360
6781
8951
6565
577
7605
6063
782
6290
241
5436
8236
5679
8805
2152
8255
888
2170
8808
3154
49
5685
3306
6326
5823
4514
9510
525
1336
2119
918
1256
3811
4101
3372
7063
2899
8506
953
4615
4536
9742
5104
3744
827
7705
757
7957
9513
9306
2064
212
5011
5950
5637
9041
1013
7327
4353
6906
2599
141
6815
241
153
6965
7755
8213
2963
4661
1649
5167
2724
2108
1038
4347
7961
7335
8424
9701
3897
2244
5909
477
5360
1001
2425
2928
4657
573
1367
8173
9631
7488
4550
4877
2065
1778
5
7954
5098
6336
4790
4406
3280
2690
8058
7365
2964
7304
1899
7094
8765
9863
8164
9786
913
9994
3524
5961
697
3751
3581
5325
3164
1130
7476
2912
7877
7829
8170
2785
7562
2470
8168
5050
1765
7588
5150
5032
4940
2469
8705
2482
1184
4730
6517
9536
1852
3557
4607
8821
5937
9036
5057
7402
1419
314
4085
927
1002
7360
7532
2637
7594
6956
1383
7238
5340
7463
1019
7012
4724
1155
3633
2911
303
3583
9989
3646
9864
171
6975
9475
7810
6145
8671
820
7032
7085
8477
8207
6739
956
8987
8991
509
9024
3107
8397
16
4389
1400
115
1413
1650
1892
2163
4597
8877
4797
2188
7174
78
4245
412
6937
1552
3224
2360
6859
3078
9567
1767
2945
2291
7806
9075
8986
6118
5024
3113
1675
4222
7707
5914
6562
6764
4512
306
5810
5702
980
4293
1463
2737
1512
9638
5660
3409
2638
2143
8620
2642
8177
5386
1509
1068
1421
8625
3601
2801
1228
3262
607
6224
781
3645
8833
8397
6368
2199
1736
8210
6041
3255
6844
1346
495
2924
6430
4943
6949
3670
45
704
4118
5491
9930
4248
7709
719
2197
8519
4056
374
7174
2054
8949
4730
3998
6897
2547
5476
6622
643
7584
3284
2692
3396
1620
6801
8968
9930
5919
3738
9977
5240
6374
2564
9339
8227
6708
5142
3457
6050
9513
7310
9212
617
9649
4205
3576
389
8637
1204
4853
763
1062
1158
5524
8381
3723
7282
3372
3301
9218
2572
1563
2719
4493
8716
2921
5349
4926
267
7414
7
2466
6847
410
1638
1677
920
6339
4710
6238
345
345
9981
7059
5778
2636
8123
3693
6784
5726
5290
9004
9539
5993
6390
1356
890
1272
4599
3117
1854
3111
7557
6278
7218
3065
6094
9436
5633
952
2828
1114
7201
7722
2194
6949
3423
7824
2164
6801
912
1350
638
7735
5034
1563
5341
388
9341
7917
3600
9894
334
9667
7368
4232
3663
5770
4459
4104
8002
8514
8215
5979
7905
9228
2833
217
6534
5288
5942
8828
8524
6823
3926
9298
8677
8005
5487
1602
2219
7661
3803
7961
943
9657
3278
5896
5244
2792
22
9734
835
6429
609
1281
8901
3491
8605
7608
4379
6332
7630
8208
6924
320
3061
6243
8085
4937
6014
3370
539
9813
5627
7913
7769
3800
3715
2659
6232
3364
350
9178
4280
1518
3049
2232
8959
4081
6831
5889
6135
5454
8272
7776
1497
8043
8389
6882
8549
2987
568
6723
6703
3064
4669
7112
5314
1615
9918
927
7449
9820
5443
8048
1732
8228
4708
9726
1070
704
199
8503
6947
7784
1895
8426
9652
625
1414
2665
2936
6641
6849
8523
4792
8963
2921
7472
4480
676
2256
7207
7887
5528
9194
1311
9066
7134
3946
4707
3427
1716
9482
5085
4859
5189
518
440
6994
1973
9841
2167
4913
7078
1271
6319
1768
6130
7072
5966
7893
1824
7755
6795
9833
3916
6147
2677
4654
4032
8340
1151
523
9313
4715
1643
8005
7512
5258
1485
612
4981
4378
8132
5253
4356
3183
4411
2401
9291
5871
1121
6952
6345
4784
1451
9194
505
8995
2723
6789
895
8301
140
3064
9390
3139
3080
2269
4841
656
2113
5589
7685
9656
9621
5787
7250
2896
1073
6818
8094
1606
9729
1091
2333
8795
2603
1012
3403
7313
4569
628
3921
7314
9985
2936
3839
8135
9593
4447
1016
5289
6511
9608
1686
3990
4866
5195
3856
1808
9936
3140
738
3730
892
4175
7728
1960
953
2466
9912
8474
7043
9082
2382
1011
7626
718
5306
7118
5502
4903
6643
6196
7229
1085
8236
2401
7992
4730
5712
3971
8262
5714
2569
4372
5570
9083
3302
9202
6054
5599
127
9427
1408
9103
3348
9654
850
6406
1254
9220
9118
2989
128
3822
3202
2869
9801
9060
617
5095
1330
4330
5546
9186
6726
9326
4029
2840
3657
3651
2202
5832
8287
8800
925
4800
5952
3363
590
6992
9869
9603
2253
6655
1829
8952
8510
35
4290
7836
5053
5054
361
8628
8105
8406
5046
4636
6568
8345
9287
2308
3945
9038
4636
3697
7399
8357
601
9904
2615
3000
1894
7010
5222
9377
3899
8016
7482
2468
9632
1632
1156
4405
3539
9233
8041
1085
246
2069
828
9563
681
1028
3580
5883
5970
5019
2181
9796
7636
143
8039
4362
2080
6632
4743
8672
1796
6783
7274
7478
330
2435
8105
1737
7858
8719
3693
2604
3506
1371
1849
7042
8036
2139
2915
6324
4791
5613
855
3946
3636
5789
253
3211
2282
3726
9746
4745
8025
7661
3002
8746
2699
4258
829
8382
4116
6244
9931
1547
6079
6269
8620
8848
1991
9016
8570
4662
9294
1416
1480
2681
141
9409
2098
9917
9854
5121
2003
3597
288
4553
6220
5518
3376
7854
8397
2647
5900
1178
5812
6145
5395
1409
2652
3072
4303
2221
5742
9067
4557
7184
8107
3347
6821
2429
769
1034
3535
8481
8922
903
5599
8831
6332
6295
8667
67
6247
8409
8347
7776
4241
6242
4021
954
7972
6761
8516
94
6831
8249
4017
2728
3150
1027
5852
2593
1531
2157
9884
7808
7533
1118
5751
5825
6438
7215
6629
4887
8174
5969
2108
4503
7714
2750
9793
2254
2200
3367
9277
3450
985
4178
7497
3013
8317
4168
5289
5528
4407
7746
2750
3169
7790
6123
4297
8427
5460
340
9833
9287
638
9498
4095
868
8794
2634
5931
1900
5253
1446
1604
2916
7920
4786
6400
7334
2408
1251
6791
4095
5858
7753
1325
8629
8453
8016
9241
1630
1599
7140
7833
4839
4415
3712
5436
7865
3731
5099
6415
8889
5945
8536
9211
6360
1181
3760
2168
5077
465
4753
6240
7835
8915
1432
4157
7096
7280
2492
7784
8399
3018
6728
5805
9789
6855
3300
914
9917
2712
5325
1692
359
2450
3057
57
3325
7537
8295
7453
3116
4336
8448
6220
7279
7289
2344
190
3604
6736
8838
7556
429
5372
9147
5399
1076
5468
6899
9746
2903
9830
6422
8811
6999
4992
333
1851
7512
7614
7504
1450
7727
402
523
8335
4198
3992
5458
4789
4371
2450
5567
241
6675
2604
1620
7502
7488
4211
2800
4132
7841
495
3131
3257
9458
5129
1347
3696
4059
2658
7612
459
7052
6433
5353
8854
8262
9245
7844
3452
8485
9743
2756
8850
348
1240
5757
6758
9223
7705
3298
5841
2657
5715
1588
5939
1471
9335
5568
8502
2743
3383
9276
9685
8232
3024
5120
4626
6242
9120
8269
3104
6309
161
6077
6831
4161
9102
7891
649
7138
5194
8465
3582
5709
364
1845
864
141
4846
4431
9933
2866
1870
5215
3927
9695
2667
4024
2298
5319
2868
2091
4617
5363
2441
1792
4522
4327
1562
626
9947
2275
8603
9605
8931
6666
6486
3472
1927
3403
4080
498
9020
4810
8039
3415
6125
1808
2738
7624
9565
2282
9402
3523
3136
1440
3452
3487
3135
7736
2877
3708
9875
3781
9695
6483
1508
9235
2506
4079
4156
5607
9259
30
133
1093
8687
2026
3237
192
6187
1619
4979
3030
7469
9445
5533
1838
844
4420
3672
9164
6168
4445
950
1263
7051
4550
6501
670
4154
4872
7191
4964
2387
6007
9382
311
1690
3078
326
2928
300
2417
635
3494
5502
9812
3595
6676
9165
7107
7566
7313
6162
3746
3
709
3775
3534
3428
8263
6679
5060
206
7576
3470
5983
7400
7240
7608
8370
2489
1701
4158
534
1792
2163
1449
9684
7040
7842
3588
4272
2996
3087
9709
2308
8422
3817
2022
9600
6475
4457
3133
4175
1728
8073
7812
8773
8336
6964
4711
6481
6378
8045
3591
975
988
7811
325
6053
7350
7695
5746
9292
7561
1778
8744
794
819
5807
374
178
3177
1757
6329
8700
3072
8377
2775
8612
5194
3863
1293
9483
9106
302
588
4017
6649
3439
2717
1402
9272
4667
9206
8339
3804
5614
1573
1422
8828
5650
59
840
2803
8236
5268
1812
6553
5154
5181
6361
7108
5179
8376
7494
3292
3565
2534
6056
9767
639
586
3
628
1885
444
7895
9763
6191
9294
1970
570
8648
4898
6894
1400
1735
4832
1511
7692
4383
3204
1088
8567
2930
9989
3349
1515
4866
616
2608
6480
9088
1881
4192
3946
7240
443
4145
2102
9656
8652
2551
8465
7774
6708
8246
6415
5232
7966
8609
4686
6927
5725
1863
7992
8567
7290
6890
2297
5449
6424
475
7179
1819
6888
3512
1716
8021
4212
9751
2947
443
2608
1131
1255
1267
7564
8188
2537
868
26
6356
3138
2824
8068
8225
1155
8051
8569
9131
4952
8625
1976
5423
6927
5218
2943
714
3780
9650
1555
9522
232
6599
7576
2240
517
3622
1127
263
7443
563
5268
6906
564
573
7890
8177
323
1631
8403
4904
496
9198
3913
7098
2672
2107
2955
1565
13
8297
4381
2641
7614
1550
7758
6542
5542
3755
761
5287
3695
2538
6020
1678
4388
6737
2433
1414
6515
8926
1609
2821
1006
7788
5504
2114
9382
1873
8511
7419
7535
1224
5889
9070
1206
8982
8873
7257
6959
8712
1383
6437
7010
7712
5257
6471
8437
4816
4225
6046
6167
9276
6945
1670
520
4315
1082
766
9433
9056
4633
1947
7747
4940
9525
4766
858
5561
9685
3597
9480
4105
6507
6758
2491
8912
1989
3249
4578
912
1994
9083
7790
3446
4477
7482
9158
6701
5500
2134
7612
7954
412
8546
4778
8141
4685
61
5163
3301
536
7474
4288
560
6589
692
9285
6428
2401
6654
6132
2812
9359
3317
1815
3353
8562
408
4252
4678
5839
1560
1460
8696
8219
2715
1822
939
892
8928
3484
9423
8553
7447
170
1065
2967
4431
6961
895
7899
9561
7015
3773
8587
7792
754
6569
4890
4322
7394
3342
5942
8864
4380
875
4144
9712
8255
2069
4365
5449
6378
580
7192
8674
8608
2972
5728
5345
1284
7444
8072
4284
2063
5655
8751
3921
2550
2082
8372
8492
1614
2484
1931
4256
5852
4648
8710
2100
6732
5834
1480
278
9345
9830
4887
6132
2602
5611
4916
9959
1970
5088
3496
9869
3384
3408
6570
5723
9788
5245
5460
2219
6805
3222
350
9414
805
1997
4522
9417
8942
8081
2663
4692
2158
4989
146
8497
4217
3662
6519
1186
9890
4660
1442
7975
7756
1465
8338
7453
3406
4167
788
6445
5185
3683
2651
9010
2908
1597
654
6503
2228
3172
818
498
7578
1223
7640
7195
7113
7017
9018
7645
1648
3330
3523
7469
6311
3473
2436
9245
5030
8615
7750
5236
6832
4369
6468
6655
3728
7535
3427
4621
521
3311
2945
7879
9720
4333
4579
8315
7266
6219
2784
6340
7120
8443
5592
202
8183
7222
3240
3307
3172
5944
3113
561
7446
7936
4852
5905
9290
2086
9592
2938
1510
6050
1232
5617
8128
8611
5868
4488
1913
6375
2447
4615
2748
9309
8636
638
3455
2856
1236
2463
2949
8205
7562
5576
8150
9789
5347
184
1947
1892
5936
9163
9124
37
6663
3989
6232
6231
5078
3966
9758
9714
1341
2778
7617
8638
5639
5953
2933
859
1545
7551
9291
7440
224
3305
4629
4689
4502
309
6319
6402
582
6250
6294
1156
2888
2313
2339
3774
5104
4239
8576
9133
8410
2981
8061
4129
8590
9328
405
9751
5654
6288
4847
3277
2451
6239
748
3617
7131
5900
519
7435
2542
4745
2332
5066
5725
90
1911
4244
6954
1276
3084
3353
7456
277
8015
3453
8779
6257
4908
8780
3652
1241
238
503
2809
9089
6189
2375
4201
523
9706
1769
5476
7681
7619
862
8092
4447
6283
2518
7533
539
7117
6694
7778
1601
6872
90
3383
5405
6636
7465
8342
8083
7350
5501
7221
3627
7124
8514
9959
7196
1753
3466
7568
5182
8784
6660
3489
9005
8866
6608
9744
2641
7784
5576
1417
1771
3382
9161
8248
3958
7600
5487
5950
6691
462
8979
9862
7164
4406
2776
1279
6586
4658
8946
9519
5250
4880
7306
7796
3221
1275
7169
3451
2274
3106
5452
689
9211
8656
6098
9633
9461
128
2537
1751
8392
3333
7901
3776
2274
6403
5982
4302
7643
3901
3416
67
8634
2382
1817
2435
4205
242
7025
8683
6156
8069
903
6074
1677
3599
15
8674
2299
1039
4457
4861
4272
8302
3913
9544
7011
3351
3616
2195
8251
1295
6192
9630
6829
5763
6436
3846
1593
1116
5674
1222
380
8244
3444
560
3455
1460
5295
7016
8906
3555
287
4442
7694
227
7364
9363
3820
5729
3803
9454
409
301
4459
2691
8475
8530
326
4904
328
2212
5830
7011
5494
9994
6465
8761
7209
3971
6292
4020
9704
9279
9899
9257
5180
9430
5653
8875
9119
1072
9987
2538
8155
6659
958
7937
4042
9185
9881
7128
8641
2310
4145
5170
9993
2821
232
1865
4319
8621
7971
120
8668
4175
4482
6366
3586
7881
1850
1814
5061
9188
3613
6410
4346
6530
8833
1379
2935
4609
2370
1280
640
9756
30
6902
6502
8900
2444
4999
5619
9724
519
4081
3669
5633
1921
349
7240
177
3188
8906
4026
929
4465
4389
3076
824
1842
726
5531
2447
3897
1708
7231
7849
4153
1978
1003
3225
4199
7224
767
8934
4148
1730
2829
3185
1291
2167
7262
4510
14
7558
9962
5800
8377
1008
7143
3790
8637
4841
3226
4544
4554
8555
2246
44
3766
7329
3436
423
6353
6940
4541
406
4915
7236
1756
7194
6548
4790
8620
9091
4186
7323
4244
4484
4594
3943
3728
9902
6399
1637
2837
8838
9268
1118
865
9583
6787
1655
3801
1281
5524
2215
1142
7188
7875
4044
9329
6464
2364
9835
3347
380
7082
7189
1795
1185
7701
3672
2739
7020
8204
5092
259
9783
4707
484
3087
685
6762
7028
9459
4498
6662
7354
7775
1165
2337
4633
960
4946
9105
1368
3414
3730
7270
446
7019
663
9557
2015
8797
6799
8957
2901
3698
7623
5228
9444
3009
1322
478
8852
9717
1371
9776
1805
8873
7244
7465
7364
1061
1321
2824
3005
7261
1760
7016
233
2264
9257
85
1437
11
9876
7154
5259
1408
3593
2023
2898
17
1754
3148
8056
5898
5545
5384
1879
2173
4266
3653
1616
110
3465
6895
4452
9576
3329
9101
2237
1697
4879
1748
6235
7433
2830
5190
2685
1009
2770
7826
7055
633
3580
5810
5367
5586
1016
3486
1767
5263
7963
3321
8208
2775
752
5500
7366
4247
5983
5049
7296
5992
4125
574
5882
1052
2744
1468
8314
1742
5425
3420
3492
4277
4428
1242
6848
6934
2102
9267
9497
8234
9990
5491
2072
2994
4876
5511
3899
8847
3919
4895
3686
7821
8008
5469
1820
5408
4394
9628
4931
9258
4312
3476
3958
9689
1946
5811
7684
1820
5375
8824
1981
334
1515
8213
5825
2736
1417
2540
9011
8296
4290
254
7861
6482
886
9441
2921
5955
333
8449
1035
2856
5905
8675
2336
4066
3186
7661
702
4605
3239
9
1981
57
9510
5622
1199
5311
5632
2824
1719
6991
4139
6481
9224
9622
4409
9221
6888
9170
8377
377
4113
1693
5933
6630
2526
5381
812
1893
4381
9219
1532
8629
4172
6646
2547
9660
8595
5139
5395
1408
5455
160
2268
951
1644
6790
3557
9907
788
7741
8777
5882
5054
2893
7726
2431
5203
3841
361
3716
1181
2435
9466
5862
2727
9420
1910
3304
3677
4600
3293
2350
4823
8010
1718
3058
7006
4485
4607
931
363
6708
1115
9514
1218
388
1183
5443
2838
6494
5846
4090
7263
7183
9377
546
9654
4543
7461
2762
1024
4751
1677
3950
4513
725
2033
10
4405
6479
9013
6066
6124
2759
5283
8753
6884
3121
2889
2852
7158
1395
3601
2930
6828
357
2087
6528
3642
3589
1460
9244
2179
9658
1110
6288
1191
8643
3440
5914
5566
6826
7074
4018
4195
2890
4528
2861
8006
9813
8625
1690
5494
1839
3118
7623
7265
6099
7327
3898
7453
9310
1722
372
5441
476
5795
4402
1829
9064
4776
6413
7941
1701
4421
2746
4196
9535
8073
1653
4509
6534
8425
9890
9274
1108
4705
8046
3587
4054
8948
9519
7103
153
7844
1493
5958
68
6950
939
5469
1333
3749
1667
7422
6914
5372
4359
4866
3655
6356
2747
2277
2502
1478
9307
1133
6091
8622
5119
3295
6070
2692
7602
5846
14
5024
3037
2855
9019
2487
2010
152
2130
6702
7776
5745
9684
5971
9970
5576
2898
6404
8965
6810
8661
3865
8687
7151
5267
666
4606
9776
381
9220
2089
6503
6092
2431
379
7878
3644
2644
1503
1048
9897
4749
6741
9837
2222
1371
1423
1913
4531
2505
6081
7532
5145
6267
5717
3808
6031
6848
7549
7660
3765
2933
3966
1537
9052
4336
8493
3231
4630
8493
9375
7217
7907
5117
7916
2833
4753
8597
1586
4062
8675
1092
6905
6576
134
5518
1127
1338
5341
4184
3801
7542
2954
1775
5624
4029
9430
8194
5141
9954
5811
1977
2759
8567
4928
6275
2879
1880
7675
2104
1345
4446
4470
5660
7887
8071
8359
9672
5962
7234
117
7986
2839
8882
5455
6566
6070
5198
1427
4920
6728
3756
1633
3385
382
38
1080
5463
6670
1883
6115
4753
7733
6138
2829
4766
8742
1664
6678
7552
7765
2187
5183
5973
433
3205
7263
4121
1957
4989
8360
2814
1321
5668
9998
732
8179
9608
7469
7866
4322
6636
180
5847
5839
2634
5370
1635
9566
2303
3904
4887
1969
6571
5144
865
7289
3561
7795
722
5519
3336
140
3169
5319
1932
2909
461
8788
2640
6409
7815
4502
1687
7537
6852
9138
9732
9844
6935
3635
787
7263
386
8352
6275
2102
4128
4561
5621
2803
3213
5085
6918
9838
9395
8200
3936
9164
6807
2513
4081
4086
4086
1178
3997
92
6537
1755
554
1488
7772
1499
8799
4784
5189
4231
9664
4629
7674
9257
9724
2998
9312
6294
4640
9291
6410
8136
9909
2284
1289
1495
8062
2161
4335
6248
5472
2027
8608
7272
3547
5970
4858
6764
3213
7938
2991
3961
8410
8123
5680
3123
3060
5586
4094
750
4165
2146
6280
8615
6119
2645
8662
4961
6086
9671
2809
1355
8618
3243
5313
4582
6602
1137
8327
2050
8298
9208
2869
8722
5939
9279
7348
4578
2007
1376
7109
6183
8916
6312
5154
3268
1664
7426
3699
4153
8200
7241
1452
3713
4440
4975
8430
3567
1287
6537
1452
8033
6966
7584
8633
9218
8058
1471
5300
906
8338
4786
5128
8406
5060
8888
5323
6558
9015
2426
8804
2923
809
917
6175
5049
6780
2378
9093
5750
3749
6660
8390
2849
4914
8312
1709
5934
2847
5541
4267
4179
9599
2978
9449
872
5352
9193
7748
2060
313
2477
3908
7857
7948
9486
3224
1692
4823
4738
8378
1911
4070
5175
2635
1342
4083
1347
1841
7335
5209
1039
9010
1183
1515
7879
4760
4103
7790
3421
1204
8430
7792
6598
5413
582
1151
9346
6412
4984
9062
5309
3218
8161
701
8789
1099
3802
3831
7330
8222
2369
6625
9879
6945
477
98
6045
1080
8966
8797
1729
4367
2771
2765
9615
3181
4233
1610
4691
2521
4846
1672
9733
3961
881
2429
8052
79
8776
5057
2199
9742
3899
4714
2261
8358
1148
9924
7520
4980
1303
3594
6925
8873
479
2576
7192
5876
5178
7129
1388
6871
7268
5054
7718
6482
3490
4578
5042
5516
1308
733
8063
5389
443
9225
30
1778
8152
961
1807
3671
3033
8270
9123
8321
6498
5849
430
3700
8422
4683
1346
9708
6802
6928
3942
1457
788
2335
5374
8952
8557
8192
5344
8427
9998
8167
4205
6835
2164
346
3528
5113
6648
1826
4490
9330
9255
8405
3794
4069
6221
5697
5127
2858
1718
1408
3988
520
7136
809
6948
9485
1375
1597
919
6720
4437
7453
6337
5475
5263
6492
3141
452
2928
210
3339
1982
8370
6778
1257
4300
2386
7476
8198
5581
56
6774
2224
4906
406
3498
7681
5221
6742
5620
9383
7396
5982
4587
8280
5479
1561
4618
2128
7740
7237
5048
7757
6530
4704
4479
4680
8255
9336
6648
6450
5717
6851
6381
7227
5518
6008
3120
2263
7096
7061
4210
9137
4927
2773
4105
1694
1824
4274
6223
1340
5655
6434
1979
1755
1977
5808
8051
7836
4599
1095
3344
4447
7267
9354
6184
3103
7049
5536
3471
9302
2064
5042
4025
1926
1786
6520
2379
2439
213
1255
4264
2288
7141
8955
1193
3581
4235
7812
3724
5371
554
6261
4612
4226
9860
7165
6074
1216
3468
2482
3400
3682
4091
3636
3896
5582
1337
761
9532
9590
7378
2105
7528
6126
9040
1530
6004
984
9770
5133
2966
4234
5655
1073
4194
6554
8605
1789
4869
6011
7426
2564
657
657
9190
862
3298
7359
740
3250
4563
6704
8057
7048
5351
314
9026
1793
2399
4655
1185
8917
5699
1660
7853
9251
3773
1646
246
1390
6567
5217
5922
3561
2139
5368
6355
5290
7921
8433
9408
3260
5463
3076
4757
3560
7412
7627
3800
929
6226
5444
9759
5256
9709
4612
3072
5769
9949
2655
9712
9596
6192
228
2878
2639
8585
3495
6483
7455
9641
1977
6555
391
8550
369
5056
5008
1990
6286
7241
4159
8613
4508
4720
7235
7565
2206
1818
5045
8897
6275
4097
9704
1765
6808
576
5700
6037
4129
8437
3623
3667
2270
4176
6623
1595
9206
8134
6121
5603
3022
894
4879
1363
5601
6786
6177
3445
6701
4104
9500
4587
6807
812
6602
9644
1950
3067
8246
1129
8264
3637
5100
6651
2183
5933
2555
5436
9110
4787
3079
6002
6460
1843
378
7295
9514
5100
9029
9658
2157
1318
1328
9635
8658
7877
333
8167
8041
7948
1810
3596
1219
2718
861
2165
3922
1354
9001
2966
5984
4459
4874
476
1815
7247
547
4031
498
9641
981
9071
6158
4810
699
3135
4936
1830
9003
4307
5350
3903
4389
7106
6467
2020
8399
7563
6858
466
9475
8795
186
6763
2688
7460
9627
5252
5647
1641
9917
6975
3985
7479
3031
2020
9638
5487
437
9241
8426
3520
2360
7062
999
2500
4692
9865
6140
2749
4235
9179
8103
5513
7452
3739
5782
7680
6630
249
7100
193
8049
6145
6595
8815
4077
3265
5002
5571
4318
5457
2691
9409
8093
3439
7321
8172
1586
9469
6926
3932
4829
5174
7700
9593
9242
1142
5340
6337
1120
7714
2879
6650
6905
7710
5695
2596
9186
61
6182
5745
0
5904
431
9791
9123
1398
5509
8398
1730
3892
8923
266
4548
2144
2945
5907
567
111
8579
5339
2074
6119
4687
6159
356
2926
1927
4476
6333
1669
5782
7623
2958
7297
2913
5026
3554
583
8813
1489
4239
6585
1586
232
126
1617
4219
9109
9387
775
7266
7260
1549
3249
8488
5341
9448
3537
9743
1657
135
3511
6915
1976
3304
3053
4016
6199
3600
7440
1138
8577
5821
3486
2823
9563
1814
2158
5360
8223
7281
6430
440
8417
3007
906
3195
8708
2287
5226
9736
5832
7007
6238
1159
1191
3545
1371
3419
1056
2591
7255
1795
8123
975
4245
1260
6884
8160
4662
1493
7767
5430
5917
2563
6860
5402
5840
6149
149
5333
2832
8026
1934
6364
877
1997
6632
9937
368
9563
6397
2668
5087
1996
2716
537
4226
1821
5417
8571
7969
977
4621
5129
8010
1296
1170
7807
4993
2095
846
3714
5486
7964
7041
5011
5440
3652
337
6764
4186
8741
9382
250
1583
4735
2639
8584
6223
28
7261
513
6853
6999
8557
6255
7060
936
4971
6478
6278
193
1471
5275
2320
3338
7865
6222
7042
7389
3658
961
3820
2035
9545
7478
8347
3957
9252
7997
7639
6781
9032
3937
9114
4575
275
3628
9834
7853
6540
6874
5294
7951
9813
8228
6133
4952
13
8112
3334
9755
6905
5589
766
80
6667
7043
2986
9413
9742
9450
2077
6134
9132
492
3525
4619
7291
1444
8615
5513
3905
7395
1017
4939
5813
2362
2734
5230
4154
1784
8779
2630
7015
8548
4696
8004
7549
8163
686
1066
510
5624
8695
5578
1674
1374
6133
7977
4054
9872
9614
4411
6927
1791
7290
7089
5705
9957
9665
9191
3032
2731
35
1951
6886
9830
6035
1222
1201
3852
193
1499
4149
5954
6676
5900
3121
3272
6548
4402
4857
9058
4149
9960
9294
1896
5831
3060
4370
956
8355
5869
8832
7828
4263
8082
9460
1463
2519
8450
9910
9883
5669
4299
8685
9493
1682
1562
2904
1768
8169
9033
2074
7142
4221
2805
1596
2205
9736
4465
6946
1669
3955
9696
1977
401
5552
4566
6733
6438
4008
4428
9431
6255
6744
1489
2701
5663
5664
4160
9068
7663
710
8975
1377
5139
8820
7006
5771
3860
7815
9791
8338
5637
610
9279
9841
4184
1750
1587
2989
8360
6333
2074
7523
9194
8204
5
3199
9396
1250
4246
6880
4214
8814
6682
3707
6312
9282
8950
2131
8722
3100
9115
9608
320
632
268
8316
2365
6154
7473
8462
4760
5496
4401
709
336
2721
7421
7100
9694
4513
8186
4525
8926
566
7998
8287
8017
8983
7712
3390
6253
912
6102
8047
3366
2532
1180
5259
5866
7380
6385
1489
1448
2853
8404
2323
5075
3723
3976
1703
5928
1310
925
8473
8291
5458
6035
3464
5907
5905
4203
8998
9730
3496
9266
6952
357
1675
2815
4671
4880
7098
9454
2980
7437
925
9786
2807
4490
3596
8561
585
1554
707
9616
3651
6480
2608
9691
3489
4842
5938
7936
301
9347
9702
8146
5643
3103
9140
8853
5983
403
2063
6968
3895
84
3152
9142
8167
1219
9663
9204
7754
6240
2415
987
4344
310
6451
6145
4106
1568
6568
8747
2145
3927
3770
3593
5202
2903
3649
4629
5128
9997
7334
6513
1585
5073
2716
6909
5982
9988
4306
2058
1055
1401
8869
5158
4953
7554
8405
6453
8989
198
5144
2523
337
5015
5509
2388
6439
8224
1596
5680
3215
1849
8902
2833
1102
8340
3184
1624
2060
618
9369
3809
4725
4206
3102
711
2884
8282
7550
9826
4571
9994
8252
6194
4491
4765
3790
3181
86
3950
8794
6600
9818
7764
7806
4300
7269
3722
5118
7587
3935
3659
4092
4558
4155
6042
716
5585
6594
3275
9479
4281
8451
9876
5225
262
4259
6537
7132
8170
9156
1183
6779
5261
2476
7845
3190
5057
2660
9164
2480
629
5557
4929
4449
5479
6016
1667
3525
1890
5346
8014
944
2517
1518
74
7206
8111
4549
5952
6688
4552
2502
2909
9455
6329
1785
8848
8291
4891
8735
6559
4599
683
9856
9131
5169
8708
7001
2336
1301
6200
6838
1437
3099
1436
7833
861
2476
2362
6965
1032
4814
5148
2312
1969
3925
4950
8932
1007
3483
7844
47
7859
2047
2714
5733
8894
6305
7750
8145
9102
322
45
1460
9595
6832
7854
5685
8394
2134
292
3210
4977
4941
3635
4141
6986
4017
7543
1982
222
3855
7864
4460
3815
8166
9518
9181
3961
2246
9388
8435
8673
1509
9291
5186
4682
8043
7
9275
9264
8608
3656
2995
752
4080
832
7700
9196
9119
4983
829
7831
3605
1721
5955
7708
892
5275
271
2420
14
7322
1412
6026
4684
7574
6863
9989
5006
8613
5710
3872
3360
1965
8149
768
6758
720
5329
8393
6981
7475
5400
3632
1979
9024
8687
2166
2305
6279
749
3616
8036
8679
4190
5300
1810
7432
5600
4972
3997
2616
5527
7632
4837
2526
5749
2271
8288
4155
3504
8017
9155
6805
9994
9947
2291
5912
8282
2224
9667
3750
7047
5585
8889
2922
5569
9399
1669
2736
3270
3621
3024
8013
9216
8238
2026
9986
4255
6248
5528
7237
6172
6392
375
1085
9346
103
2879
8451
3070
3687
510
6989
911
7412
6545
7590
6053
9799
1004
3100
2999
7136
7377
1929
9012
8448
7441
520
6939
5757
5981
3865
882
4586
2690
7915
9712
3322
3238
3700
8109
8172
8748
2969
6527
3999
2926
4181
7814
9132
4532
2662
956
7866
2123
8182
6378
9926
8163
1250
6003
9366
9065
236
3764
3072
2307
6512
5130
756
3717
2311
449
4566
2836
42
5942
3349
1308
5328
9129
7633
3799
7054
6283
4988
415
1248
1916
8290
363
277
3359
9333
1993
7763
5923
8273
2390
5642
9404
5141
851
8383
1377
4417
7091
3762
9181
9270
9261
6267
7173
2313
1353
9187
8094
7166
9805
2280
6904
9324
2172
9647
7518
8387
6464
3214
9828
5969
6720
444
984
3384
3878
5388
5069
568
6846
9766
1322
3286
3931
5818
5106
1578
6969
3130
3211
960
6059
1540
1678
7812
8432
7671
6429
7215
7300
6945
5321
44
8226
150
87
5381
6692
7454
4569
5309
9968
4203
683
1526
3468
3143
6924
3079
245
5721
6565
9688
156
9300
252
680
7246
8712
2251
4358
2684
9740
5420
8374
6745
538
939
5283
5993
6147
8948
9183
9820
6682
6588
2149
857
7117
3227
9563
8456
2453
5981
8593
1191
5480
2502
6694
6367
4085
8176
463
3907
6889
3345
5441
3531
383
4667
1114
331
2475
1617
8460
7957
7341
2113
2838
394
9395
6359
5947
9885
6198
8363
2434
2914
7281
9826
7267
9725
4302
3601
4975
4268
2687
7633
4792
534
4475
8100
1577
5802
3233
5753
1775
9517
8513
8326
917
4134
907
9959
3429
9791
8431
8164
7031
1873
2380
5986
923
9258
9726
9687
5122
1063
9144
7359
2877
4282
3905
3047
9800
2361
6610
4453
1578
3525
9539
3668
6290
3343
7051
2615
3293
3323
2956
9285
8388
3515
2949
2856
1525
2062
8477
648
1269
2701
2071
3977
9747
2132
8949
4410
374
4932
9757
7928
3793
5203
3746
2438
7852
344
6065
5427
9731
5500
6315
6506
1651
7271
9058
7062
8562
4449
2384
3827
8145
4575
3126
495
8413
6104
2464
1762
6855
5823
4696
7980
2290
663
3291
2136
7242
4289
5009
385
3473
1780
8799
7104
577
5051
6516
29
5330
8485
6324
6949
6109
4926
698
69
3839
9032
2289
1037
6961
5102
1146
7608
6995
2659
1526
1952
4004
9532
3109
2817
488
2242
4272
3143
2234
341
6320
9732
0
9166
2852
5715
4288
6122
9672
1929
4008
3448
4817
7586
1526
2913
9313
1077
9096
7772
265
144
9089
5017
6475
8159
637
4062
2400
3593
2316
3695
6511
70
3020
6142
8233
2389
6861
6480
9465
5024
1218
5405
3146
2885
8412
5565
104
6745
8530
8063
9020
3613
7541
8529
6724
8709
6981
441
3653
4732
4353
8870
4848
7647
1846
3122
9123
4567
8547
4253
729
4990
4318
3246
9706
846
3303
2052
4632
869
8769
7008
4829
4505
5385
3738
5659
8819
4321
4106
6480
8133
9169
4702
6021
2143
5121
2781
3961
7023
821
1443
9429
2332
4822
6370
3464
5056
2213
6566
4870
1073
3967
6097
1624
3581
2106
4267
9355
661
4160
5825
8828
61
598
4791
3037
2458
7206
6767
9672
4229
7567
9225
7916
2813
7248
2675
6253
2226
7391
5240
7458
5683
7657
1745
8041
2534
2638
8736
5177
8500
7254
3592
2775
9318
5617
1283
3942
4893
8156
7658
6272
2073
9110
329
5734
3880
487
805
1435
3365
2521
5493
5120
1283
849
204
3721
3069
1387
2465
9708
5437
6835
5914
1110
125
6103
4323
484
1804
4689
5193
5472
6180
3134
9950
9987
4171
3840
9563
3751
6739
3848
7976
2698
2215
8458
5000
3592
1340
4541
6654
5201
5538
8540
9246
42
1618
4042
6094
9795
1964
5870
2282
7795
97
5490
8697
3723
5113
6307
2247
9013
1343
2945
5370
2030
6393
4132
9691
1427
1670
8572
4301
7322
7706
5151
7855
8000
6818
7919
473
5979
6308
3990
7192
8267
3861
6377
5524
6155
4024
8772
1155
3669
6143
4146
1922
3637
3377
7428
8480
8140
3506
658
610
8243
5119
1593
1670
2580
2680
1291
1793
6120
8162
6905
8769
9472
35
6934
5134
6794
5756
3388
4807
1594
4643
967
5767
9121
6536
6555
6160
9192
8910
4749
7751
7298
2397
2106
6124
4517
1236
4291
6213
9312
8535
7574
6601
9285
8187
1754
5644
580
99
7566
4836
8631
4156
3275
3334
465
9432
5915
346
8586
6161
8638
3371
624
6577
1884
7797
2890
4759
4365
2954
7015
9637
4822
5517
4907
2617
7220
9221
8915
7814
7800
2115
6572
5628
6440
2734
1231
186
9079
8362
1789
723
9762
2003
9383
6106
1640
3721
7653
6794
3012
1424
7469
896
4066
9991
7134
5727
8719
4652
5473
8850
8163
9619
2297
4118
9667
6108
5409
2255
4037
1762
6115
6620
9990
7721
6057
7738
269
2712
3403
7179
3980
3101
8591
4681
6619
5721
5997
7641
5153
2056
4988
1914
8710
1967
6020
8476
962
1774
8784
2587
644
4557
9171
1420
8439
7359
4342
6001
6725
538
5120
3043
5749
4603
5793
3242
8313
7537
2520
1364
9281
9527
4290
4434
7824
3883
700
1501
9981
7819
6957
5932
4680
9877
9461
8148
3565
7194
3331
8750
1321
7105
4727
6114
7763
7158
9962
2240
6710
7893
5632
4556
2737
8420
1493
9176
8733
4262
4827
5121
9400
6260
9903
4813
8409
4060
4295
2864
2398
4042
7057
5610
8700
7602
2397
4131
5852
3896
1165
1279
5746
5043
1745
966
1344
1833
7738
2445
583
5588
6392
2903
7050
5259
2777
5170
796
6450
3653
824
1203
9180
220
3015
4378
4754
570
2505
1413
8745
463
3812
2446
9370
6322
7340
8826
1666
6933
115
8562
2476
7495
4471
5879
466
6624
1366
1761
4014
6249
5967
6716
9157
1649
9899
6330
6053
1356
9878
8489
9217
8537
747
5203
6650
2482
4658
1407
8877
9012
5437
5524
6572
6950
481
8853
9830
5051
6521
3301
588
1142
7894
5132
2991
1624
1470
4012
9231
3811
5281
4730
874
7582
7883
7167
5263
576
2151
9154
7787
5300
6431
9902
6423
3186
3419
4116
9016
5587
2964
7814
8563
4513
6835
6899
8208
2660
9468
4395
1044
1900
6670
4184
5807
3447
6816
6629
1745
1927
9341
3152
2805
7248
8381
9304
9190
2632
1676
2996
423
7236
1953
8983
1095
9850
2489
7044
1399
147
2535
4934
4958
8821
789
4555
5586
4638
7734
5163
1114
3278
2201
7298
65
8544
3213
6002
4933
2237
6936
4049
1309
110
5679
1411
8736
9360
5620
3491
3707
9975
9648
1322
4401
9560
5062
36
5077
1876
8104
3730
4000
6127
8421
7342
3444
3383
5292
1323
6786
8908
1779
6126
7041
2304
4722
6460
44
3665
7558
7618
3371
4692
1930
5942
6933
9108
8583
5555
7568
2579
9810
9982
8439
3838
1564
2430
5448
1853
8841
2185
7040
4901
8858
2987
8207
9657
1482
1072
8722
5781
5413
198
4805
357
7053
5421
1930
2342
871
5141
4074
99
6768
9039
3423
5807
1917
6493
4232
9156
444
8650
1426
3575
5698
5682
2826
8942
9581
7917
6567
8847
120
3553
1787
8360
5627
141
4477
5553
6475
1607
6749
6542
9601
4108
3037
7073
4014
3812
7276
6167
3957
2197
5473
5989
6019
5019
3505
1847
1051
6182
7812
2325
3242
3007
1287
4880
2956
1202
4723
9865
4812
5730
9332
2541
4744
944
8788
5281
1819
4729
7255
8241
9756
5384
736
6954
8134
5525
4444
3992
9488
7064
6303
5108
8802
9779
1420
6707
3624
5950
7374
1091
1963
1784
2190
4025
8646
3151
9234
2609
6111
7839
4312
6448
5095
5708
957
8609
7841
2988
9512
8533
2304
3340
9011
3743
4556
2581
1146
9959
6521
2063
2549
4049
4443
6772
3358
1478
2470
2885
6057
5436
1489
5548
413
8673
6859
8642
1914
5349
3048
1482
5479
3860
9330
4896
7054
8478
2330
6258
2825
4933
8822
52
3923
8628
126
7085
1412
5896
7409
9660
1438
2997
7984
6002
9099
5693
6183
9926
3577
8765
6270
4116
6024
6480
5711
1995
4872
2331
2807
836
1936
1288
5458
2905
322
5502
3974
9891
9874
9231
1695
1222
7465
7490
7824
5622
3057
2626
528
5788
2022
1046
8724
3110
6459
8172
1776
7946
3071
2742
527
342
5906
1955
5544
5850
3623
5226
7702
1942
6887
8076
8163
1749
6263
7666
4217
4136
9349
6205
9523
938
1634
7189
8168
9070
1972
4955
5211
5351
4325
6823
7632
1158
9358
3802
8561
3813
6599
7303
129
5844
1084
4190
708
2307
8795
4805
5157
7618
7132
8331
1527
2803
9451
2376
1792
1432
9382
8182
8512
6321
2741
2227
9687
1496
1423
7964
5525
4735
5365
7806
5149
8759
3016
1714
5668
1443
3744
3528
3703
956
3814
5281
1771
4310
754
7076
4121
1837
8598
1402
6648
8808
8579
6973
7810
4748
2643
383
7517
1911
3296
5723
576
6226
4399
6546
3980
4856
4959
5911
3639
7370
3129
2133
3762
5400
582
8529
9553
2312
736
4406
5037
5876
8677
2198
1533
7
7049
8096
6426
1111
2006
4626
6534
5453
2812
980
5249
1727
8533
8040
3904
9989
1538
568
764
4794
4876
4124
1254
8253
8120
5876
6094
5955
2602
2409
4235
4241
4706
9798
4131
1232
5892
8092
5158
6769
7447
3157
1479
2781
3018
424
8087
7097
6486
7954
2854
8703
2559
5551
8323
2558
1358
1134
465
7816
8662
3911
9070
670
9689
5229
8467
4646
90
7268
5782
72
6130
3850
1714
5660
3554
1433
4417
1108
8812
9328
409
2193
7215
7911
7035
8059
5958
8635
797
1718
2455
1945
4434
3447
8045
6948
5239
6620
7341
1329
1477
3388
4710
7910
9065
5111
134
8942
5376
8464
5839
150
8678
2649
3973
6468
9764
4358
8740
5300
1267
5301
5298
5387
8302
1788
7050
9868
9995
3615
7933
9400
1637
6996
2309
6435
4706
479
1435
1693
8701
6832
9860
511
9047
9203
6248
9944
2468
6197
7973
4700
8348
2527
7979
5594
5476
5768
2058
493
2692
2407
7476
4682
3727
6376
3048
5436
4984
3627
5133
6273
4551
1629
5046
2070
9383
8216
4278
2500
3705
716
2274
8599
6229
457
4069
7143
6142
8372
4069
4640
6527
2431
6963
8924
2830
7798
4134
6154
390
7953
5362
7168
4381
3475
8073
7677
608
1723
9171
6153
1238
10
2411
591
5335
609
9441
5844
8815
4186
6323
5150
8346
5274
2639
4847
9560
9033
1421
9851
1933
6377
7323
1140
4042
1470
6918
8968
1518
7614
7830
3220
7736
2652
3428
8442
7227
7039
5762
3902
4722
5202
2410
2026
448
1486
9962
8094
4239
908
4327
359
8471
7385
1362
8932
9614
8854
9456
3835
8662
6954
7192
8640
5415
5283
4469
4067
2258
4466
1216
9567
8688
8230
4026
7285
3001
9947
2931
8159
5761
8414
1759
2016
681
4815
9282
2664
7796
9917
2175
9743
3199
7980
3065
4599
2242
1970
5414
1154
7687
6546
8432
6487
8830
1739
5994
8021
2272
541
4137
4921
3694
7736
2184
8529
3516
259
1196
2489
7386
4787
7113
6466
7938
1075
1039
8253
2510
3219
6030
4653
2307
5618
5492
5760
4546
3099
9457
3897
5605
5515
1163
745
4768
7991
5977
1030
3665
1135
285
9210
3332
1510
8134
1114
5117
3094
3709
3476
9503
7005
8543
9759
2840
6255
9021
6669
4015
8760
414
1364
2628
5109
396
9560
7173
4793
2833
6749
2178
9822
6686
5543
8325
5046
9533
2964
9349
6612
559
7048
9495
8789
2867
8882
1957
5509
4237
2710
647
9335
8987
5766
9635
2090
9478
1241
5435
3312
8762
248
4098
2449
414
2249
1229
3706
8063
2268
5324
9620
2530
2333
4689
3087
3709
6828
1085
8280
2645
238
4651
415
1481
3732
1420
9202
1655
2021
4474
449
7455
4107
8904
7687
7868
9870
265
6837
4976
5467
560
9850
8669
6604
8237
1118
5776
8508
4177
5161
967
7921
3931
6048
7640
5896
8615
2103
641
2591
7081
2664
2024
1206
1647
3431
2319
2019
3245
1748
8931
9414
996
2843
8529
9957
4140
1360
8602
247
6276
9997
4172
7009
2128
968
2345
9472
8623
1557
6868
5732
2662
7459
9689
9256
9512
1465
6078
239
5894
3018
4250
3774
5155
9135
709
7292
5104
7930
1821
4022
135
8944
585
1758
1181
1910
7429
3128
2585
6385
6032
2768
7318
994
235
7033
2768
5978
870
4335
365
3073
8459
4958
6166
9960
3128
4167
5235
9344
6351
2510
2115
3959
4490
3713
5249
1756
246
8979
4385
8019
4523
3589
9667
9076
3992
5284
9291
9291
6049
2726
8227
9318
7045
3537
2304
7989
34
1239
352
7669
5104
6427
8470
926
7713
415
6658
5995
9722
2462
3807
4500
9606
3425
7919
310
3089
2547
8216
6528
2996
906
955
2304
4779
7366
1215
8661
3304
7662
5551
1782
8819
7337
8838
3958
9172
8093
3441
2476
1545
1203
5959
9071
5902
7810
1240
8018
9986
8887
8533
8608
7201
3464
8650
6939
2521
9252
2080
4612
2752
6618
2928
9094
7709
3136
9060
7533
6080
7528
9439
300
9666
6035
7679
1691
9474
3321
8433
8296
7415
6824
4538
1985
6611
2292
9065
2149
3316
5316
6690
1470
6229
6126
2856
4685
6037
3188
7583
6694
7579
8397
3130
2203
3590
3852
9056
7969
5789
1491
3783
9065
7032
7844
88
5879
8753
7899
283
5469
4244
112
9515
9987
2349
6678
6561
6211
1255
5503
357
5377
7259
1657
5196
6804
80
7259
3079
7337
7677
116
1356
7616
4861
56
9191
7050
5610
6463
2065
9563
4530
8154
2285
2199
5744
2698
1139
8904
941
5801
8453
3015
8162
4187
6456
4128
8974
9409
7371
1207
138
4531
5113
5293
5818
41
8871
6678
3299
3991
7170
9761
9491
4248
8336
3369
6702
9474
4070
2373
7276
8309
5287
8792
641
4145
9379
2704
4568
5086
5221
7270
5981
6940
9477
6449
5278
3819
579
3297
4156
963
472
8615
6118
7680
8057
1063
9369
163
9246
7631
5196
8112
4558
7122
3186
1688
5492
2531
7187
2576
714
9809
1410
3804
1169
9069
8643
1134
247
9601
7814
8103
4286
2093
4714
2451
6839
9714
8163
9183
8453
4572
7942
8305
6229
6147
6741
9053
5179
8556
8570
561
2351
1283
1925
17
8608
9537
7111
7578
6129
6605
3617
7034
5916
8881
910
5572
7991
1246
8561
1754
6286
8885
2352
7240
7046
4711
4433
8166
3152
3615
7627
2714
4133
9280
2393
2877
2060
1976
1035
6570
477
943
9302
191
8937
3631
2220
4837
4289
4537
2920
8519
5148
7336
6000
2310
8571
6515
1464
4787
6869
451
1190
3797
8028
2080
5831
4755
2352
6810
5830
7613
1382
8763
783
7188
1378
2114
4903
2329
56
1870
7600
4669
7010
7155
281
4854
299
5432
4973
2170
9534
1094
2649
8619
2655
9117
7066
5202
7379
7217
3063
1905
2876
1701
3484
1752
2825
8812
5826
340
4177
342
9806
9184
2073
1379
9636
5860
7560
1791
986
4570
2544
3478
2067
6845
6497
6288
6178
9632
279
1535
1286
7872
3958
8849
1627
5689
4269
6894
4837
4566
4843
4564
2661
9117
7354
7542
8836
9799
4526
9338
9765
3902
8205
6136
4034
3222
1096
5110
7894
3789
2277
9807
5452
9521
4763
8904
5541
4309
1571
4950
2215
2944
9463
6646
6124
4577
2825
4389
2137
548
4537
532
2303
9493
9290
2952
3691
8717
8967
866
8017
2406
2856
1565
4488
5988
2254
1541
8554
4655
5224
57
465
244
6196
9478
6791
248
7781
6344
6552
9608
2392
2822
2593
763
412
6942
3472
2701
2927
5914
9046
6562
4181
395
9290
2599
5946
8093
2397
3882
6442
5792
5053
8134
4949
2721
7633
512
2289
149
6034
1890
8361
4722
8343
5750
5534
5105
3639
4327
9887
8396
3573
5815
85
47
7247
1471
6743
6553
9499
8755
1173
9815
1420
269
6957
8759
6475
4404
8460
2696
2193
2112
6018
3990
9140
4600
5793
6815
5981
1304
9215
8673
731
7762
9564
8447
710
8823
8916
2091
7818
3947
6972
247
4873
6130
6276
3823
5352
5851
8050
3037
9929
6945
8285
9939
4328
6750
6856
9133
2390
3284
9953
3341
9940
6050
3465
6089
8175
7408
8972
2830
5218
5502
1274
3834
5990
452
6477
4446
2313
5485
831
9607
9571
8691
6063
8773
3246
8205
6261
3591
544
2744
275
330
6695
8374
8109
2555
9199
4754
4272
502
4381
347
451
1754
2495
3933
4669
9341
8606
5797
5302
4869
5113
6073
3373
3464
8425
4677
9372
5133
7309
3731
4696
9466
57
1365
4366
9992
1283
6558
688
7534
118
8216
1256
1174
4947
4500
3223
2653
8255
6583
937
5685
7872
7229
7810
9530
2138
4345
8701
88
8417
4270
7283
7136
874
4137
5651
674
8500
6421
5749
4017
4203
186
3183
623
4944
311
5296
2428
5302
8709
5184
2412
5871
811
1090
7073
1898
4686
8305
2559
7633
8365
5607
9489
1406
4488
2320
2649
2255
3670
3148
6523
7031
2999
7443
9439
1982
1830
4955
9538
408
3277
7627
9613
5149
259
9770
3784
1912
1203
1721
3682
3314
8223
5756
9094
5561
4354
882
7285
4745
2752
6997
8167
3569
7904
4271
4595
4155
8718
8035
9913
4209
9396
3425
6958
1036
541
657
4271
6974
1169
6250
4507
4081
7172
717
2098
3633
4167
1006
4052
5427
4511
8193
979
5236
5005
6912
738
5039
2901
7302
5069
8632
2436
4364
5944
8891
9570
5767
3648
9919
2774
2773
1199
4042
7252
3643
3565
5645
2338
8019
9230
4884
1415
36
3950
5219
4129
4044
2280
6700
2213
5724
9818
1907
5110
4567
4369
1831
5758
6638
4913
7381
6254
1664
9251
8990
3602
3099
8387
9318
406
9565
1848
2665
3351
7617
2336
9335
62
9580
3469
3036
4122
1211
2766
7568
7954
3732
3001
2449
2599
8721
3208
7078
4220
6945
5973
3585
3841
5735
4983
6433
8615
4811
3568
185
3657
6705
8790
615
9897
2002
4369
633
6806
2930
4460
8881
2220
8120
5219
2076
499
3982
2889
3441
8717
7075
9681
2338
2721
2325
4920
6884
178
1846
4175
4832
6078
2102
8427
4856
1372
5686
5243
5645
5291
1051
714
5587
9848
9012
5465
8604
6758
4049
6559
4814
6127
6405
5414
5976
3526
3808
1039
7811
4548
3068
4512
5356
7217
9027
8478
2648
841
446
2942
174
2067
5674
2799
6286
6792
4699
6072
9922
2301
2207
2320
6463
6079
9654
1040
6021
651
4199
1403
6898
4219
7307
9919
6005
9899
7650
5384
9924
4056
6573
5698
639
2803
1509
7504
316
215
270
1925
774
7943
9264
7430
4190
9584
9459
9250
3664
1294
6943
5314
735
2500
9048
2592
3128
5588
4227
2321
9407
4461
6722
8337
8036
267
7576
6657
5665
2773
7504
5433
4929
1153
6416
1927
396
6107
1076
2744
3786
5490
3023
9893
8511
6627
9953
1752
7961
574
4190
9417
9789
7548
3319
8896
4365
4855
4158
5464
3456
8627
8641
8675
1531
2493
7004
461
1717
1174
9001
5092
8624
650
1600
9436
8565
8558
33
2184
3145
9259
3108
2573
6844
1448
2352
9491
3627
4382
8007
1786
1425
6394
6254
3681
6699
5876
9485
6447
7141
863
6956
9372
5167
7723
2155
2417
3473
1811
3163
5828
2249
5544
7662
6355
7545
5852
4420
6319
5744
1805
5679
9072
1196
2358
7204
8764
7930
7588
4321
819
9906
3431
9466
8635
8207
7162
7461
6204
5041
5226
3764
8189
4599
3716
3682
5406
9133
7733
1191
7672
2785
2634
2438
9003
6071
2598
408
7223
5365
8472
3651
1357
8859
4305
9306
7514
9285
4027
8632
8586
6890
6060
9719
9331
5087
2816
5722
4783
7420
4630
6061
1069
4400
768
5940
6305
8599
9049
3840
7922
5442
9487
3750
9851
7912
3330
991
1016
2380
9757
6772
8476
6715
1579
8925
8660
4537
8036
8223
4717
8491
605
3422
9169
4695
7200
213
9885
8154
2843
4141
4078
377
3709
5567
8909
4475
6720
3692
8964
7539
8132
9183
3718
4442
3600
4148
6098
5933
5315
2761
9452
5130
5144
1930
4371
8546
6652
7341
852
484
8579
2126
2011
6421
8770
8311
4072
9603
4198
5573
1757
2672
677
6020
6775
1795
536
2458
5347
8685
7145
996
5858
8870
1584
9134
1334
6366
6651
3406
3851
3356
1325
7580
8591
1519
625
3979
4569
4372
9049
9940
5405
3818
3549
7430
4039
7379
1246
6609
5415
5002
5921
2984
4082
4158
1046
2778
9623
3519
5773
7949
6902
7
5450
219
2253
5177
2956
1267
1363
350
5188
4799
4470
4683
5197
6186
4026
9370
2124
166
3801
5041
9367
8314
5243
7740
5770
4542
9726
3966
2197
4708
2115
4617
5827
3271
9851
5048
5693
3730
9682
4689
9518
2674
6745
2559
1602
7601
3229
6280
9730
8371
8210
7136
7325
9104
7072
4273
2585
6740
6927
5287
772
7676
9753
3954
8509
4616
6495
3674
5043
7726
2698
6902
2917
5264
5531
7011
1418
7035
5272
3820
4405
9867
6502
9770
6092
7021
4651
5115
3555
4093
5203
7709
3919
4414
220
8083
4622
9727
2227
3044
9152
4116
5982
2102
1873
8351
3217
7303
5060
4230
8328
985
6745
6514
1192
9707
1783
4602
837
2434
9900
6622
5425
6433
3435
4102
8476
4174
8210
4772
2586
9383
9250
7955
9443
9639
146
2269
9548
6361
5706
3655
7255
3455
1960
4254
1778
1086
4006
7221
9261
3573
7293
9786
9388
1901
5400
145
2554
6611
450
7124
9900
6701
8256
1430
3874
1744
3627
5124
7334
62
3358
9819
335
3340
5486
5472
4074
3848
8089
2881
490
1836
9733
7495
7420
1627
740
8605
7370
8682
2712
753
599
920
6419
8822
5555
7833
2630
8350
5095
5041
2816
9190
759
4412
4363
7525
1479
933
5032
3216
9937
1252
5683
1063
893
814
9516
1401
2285
8372
4103
5222
2001
3665
6929
7566
6327
7198
2971
1771
2351
8950
4401
3499
1298
4423
2671
1006
3626
8064
5898
9282
9749
7701
7928
951
6740
3337
9165
5141
3779
479
135
7984
5938
2768
7756
2709
1710
358
9052
5769
1836
9516
2722
1238
372
7296
6827
1245
169
2859
6042
4019
1542
917
9989
7912
8301
8337
6523
4049
1430
1329
2381
7492
2502
5265
8747
7458
7491
5073
2013
461
5441
8226
2565
6383
4661
7876
16
759
5722
8925
6163
9308
2070
1384
7786
4275
6791
738
5061
2559
9843
4543
2670
6339
983
5203
6754
2202
5744
9320
3904
8623
704
5873
7941
6118
8661
6686
9647
9210
7402
9531
3518
709
3545
3586
7486
801
8628
2150
4225
4282
6947
309
2550
6170
310
3766
3152
480
9512
4702
6659
1735
7933
2593
8889
1589
5394
4521
6616
3229
8735
713
8351
1247
5765
9446
9010
707
8535
2398
7041
3072
6311
2790
8177
340
9553
3495
8786
6074
9176
350
7824
9661
3288
3599
8542
1892
4321
2790
5031
4014
1368
7181
5184
7571
1880
689
3204
1260
4788
9823
8980
7362
9329
2808
6075
6791
7477
3390
263
2377
105
7307
6913
5842
5545
4602
4348
7747
5153
7287
5471
2291
79
4366
2140
174
8218
2312
1374
4043
4315
1952
8756
657
3519
6161
1161
6013
1782
1021
9018
9350
7352
5534
9259
4338
3546
60
248
3209
1409
3198
1503
447
4489
3657
2114
5731
7310
1873
1117
5202
8147
1499
1842
4277
2982
5630
2973
4045
386
7522
1929
493
9665
3312
908
5030
6453
9726
7195
3010
1640
5579
3825
5246
112
7747
2720
7343
1350
7297
2440
4566
6579
5885
3750
5652
8600
176
4021
993
3605
3381
3138
386
4090
5226
759
4357
8064
4128
9111
8587
367
5471
3181
4275
6607
3897
8691
199
7294
25
5162
8573
7123
7696
7671
5384
3890
8434
1680
3349
5741
1214
1041
8676
7856
9742
7506
7487
9769
5789
4269
4108
3488
1424
9649
5052
3376
6725
7287
452
6675
4681
9291
8668
9248
7075
8513
8077
4251
3340
1040
7310
7903
3724
9988
9271
7446
5640
8287
2024
1415
9137
1470
7283
430
4632
1779
7326
2362
8656
1590
8950
852
3302
6453
9291
5378
4444
7629
4898
3639
5973
8706
5107
1120
7882
9910
6486
6557
3420
7997
2959
851
5057
6959
26
4659
9183
9803
3348
493
8367
2045
3156
3869
3769
5395
1842
5376
249
6342
6916
5045
1889
8978
3588
2813
4499
9737
9976
1163
929
4574
4834
8838
1115
6671
362
7086
5849
4344
4596
7868
8918
8938
3002
7748
3278
6130
6361
2096
4761
5259
9163
728
622
564
3197
8838
5121
2692
9780
3873
5812
1665
4396
6244
7486
8403
7328
3682
1751
4920
5533
5422
9421
5744
6982
339
5618
1602
8980
4214
4828
4035
2368
3394
6484
6630
149
9547
5564
2474
1666
1143
2015
2125
3227
8215
7817
6794
9753
8170
3851
5658
703
7148
6560
1995
1536
1525
1889
5213
9747
9379
9073
2213
8007
4904
6920
6585
3746
786
9113
8716
8759
5575
8215
8240
1265
7863
9061
7394
3477
1074
9928
6622
6241
1606
2398
4085
4800
3160
5346
2741
1375
2531
8053
8600
4999
588
6089
1223
6168
1653
2457
7010
5330
4160
1292
4390
1351
2065
9986
3060
6678
4950
3488
881
794
3434
6201
7714
8848
4586
648
5766
5989
2635
518
7558
8043
2918
1075
6623
7115
3415
1159
8402
1081
9740
8150
7135
8991
5198
4467
7922
3523
2113
5893
8647
528
1321
4021
5398
7575
7076
1032
9028
7473
6897
1440
5735
6933
2966
1511
9642
3877
8087
5657
3545
4254
9344
158
7151
6770
8937
707
2338
9160
9133
2483
1168
5427
4680
811
4955
9147
3002
2726
662
5078
179
9852
56
9639
6179
604
4087
3293
1277
9423
992
954
2346
881
3673
251
9137
1555
8817
1674
1569
1602
1901
9980
2760
5598
1267
6808
6119
1105
7735
4357
2145
3032
825
6665
6692
9080
2530
6745
7764
90
139
5326
6867
102
1134
9515
2479
4074
3124
2449
999
4574
127
7242
6159
1781
6524
5994
1059
9561
5205
6759
6788
670
2445
9309
4391
3382
5136
9807
2107
7111
2343
2469
2699
7671
3450
6178
9526
5672
4446
624
2345
8739
6964
7615
4970
9390
742
3385
6121
7361
8643
7154
9017
1371
147
3849
8422
6704
2781
7996
6822
4080
7476
241
3048
764
5195
2865
9531
4919
1240
4272
6307
4114
7187
8785
5830
8030
4047
4063
1053
9091
8547
6764
6746
1576
9814
1194
598
4121
9204
5695
3362
4809
2842
1791
3169
8875
2154
3424
4339
7554
3618
8711
507
7567
2334
7139
1801
7521
4377
4938
5748
533
2566
5137
304
848
8924
7782
8288
4126
3645
6099
167
3026
9311
315
3144
132
6605
3798
2115
73
6124
9378
3235
8797
1067
6479
7071
9105
6495
7586
7224
7309
9162
8274
1876
3790
3297
1397
1630
9044
1191
7760
1156
9029
8877
8428
1743
4323
6804
5032
3563
8732
4207
2909
8124
4099
4987
2070
1036
3448
7789
2282
8884
172
852
5879
5784
5178
9511
5519
6914
2220
391
7802
3175
9161
7650
6954
8461
6591
5041
783
7952
8237
5321
9738
1486
9599
834
6783
6628
3357
499
7567
9114
6314
2077
1528
7155
8104
9710
1713
2620
3664
7057
974
633
117
809
8801
2410
3947
8025
1024
7639
8280
3865
1177
4005
8058
6317
7755
1088
6692
9091
9077
8660
5967
3483
6880
5567
8947
3157
864
5948
4240
4487
3447
8950
598
3245
9345
984
9006
6710
7149
3019
35
2215
8610
5874
4049
4627
1702
6995
7326
9301
254
7907
8395
2613
6673
3321
3641
7151
4609
1251
8631
3547
9766
1919
1065
6556
2518
1932
478
7009
2739
6235
8275
4472
8726
2663
9303
1036
6920
3952
8308
6309
8566
7393
2415
9033
9107
3509
5871
8353
3847
2191
2506
1805
4159
7437
8706
3847
5919
1430
9602
5148
474
2055
4487
9594
9744
1603
1945
764
4729
8943
8207
5510
9980
6932
2037
1353
6495
1265
8377
3462
7094
1931
8899
4098
3306
6186
1190
3884
2470
3523
4130
8192
9646
273
6527
6308
3244
7257
9273
5016
8558
703
8755
8032
620
2748
8868
9694
3974
314
5921
3853
914
7460
9921
1393
1237
9171
4819
8861
8666
563
9735
4781
3820
7994
5463
3948
7745
7185
85
7704
3797
1587
554
1403
1709
8666
8997
9195
8154
5580
3314
8366
4743
1567
2941
2525
1702
4418
2180
6188
3821
7210
7407
8878
7017
7728
4130
3967
6589
7097
1600
6399
3667
2066
21
9189
9480
848
491
2064
4311
7102
4161
8920
3275
7872
8604
5298
4908
9366
8463
6096
3341
7931
4438
4140
6633
5378
4250
3264
7104
7237
1185
5926
1435
117
6361
334
7396
466
6567
7248
5624
4311
1402
9216
4477
9373
9249
7670
1615
5308
5889
7306
7745
6074
3145
953
8511
5872
2828
9533
9872
9426
5385
8449
3739
2976
8390
4900
5386
1165
3083
1532
6131
3292
8218
5304
4303
8657
3119
153
3340
1018
3988
6701
7889
5062
6922
2636
923
8349
2171
6213
9202
505
1638
685
6071
2069
3054
3108
2539
9823
2467
7241
7680
9119
5497
5277
9428
3091
2390
6115
9977
1624
9009
1957
1154
2779
3663
6616
9091
4819
3954
1340
2078
4591
9111
6266
5168
973
4539
224
9321
7992
7417
1020
4518
9727
36
8466
6367
4065
3157
597
5492
8524
3250
7385
1361
2419
7856
9409
4299
727
2944
7864
774
3256
1530
7952
9
9915
618
6991
2469
9126
1941
6019
6796
237
8015
7884
2141
4208
4900
1687
9044
1442
639
4728
2773
2423
7035
544
4413
2198
8048
8204
8356
6634
2313
3582
2629
6720
3846
8665
2835
6888
2190
3165
4131
6652
2918
1468
5411
2723
3836
5125
9306
3485
9458
6844
8862
681
3427
3408
9985
9523
8279
3124
895
8208
3918
3138
4381
8413
1201
4432
2331
9816
2956
9108
8966
1975
410
1519
4679
7972
8717
5990
2793
7256
8588
9194
1320
475
7645
4154
2342
5123
590
9193
7983
1282
5888
9973
8500
2278
6211
3768
1182
9492
7935
9532
4364
550
4426
5384
9723
2175
576
2230
1824
988
6230
8420
7431
1169
2772
1491
5084
5370
7019
9976
6042
2990
9340
5052
9041
2098
7599
1305
9798
175
553
8758
3747
7186
5813
4298
9561
8042
66
2048
6984
2501
260
4441
7931
8510
9210
6107
217
8910
6501
6468
2593
7138
8946
8627
6269
6755
5474
2885
7309
4622
4616
6780
8898
143
4404
5824
1708
1484
3902
542
1153
6629
752
178
4988
813
1673
5460
5623
9036
2552
8613
6025
8951
3463
7999
38
9247
3373
3389
605
7614
6498
8379
2102
2842
8039
6438
4106
9279
3418
6819
4607
5779
7741
9330
5342
9587
1402
6920
4939
3549
6141
4771
3023
4176
9354
5463
9079
6354
6635
5752
3353
4947
1321
7767
4391
4367
5994
1752
3297
4433
4076
4540
2170
2016
3634
4133
1961
5610
3106
388
6249
9154
3175
1715
24
628
2666
2733
7996
7764
8239
7798
5220
3540
8914
9120
5400
7373
7846
3210
3305
3504
968
9336
4403
5617
5419
1008
2351
5720
6169
3095
3682
8461
1595
2005
531
489
1976
8859
6612
3159
6305
7206
6976
7593
297
9744
8808
9880
5782
5631
5887
6264
8060
4149
8737
5330
622
7898
4091
4831
217
8110
7507
3973
5193
795
6115
1406
2872
9435
1253
94
7092
7791
7599
308
2785
9877
8001
3832
5849
4072
5913
6145
1385
2710
175
7342
9183
4673
6743
2146
6464
4271
5343
6262
4619
3166
4220
1061
6361
2076
3858
7962
9602
5619
7499
1984
6923
3608
526
1666
933
835
2038
7866
1707
5092
5842
1951
3388
7749
9401
5175
9622
9230
9622
9341
8950
1711
2596
7777
2559
4948
9632
2465
3507
1313
3669
3447
8247
9688
187
7364
4982
1853
3060
2013
1911
2260
6830
7989
8115
4940
2916
2685
5532
1792
389
1133
5680
9918
6270
2291
9091
7536
1259
1894
7277
6168
6484
6974
9392
3535
274
7463
1831
9906
9150
6605
4633
5472
5270
6857
4562
9834
5828
7597
3813
1594
657
7454
8177
1815
2533
6926
3089
765
4386
6875
1193
7363
5690
8327
8679
3607
2497
6951
676
5099
7074
4220
8889
5312
5585
5250
1124
5242
495
3790
3337
6572
1337
943
3792
2920
6646
2000
2886
780
1971
3578
7633
6390
8744
8569
1268
2208
9755
7
5590
8045
5436
2416
7766
2001
1618
1197
6340
6390
9879
678
1619
2656
5602
7541
1126
5966
1154
1680
6171
4546
9530
7796
6750
3275
3465
4754
6981
754
5027
181
1387
1197
8994
2641
1326
3040
2126
3138
4872
9459
5969
1442
6494
7444
2102
7316
2657
2022
7442
3202
8706
129
1829
2217
7253
9030
58
8066
2640
4358
5640
7736
5004
2762
1696
7635
1356
338
8700
203
6272
9765
7809
2192
2819
1020
4089
7531
8900
7273
653
6135
4009
1808
1980
9779
4300
7189
5908
5045
7765
4110
8142
9129
6107
835
2340
8084
2020
8970
6586
1011
4583
6333
5374
7574
9525
7791
613
3483
8282
5126
4732
4905
438
2594
4585
159
7480
3141
117
6680
5931
7177
2349
9015
5894
2783
2987
7527
2798
7161
5575
1587
578
1284
8465
4422
5349
5636
5722
9001
6850
4497
1402
3121
6787
5126
8913
7767
8506
3448
1233
1946
1868
4083
3420
3638
1859
9197
9717
9320
8401
3268
72
9620
4994
7231
8339
8781
7102
3860
7512
2201
5334
9985
6944
6731
2112
8457
9389
5892
5544
626
6005
8605
8718
4067
5002
425
6916
4871
5710
7474
8717
6757
8980
5700
9935
3576
9252
5285
900
7868
2129
3516
3555
5425
4548
5875
3182
179
3119
8355
8980
1215
7515
9611
4884
5471
5099
2056
1729
8160
8442
4902
1604
7119
3531
2357
6674
9288
7081
8455
1409
4106
3586
7928
8127
3672
3671
8039
9769
976
5860
3962
9808
7352
6523
9923
4475
6689
7795
4743
9023
6801
6208
932
1281
1766
5902
8897
2094
3450
2489
924
7567
9601
8985
6407
3926
2024
5298
5377
6348
8085
8077
2789
8043
7947
4092
4915
6626
7816
8474
5314
6549
8046
9250
8158
3017
4497
9652
8740
891
5361
9063
5735
3030
5950
5870
8311
5788
548
9528
8980
4686
8310
3576
4724
3564
9499
6223
8900
1485
126
4981
3923
1650
9422
3613
3168
3414
1713
6667
3483
7813
460
1651
8443
4894
3536
7535
4773
8235
9418
2507
5003
4540
8552
7646
3699
7546
624
9910
7792
3362
455
8446
812
7369
551
2308
9011
7787
9586
3681
2366
516
9909
3086
889
9508
5497
8306
2413
4398
9983
5625
7786
1621
4406
3071
7609
7333
6431
4416
466
3748
8291
169
8427
3989
9298
4300
3678
7791
3072
134
7924
604
3841
9554
6669
8307
8415
7159
9495
855
524
8958
1428
1991
8969
4459
7958
9510
6224
9158
3684
6063
3875
4354
1897
1965
9612
7870
644
3017
1210
5870
1616
9878
5333
1596
9242
4713
7163
1093
1673
1367
2431
8792
3283
2526
9228
2287
766
3730
7891
4451
9185
4471
8862
3649
4701
4646
6319
1477
7633
5794
8952
8280
4814
9681
8738
1926
299
1107
4153
7486
8286
6268
56
3038
1305
9771
7321
8315
1235
2262
417
342
8382
2888
5995
1503
9450
2406
7476
6960
8847
6872
9004
4199
1116
9148
3755
7071
9854
6146
4570
1710
1879
2043
5327
4200
8355
5215
5772
7629
8407
7039
4504
6933
8518
2427
4901
7247
7199
1209
1322
342
3666
9887
9521
902
9730
9946
3102
1240
3147
8237
2650
2987
3503
5029
5147
1873
149
9183
2216
5439
5322
6407
4061
3318
4753
4701
1771
7562
4449
8232
9963
4687
6745
6849
6138
4248
1419
2366
3190
4601
127
277
3797
1095
8795
6
2312
5841
8290
2646
9776
5886
2360
1936
6882
7290
4268
5528
8712
7984
8840
3984
5642
369
833
4399
4640
8227
1385
1051
4991
8678
2219
3925
2992
2631
3539
5222
5932
4569
8649
6502
5169
967
1883
6948
3336
2779
2045
631
5220
8429
3821
707
4149
3234
4323
8230
4063
5019
2371
5839
7156
6604
3377
8753
6273
4450
3578
9494
3651
4245
3901
1492
915
550
765
5233
6926
6248
2665
9091
983
2097
3259
9345
7547
9423
7953
9136
4519
4448
5988
9403
8558
9995
7617
4834
9234
7630
2422
4514
3610
8203
6547
1392
1578
7657
9186
7088
5714
5403
2429
1189
317
4214
1064
4783
9434
8154
3929
364
7248
2324
4732
8868
6399
9638
3879
5060
1175
8931
937
1006
9288
3225
4013
736
1640
3844
3051
4548
9946
8838
4925
1182
6862
1993
7934
327
9630
4383
6678
6643
1249
4934
6197
8921
4579
4796
3760
2427
3412
2459
7219
1144
5916
2093
5764
8489
6310
7436
1319
8466
3324
2416
8557
3009
9506
4856
5645
8296
8922
1206
8119
950
6016
569
2897
3455
9786
528
3664
2603
3713
7662
5129
5213
9483
8559
4492
1279
8329
1522
7416
758
8432
539
7660
3240
3828
9028
4360
3675
4622
9850
6231
8596
9574
7232
7453
134
5300
4812
6406
3578
3288
9243
1632
4333
3967
2613
2311
592
7008
9581
2620
7547
6580
9477
9761
9456
9296
7150
7062
619
446
830
5441
422
5733
5621
6392
8004
531
9156
2780
3836
6691
1383
382
9076
8450
8958
424
142
1512
6380
3605
3911
5909
4075
4964
9693
4827
8213
748
3018
1409
7284
6222
9176
9290
7278
6075
8989
907
5775
4336
7045
4623
8400
6457
326
4084
7718
5806
1096
8887
6111
4634
8164
2079
394
3548
1970
6386
1418
3994
503
4984
6583
7795
2400
7385
4302
5987
3633
5401
297
4942
4071
4709
4320
1439
8351
6101
4596
8782
3375
1561
3188
1907
9591
7371
36
4168
1361
9833
6365
5816
9576
2516
3108
1556
9512
2848
6098
3521
3605
3456
5076
6376
7995
1961
6015
3563
7933
3593
7655
1553
4949
4095
7833
2664
4375
2267
692
7341
1581
8695
2526
8006
8937
2134
628
7119
2959
9482
6005
8226
9886
1267
7219
5079
2552
1957
2713
1172
1097
8752
4040
3689
5239
8862
4939
41
9992
2764
4965
9069
4837
5614
3819
6660
7723
7846
3826
2701
3854
1721
6342
5609
3041
1578
4405
2193
6109
9862
4934
3557
9478
7109
9952
9634
3147
2413
7305
8987
5704
3217
6861
9490
4066
4673
3678
2570
3486
5800
6587
8158
6186
8359
4204
7801
1083
1268
1279
8797
4887
3160
9167
5950
7993
5411
7204
1555
8428
4210
4018
601
166
4795
7651
1132
7468
1902
5483
8313
6960
2830
6559
8470
9377
9605
4759
4532
6954
7924
3826
3546
2691
8699
1845
4013
3592
657
4792
103
4942
8680
8728
1213
5281
765
8558
2813
2793
7039
7583
1190
9858
602
1559
5692
81
3758
5506
5447
5152
2763
5632
4394
6164
1019
5808
2783
8178
909
8871
3225
3976
5614
1526
7132
6788
203
7448
5737
79
2544
2634
2702
4920
1069
7063
5826
9324
3716
9606
3823
8015
8234
2495
2653
1235
9048
5534
761
3773
3089
6239
6565
210
9631
591
72
8297
2173
7110
997
8294
1373
2630
4634
5715
3488
2868
3
4282
9963
2765
7336
3463
2534
6437
3982
3665
4986
2669
653
5223
4435
2438
2353
106
8151
7901
1765
7249
1732
764
7057
7824
5469
8368
8819
8205
2683
9455
7748
8314
3249
8749
9907
6077
523
308
5217
7731
4159
2108
9001
9740
3139
3335
4882
7525
1004
4682
4372
4077
6149
3761
1245
7610
7522
8981
4075
9696
8757
9952
6712
5672
5454
495
425
5266
4476
6462
8145
4568
6280
7361
1308
3931
5725
4061
3341
3566
9006
9785
5100
2598
9568
266
8246
5967
9442
4404
6814
9850
5801
3812
5397
8468
633
804
1386
7387
1893
7916
2688
1147
6767
9487
8417
1205
6540
965
6067
7129
7354
8165
5790
409
9459
8795
5073
1391
690
7042
6735
1040
3810
2815
5600
4365
4439
2495
6722
1811
6469
9539
4238
8031
16
112
8639
29
2439
2334
8672
7574
4369
7958
9112
1371
5248
5866
1363
4165
7970
9688
7400
1847
784
5491
5857
1832
8018
4190
3453
2024
5381
2880
9187
6412
6094
2310
6300
7905
6743
8826
2677
2898
647
6377
279
3197
27
6867
432
9236
513
4738
481
6212
5613
9370
4068
141
3950
7101
3354
5296
8675
8929
7629
9629
5115
5452
1590
4756
6281
1320
5867
250
9477
1868
6104
8389
6663
2083
8063
7256
9380
274
4968
6376
6979
4185
9689
6725
1543
7348
5035
2128
7596
4265
4084
391
6676
7023
4993
2542
7138
3593
372
8561
9126
8083
4029
3439
2892
6091
7455
4116
5919
2306
2147
9648
3267
3711
2417
4420
6046
7487
4885
9358
8766
5158
91
2401
6418
5221
5018
4670
1448
8043
5111
3262
8362
3497
4537
1711
3911
7556
2002
8707
5095
9352
4402
3440
2109
3619
2456
4012
1267
1536
102
4055
2901
8865
773
9135
3065
5355
2814
621
7843
6199
1409
9658
3587
7704
1931
2824
2683
8354
2394
5157
5406
7684
7988
7405
4978
2355
7431
1367
1446
9644
7534
1694
3679
6454
7231
8017
7662
4198
3148
518
7017
1186
7082
6760
2911
6739
7064
1057
4956
2688
8757
404
4634
8378
4915
7171
203
6217
8638
5818
4047
9244
9585
7281
7937
8571
8576
8785
8003
4779
7285
765
4735
239
6363
8191
6768
4303
4870
368
7153
4418
7900
5019
973
2722
1652
8584
7773
47
7614
6118
6390
3982
6286
2919
2348
2364
6920
1880
881
4345
858
2631
3059
7562
7106
588
7701
5883
5904
6667
5849
4119
8017
4487
5044
7002
1568
7792
2612
143
9181
7587
8027
7511
1813
7958
7462
9422
8034
5632
7745
4835
6823
5006
1224
8177
5648
7021
9827
2811
4460
6953
3160
4706
9826
1148
8573
6711
8992
8980
9739
1672
3812
2701
1227
973
4571
4966
6578
7270
4988
4050
5196
298
4376
3261
4854
4690
7035
466
1916
3528
6516
6778
3535
2711
3755
808
7757
8346
1736
1958
3343
8785
5658
7934
6969
2651
1062
2790
5822
9840
3375
243
1876
2213
1270
7405
334
6115
6455
2469
3377
8949
3166
9190
1493
6193
5102
1819
992
9724
5488
708
4434
1027
5073
8633
3025
9521
3833
7657
5582
2179
3657
5638
4649
579
1902
1498
5597
4684
7871
8470
3006
7872
6022
5313
711
2017
8746
2263
3945
5705
3036
4392
281
3739
5250
7138
4102
7843
5267
8196
4274
955
9979
4913
7805
9358
3591
8327
2131
3551
2966
7459
4450
4492
6039
210
1270
7608
2293
6054
8714
5700
5969
7725
210
4015
5124
4332
1959
1205
1445
4976
542
6096
6468
5163
1172
6186
1641
3039
1270
5756
7273
9148
9135
7285
6882
837
9949
6172
8668
2781
2760
3230
9251
5814
9682
5265
7747
4493
6997
86
204
7412
8208
7970
5848
8856
6695
7875
5273
9482
7404
1054
408
6227
4120
3432
5816
9542
8947
9442
8161
8164
4536
9669
4897
6240
4208
8535
869
6725
3834
4799
9498
2188
1140
3610
4285
5619
9935
5207
1094
9150
6626
8601
1506
3248
1480
9239
4165
5434
2207
30
8403
5030
4681
1115
5486
8428
5260
7832
4369
6761
3967
6908
2910
9688
292
6286
2186
7364
1640
8335
2827
1099
8341
1371
2584
9541
3068
3323
5768
8185
1678
6364
1277
8903
8742
4291
2200
4994
841
8736
475
3940
4598
9440
1870
1286
9654
3832
3869
7601
2877
7329
3119
5910
6068
8324
1063
2069
8902
8188
4994
4367
1955
3744
4088
9606
4645
6212
2956
7312
1030
8551
2258
2411
5716
1775
422
7609
1705
4631
7243
9874
1189
1024
6650
2301
7840
7000
7415
129
9685
9568
1292
8758
6617
8914
5141
8794
2071
5575
4288
876
393
5992
1758
3196
9882
1642
8511
4605
6876
3224
7700
3159
8716
1408
7206
2842
2043
2295
7378
311
1508
7473
2955
1715
7618
8824
754
6880
1847
5108
6001
7920
5073
53
2321
566
3522
402
8940
6735
6058
2945
1908
3341
7729
2883
2255
5329
6932
5466
2734
3448
7251
9661
6952
4663
121
304
4583
655
3382
333
8828
5424
8190
8065
440
7203
4154
9167
4058
6291
4197
9868
9549
254
4211
3751
9978
8173
9618
3958
2841
3315
5468
5400
146
4993
1224
3407
6684
2145
3315
2832
770
1319
8869
5565
7330
969
1434
3444
4197
6394
181
294
9987
373
3982
4455
4307
8664
9894
2569
7266
6155
7837
3202
8015
5324
4269
1734
9563
8075
7375
7056
5108
5570
5148
1600
7391
9221
8322
2117
5825
8116
1851
7937
702
4174
3036
1914
113
2785
8180
3288
9444
2350
1654
575
591
7567
604
170
3561
1693
6544
3673
6835
8831
3279
9364
106
5083
5466
7681
4659
1619
776
128
2583
7950
3499
1139
8727
8696
2089
6040
3006
3679
2698
2011
4521
2682
7949
2211
9014
2511
7607
1076
5031
1902
8622
5203
6092
9860
6517
2180
8877
2016
4958
5683
5674
7409
1218
3672
6853
5524
6712
2637
931
7289
8133
4279
3531
4537
6502
3465
7273
7351
1962
4216
412
4500
7115
1658
7125
149
5724
1863
6719
1163
4968
1361
5961
1951
7596
80
4805
8717
2731
4532
6157
1012
4862
7942
4349
9303
6966
8766
7628
6236
7334
2295
6498
5992
7834
3081
9677
4780
4724
7363
7502
4265
6933
3705
9442
8393
3391
3067
5825
514
9918
6892
2032
9425
8215
6108
7384
9441
6432
6119
4290
3546
8390
1879
6891
533
4966
1613
7427
9074
6438
106
7445
1583
8500
5764
5990
5279
6529
8776
5805
793
7132
5715
5004
7221
3452
9836
1723
9513
377
1328
2779
9796
4991
3623
5388
1433
2929
3768
1178
221
5469
1344
3442
4746
7660
7129
4193
2200
1608
8545
5285
9911
3174
1133
9735
6182
6910
800
2077
1608
19
751
4640
3929
2940
9442
9747
3275
7803
7637
3757
2692
6815
218
7871
5483
1958
3096
1817
3011
9568
6280
3670
9532
7916
4582
6511
9946
5273
5851
5313
4816
9741
5049
6110
9241
8625
9280
3522
52
8431
8720
1532
1779
3363
5689
7323
7604
6212
675
4752
5679
7388
5346
2988
5503
4282
914
8826
8046
4029
4191
3612
32
9799
8142
1198
4959
2438
3377
8916
743
5052
5395
7633
4776
4513
6086
412
7235
7480
7467
3364
5509
2572
7523
6399
2305
8268
5189
9261
9935
3741
492
4822
898
7452
5360
3448
3635
8075
2141
4571
6251
7212
2493
3560
9063
1022
7248
1570
1697
9762
1274
6899
7178
9778
7932
2239
7362
3833
2222
9694
861
9257
9401
1291
6535
8076
1161
3405
6343
6493
2790
6032
1367
539
7921
4962
739
3642
2062
1973
3031
410
521
1147
6194
104
6938
268
3677
8520
7586
5762
709
8973
5955
7924
5349
2229
8329
5891
8731
2465
5406
3948
7871
4142
5824
2098
200
1181
8979
452
6197
2204
379
410
280
3665
2403
535
4723
8562
5529
3947
5184
281
440
900
6604
4366
4816
7356
4965
9611
1323
7153
630
2425
578
6277
6067
7648
5754
1393
224
3654
882
3287
852
9114
222
2231
7094
2188
3064
8778
4767
106
8253
993
5148
6996
9024
6669
2082
6868
8432
4520
623
7112
3387
5457
9069
2638
1497
2144
9973
5951
2079
5648
4042
1186
4217
8227
9538
7012
412
3358
1937
8656
8481
6198
9848
8892
4383
6275
8944
5577
4288
865
93
1518
6061
5550
7683
3967
1699
3
7223
6000
1236
5216
1590
2196
6525
4075
3320
1176
306
4489
1938
6253
5346
3467
2981
219
7899
2946
1889
5253
1933
1647
208
6390
2260
4272
122
4384
5518
7095
5303
8181
6722
8668
8063
401
6932
9268
6199
8924
1970
863
4948
6649
8743
5518
9057
300
3490
464
7965
389
4934
144
1180
6255
3318
8393
5132
5507
8794
5939
31
9046
4826
6950
3714
1578
247
1822
9497
7430
1736
3689
8191
2712
7408
4840
2123
9482
3003
2190
6928
5748
5155
3794
8846
5166
9663
2722
2197
7872
4380
366
3197
7702
2761
8090
4628
6209
7993
5716
8496
8436
3099
586
3243
9849
7799
7647
5444
5271
2529
4748
5555
8297
8847
1395
8854
5059
5236
7792
8324
8537
6005
7769
1673
7585
1277
6307
3040
2113
3087
6751
5164
4795
3461
8141
729
9613
8642
8183
4411
6323
533
9361
6027
9850
3053
4702
3057
7380
6689
2936
3866
8273
7387
3768
4637
7043
6789
7664
4376
5931
6671
825
2325
7023
1300
1018
2455
9158
6614
9519
3124
6401
5059
7991
5993
629
6373
447
1185
9680
6683
2366
6067
130
5695
6396
6172
4910
6454
6671
7231
9197
2817
4155
2973
2119
9619
2175
9427
6435
8807
8662
4134
6517
4073
9348
8421
6262
6422
8156
9465
737
384
4616
7386
7525
5902
6435
9960
9996
9926
7596
3506
8063
552
110
6345
6422
4756
5434
2520
5558
8978
3469
3789
466
7416
5057
4326
3806
7855
5147
6319
5337
617
6863
1926
3419
3099
6855
6601
7905
4022
5882
8067
2116
1428
6944
4755
1904
1448
9484
2594
2453
6524
9583
721
5862
3188
8531
3988
8519
4337
812
288
6777
8706
2033
4946
4674
2570
290
7121
3889
1783
4565
6761
5561
6794
8725
7041
6856
6348
3364
2299
2906
325
8956
4721
7925
8804
6527
3404
7564
943
8448
8460
4166
5366
8132
4161
3204
6418
1362
3229
2709
4923
2994
5262
7921
6106
1521
7684
6146
9070
7095
7790
1501
6375
3486
2233
8221
1476
324
574
9480
7299
1945
7208
173
3497
1465
7212
8558
496
363
4462
4238
2907
5853
1336
9466
3398
9731
799
3368
4882
6912
8758
9413
9777
9683
4892
4396
4671
9810
1987
9672
526
1000
7431
6983
7549
1679
5318
316
7729
342
7619
6652
4581
912
1828
8269
8240
6521
9450
858
6837
7219
1199
6235
2663
3125
7801
5009
2743
2238
6883
5632
5250
1492
3367
4373
2165
2099
5249
9882
2642
2566
6796
7861
1060
4700
9880
6787
4862
2982
2767
9803
8772
3070
8515
9960
3268
6434
2148
184
7180
8043
1095
5431
2146
8541
7103
1258
5060
9144
6895
4239
8664
457
2278
3590
1156
2597
9825
8722
7170
9729
7829
7886
6156
6954
2035
9398
6901
2794
6436
2387
7603
5839
5172
5535
7586
9163
1382
2296
657
4046
6996
3422
1817
8779
5683
3316
2171
6566
480
6884
4177
4434
5864
6815
5889
81
8549
7074
744
9372
1102
751
6816
633
9049
7090
1142
2154
9163
9871
7732
2968
3940
2640
2819
9106
8754
1513
9764
3766
6613
2898
710
3054
7491
9992
4726
2863
7703
7873
6245
5023
6949
7739
3158
4112
8715
4596
730
9337
6637
1406
1269
2443
6075
9431
1505
2432
765
8652
1335
4031
613
6229
2333
3513
6998
2883
9947
4808
4351
2172
2701
8121
5231
9359
3072
2246
1570
486
4912
1460
8555
9673
4193
9180
466
9433
4064
6550
5385
4427
7284
9621
3188
5164
2584
6283
4650
6003
9839
7115
698
9483
3382
8846
3921
6043
9801
9622
5301
1791
1776
5512
2170
6343
5420
4374
7800
7398
3448
7006
6830
9325
117
2745
9935
7182
4846
7264
1435
5985
6387
5565
6511
5483
2879
5159
712
5515
7734
1192
667
6415
9170
7231
5204
621
4055
5144
7920
8178
7674
8222
679
2600
1698
9115
4476
6655
2794
9360
5757
1880
5723
1102
8415
8579
1554
2025
5327
9659
6091
2204
493
6109
4258
2472
2702
1860
3728
5175
7531
7451
3526
3649
8464
2357
2349
6833
1581
5913
9112
4927
6481
9025
8201
2009
4196
1788
5303
5086
2797
8326
9363
4262
2094
49
1847
8365
7753
486
4930
6064
4344
7295
8656
9509
5428
8385
2916
4293
1843
889
4405
4699
7053
9534
2619
2837
4108
7330
5771
6101
6717
3114
439
4940
9352
74
3223
3118
9357
7515
1583
5138
5925
3307
4168
5349
2884
6448
1273
2526
4614
1403
7646
7592
2572
1559
8260
7501
7926
4873
6582
5680
4964
2934
1850
7201
7512
7154
1036
3478
4326
829
173
1971
165
5601
3750
5557
1828
9449
4444
9129
1843
4745
4758
2384
1947
880
6668
2724
678
9616
1849
4031
3759
5943
8604
7013
9597
6615
4668
3157
6778
949
2515
1923
1553
2015
4200
6683
3292
8329
4628
5598
5779
2382
6278
2414
2721
9394
6887
917
2910
3536
8877
7155
6910
9136
1448
4979
9598
8722
8451
3472
8930
6288
6639
2428
7416
3947
6304
4357
590
5845
556
1956
4112
5809
9766
8475
4271
5588
453
5843
670
8540
8333
1652
1403
7514
1669
4128
1651
5071
358
1434
7364
8851
5225
9501
2348
5103
5594
578
6980
6919
8036
9229
6476
6638
1421
3956
527
8369
8680
9459
2602
9999
5620
379
9329
8178
4961
3578
1455
9769
3969
9248
3614
5059
8399
3403
8341
2417
6473
6059
1736
2169
2082
6320
417
8571
766
6301
8045
1062
8155
6809
7357
8738
4292
2967
6513
3216
8482
7313
253
2765
8736
9294
5097
5533
8977
7261
1673
9321
9395
5680
9125
8606
6277
2333
3294
4283
560
6827
276
4324
220
5214
9189
6368
7524
8438
3538
7875
3404
6488
4226
6698
6877
8646
5966
1875
514
5603
4171
2473
2915
8448
3641
9181
8504
2281
3305
3926
1118
2089
4886
9028
2013
8433
6356
2337
9051
2837
8867
4165
3291
3703
9214
7878
5758
3775
8794
2574
2575
1671
9394
8058
3532
6732
6843
8805
1157
9140
5181
4882
3227
9008
921
2280
8894
738
8551
7004
4586
1060
4159
6728
6142
9014
8801
7444
6431
1188
5842
5751
3542
1942
8345
1133
3530
8761
3774
8882
7400
4946
4198
503
5263
7883
2163
1353
2008
4319
6145
3749
3312
4248
8849
9816
8611
9872
7089
2842
9867
1396
986
9449
7464
8152
9725
6164
9677
35
313
2379
1863
6193
1965
5361
7414
8807
4623
5596
2331
7207
9210
3880
5847
3114
9468
5515
3689
8410
7050
6136
1806
4865
1362
7982
4825
8201
1961
8610
6693
1137
4526
6561
8079
1069
2357
1904
8888
1057
7249
6898
2365
7443
2555
3443
5717
5017
9327
6820
7562
3645
90
7616
9643
6067
1723
7220
5098
7915
7698
7667
7353
3017
3751
1736
3131
4593
2751
4927
3065
6774
2744
7791
5959
5801
5481
8736
1362
9821
3590
5507
1524
5384
8191
2921
7978
9626
9060
9353
4346
1831
9076
3084
6614
9443
128
9710
2076
4865
702
4054
7893
8479
2686
6697
4053
4
9150
3220
5433
981
5718
8962
5172
5057
9856
8294
430
5449
533
814
1951
5036
2191
2984
8198
7252
1605
3308
4474
733
5199
9109
5825
1164
3832
6356
451
8241
9634
253
9584
4158
6822
3410
880
1561
101
9443
5685
1579
5368
9882
6608
2850
8323
8324
2563
7393
7935
1810
283
9056
7150
7695
6830
4238
3104
7501
3548
4675
5732
6698
9939
9047
1480
1410
6115
8973
6217
8117
619
3009
6803
6395
74
6100
4849
1065
7769
4089
452
4959
4010
5025
7715
4566
2031
6452
8877
6840
7520
8814
1522
1657
4112
6947
6654
9861
3133
9329
862
9294
43
4957
7991
9551
87
3886
9443
5075
8257
138
2463
2862
9966
4558
7991
9397
2481
1436
6660
6024
5342
3949
2594
5255
2588
4661
1575
5275
5734
9768
380
4132
4061
4749
1201
3375
587
2019
9244
843
7308
9246
9962
9331
3755
111
3014
7780
8419
968
6505
6934
8390
3300
9331
9834
8215
8515
8525
5580
2665
9256
132
2451
1815
4793
9322
4080
4049
8345
449
102
6483
760
84
9753
6547
6604
6806
7295
9536
4575
4989
3453
3726
5640
2072
2761
8986
1681
9773
3550
9159
2130
9619
3721
5196
2225
7175
4144
7830
9355
8569
4110
8973
4201
9743
6299
5883
2470
8173
4901
620
2880
3142
4964
2217
8472
7088
3901
8197
8457
8406
1348
9363
9608
7994
4416
5110
7988
8972
994
709
5542
6656
1321
4203
9282
3876
4152
9853
3075
5059
3401
7219
9617
6510
9008
6002
5457
2927
3395
6250
7029
1926
8806
0
1364
5649
8060
8835
9366
3935
9863
61
1114
5802
288
1941
307
6195
3790
2657
3478
1480
3848
6669
6083
9644
1817
5426
9508
9537
6431
5426
8546
8852
8567
9083
244
661
3263
1702
236
9173
9683
1019
7819
7883
6570
2081
2978
6406
1542
5502
1652
91
7429
7977
9748
6677
1525
9383
4671
95
7911
4455
5728
8567
1421
6409
9665
6927
6216
4935
9488
6555
5400
4372
8003
2214
7425
8198
3494
6093
4658
1133
7802
6174
5721
6342
8011
7558
7194
7356
7041
9577
9792
5550
1413
6091
4327
2049
7236
9644
8233
346
3546
8283
7760
2545
5758
1091
9967
7883
9163
689
3691
6173
8432
7059
3359
5865
8285
3385
6429
4044
6886
2563
584
5451
1179
5361
9936
7509
5720
6255
3583
5907
2600
9665
6194
5657
6340
5000
4290
726
3877
5818
24
3061
9277
3164
1070
7673
6704
9028
6998
6353
11
548
2800
5007
6730
5366
8623
1438
2860
8673
2866
6480
8847
652
5033
9438
5564
3578
7045
9417
88
3462
3282
3594
3265
9380
7897
4487
9441
7554
7073
9752
203
7874
8095
6012
2557
2668
1914
643
4627
5214
4411
4353
5990
1703
7637
7138
7201
3833
6321
8919
2053
3274
3483
3965
567
6059
3020
7893
8447
2283
21
4964
33
3042
6004
9999
5135
1985
8943
5189
2454
3981
2886
6388
8708
5935
9747
8637
5432
2114
1425
6271
2316
7940
1855
8579
5147
6786
4715
532
3090
9419
1799
8177
9905
3163
6029
9599
7479
3207
7380
2785
5201
5006
1743
6768
6495
8545
5982
9196
2926
6004
6518
2543
8997
652
852
8007
9080
7347
9397
2721
2370
822
3637
3229
3199
9290
8970
4617
8991
8938
8720
7522
3848
179
4034
9099
3119
7840
124
1279
2276
1781
4875
453
2958
6069
4907
8547
4241
8216
8889
2305
188
2363
9558
7946
4549
7230
896
6915
8974
8960
7187
4756
8552
630
3843
2542
4412
905
1025
9489
5301
4260
3635
964
2524
3382
4759
9943
883
6704
3792
9882
9120
3274
2634
7485
6807
2095
1464
6656
3625
4555
2713
2103
4725
4006
4320
4760
1626
4997
4061
2059
5026
6267
1751
6112
5060
5991
1367
2908
4794
7068
1485
9926
394
2153
1925
7691
177
4911
8439
4004
8526
206
6959
4163
4274
9828
9644
102
3039
9032
3990
996
7822
8930
747
2660
212
7762
2487
6100
5922
2693
1712
1882
4760
2045
5447
2357
7888
1107
3219
6514
1978
5351
7114
9174
1637
1701
4647
4945
1656
4217
3113
4467
1836
3019
2712
12
514
265
1564
5528
225
5941
3480
3608
7135
7391
7008
5815
98
3148
6708
4396
2253
4080
8100
4530
286
7209
6730
5544
8612
5830
8378
1311
5873
1573
3263
4523
9398
2553
3650
9650
1500
6718
8302
8153
4828
2465
3826
3380
4830
3162
3966
1573
4848
1703
7937
6644
3883
3051
2723
6751
9704
6366
592
4496
990
7264
1065
6463
1465
2827
9008
2167
5550
590
2405
7599
6972
4165
9432
7505
5764
4195
9273
5469
5401
4619
9772
7384
7672
4413
6665
1416
2754
4641
6005
9728
3698
2195
2194
1925
7690
3712
2411
7971
5823
5677
8862
1076
4621
8614
1272
778
2556
2015
55
7914
8185
9041
6132
634
1686
4362
1372
1299
5519
8284
9209
4938
2153
2951
3124
308
212
4972
9929
8805
2791
4471
4516
7440
5876
8812
8536
1476
5408
416
4718
7692
1527
1760
9835
5470
1148
8523
9592
813
9553
1794
8742
8618
6099
6916
853
834
8462
9509
1651
2927
3832
3287
4810
7522
7603
2249
8531
3822
181
5395
87
4475
4061
2394
4492
3163
7869
1632
3171
4552
9631
3968
163
5812
8867
5260
5096
997
3897
8279
2731
125
7293
1690
9592
3799
7112
9488
1128
7021
5900
3265
3626
8216
5737
294
8536
6263
1011
1057
4392
515
6627
2238
7644
7599
8813
5134
5958
4675
5369
1193
7547
1347
8654
8137
2612
8301
1739
2018
2372
8029
8288
8650
2738
4893
8273
1432
342
1778
2922
3145
5314
9549
2432
4503
4790
6661
2282
9852
264
333
1961
1092
9284
2357
9975
7755
6379
702
8021
5134
2340
9773
8446
3125
8980
8337
6901
6661
3978
7180
5310
8999
9657
1015
5469
9874
5705
1341
4576
6155
3852
4757
9925
39
1584
4603
1729
9362
8706
3741
9887
952
2168
5307
3429
7989
615
7747
7999
144
9423
5507
7322
6346
1327
5831
3151
7377
8723
3222
8727
9683
2587
2246
6626
2037
2043
6519
3250
2785
2976
8013
5611
1348
2576
9270
3078
4921
2406
6753
3250
4797
3218
798
1301
4601
8390
7638
7442
9434
2716
1069
8300
8440
6905
3198
1342
4743
5635
6637
6980
6202
8320
8133
9642
1344
3227
6726
6181
8008
1620
2194
3911
3511
8357
6434
9107
4325
9701
8187
8948
8594
8188
1805
3644
2829
2852
2994
5250
4789
4659
4156
806
8658
8192
6095
3636
6359
5354
9436
9717
3728
8666
5508
9749
5419
5093
4339
2929
7204
8110
1148
2173
7703
6084
8711
4386
5485
5504
8589
103
4983
8322
5625
2580
4338
9022
4414
2581
4156
4519
4320
9216
7358
3522
8382
2554
5086
511
860
2004
6221
922
6746
2931
7429
1983
7695
2924
6186
5048
1066
8911
5365
2427
7463
8008
7379
3305
563
6708
7496
5914
5595
9376
6172
2236
9609
1318
7515
5670
5975
8865
3676
9759
1009
8808
3163
8551
6750
7391
7238
9453
2627
9697
3619
4465
6499
9841
3127
2769
8012
4697
6336
9553
94
3364
7835
686
8142
652
9131
7128
1996
2591
9745
9525
7395
3371
3293
115
2949
7129
7587
9531
4981
3995
5110
4344
6671
3266
6791
9058
4343
9202
937
2404
6761
147
2078
9934
5631
3095
9723
1412
8935
6633
663
562
873
8795
1615
8343
2382
8855
1990
7384
6354
2138
4776
9156
9355
3021
781
1912
1726
7589
2079
5025
3281
4650
2034
6099
7265
9815
6826
5196
3354
8607
5358
6233
3471
9016
412
9350
1810
4820
931
8751
7265
3299
5850
1546
6431
4904
9584
9517
1232
9506
4875
4440
4024
2049
7767
8313
412
3489
5912
8634
7559
7684
1151
9570
427
8501
8301
4579
3586
1347
5724
7557
1900
6967
2098
4131
8294
2421
9162
4675
1318
8878
5060
2441
1153
9859
260
2639
976
6354
9393
3142
3036
4794
6885
1540
7325
8665
9605
9427
5656
3703
6822
5515
2008
6713
4788
1621
7978
2837
8115
4094
8604
1268
3593
2786
9148
1340
6669
2370
6797
9026
2431
4401
2713
6965
9629
1443
7736
5832
4414
7160
8907
4076
72
7442
3433
6974
159
785
3902
6202
5634
1721
9390
5370
6895
2444
6902
5240
8423
3169
9020
4279
7981
9483
9160
3836
1057
5263
7089
5483
4240
9505
3548
2053
2645
7598
7388
2916
2792
6259
4364
7303
8613
1339
5030
8926
2539
9447
9510
9524
8157
330
9392
3738
1458
9833
3417
5592
9970
8704
1975
2540
6141
78
1858
7944
8128
3145
6847
9644
7038
4451
9572
9836
8378
3761
4883
2254
9120
3377
8853
5785
4544
8510
5122
4875
5376
5609
8460
2852
3824
4327
9679
4080
817
999
3422
9563
8534
5677
6822
4460
6162
3483
9895
863
7656
2457
4243
3843
934
3241
5118
5820
1924
8578
6627
997
7967
3031
2008
1618
1523
7546
6435
3732
2967
8461
3840
8822
7730
7272
4017
1982
4911
5818
4583
7745
8284
1808
7090
934
6387
5685
5030
3448
5130
8993
703
9217
3412
1929
2601
7726
4078
8544
815
6813
537
3771
3289
6712
5550
8742
3975
3207
9119
8748
4506
1847
3744
5748
1436
7524
4115
2992
6819
181
1749
2450
8270
8848
5687
2297
7803
2507
6107
5747
9286
9778
4100
6262
8550
3656
9241
3859
2324
6953
4979
1190
6647
5811
658
9696
2547
3361
6692
2624
3136
9190
468
8551
7082
8999
4026
8033
6311
7533
2527
1878
8703
5022
9654
9611
4195
2727
7551
6005
8616
5665
3426
1073
5730
6762
6571
5453
5342
6202
5934
415
1687
9460
3767
3359
8993
8451
1343
9397
3328
3783
7915
9144
4628
634
5935
3553
4662
1989
8032
456
1340
1631
2259
4947
1681
7141
5123
791
4666
5804
9328
6213
9357
2508
9462
9605
3301
9064
333
7011
1853
7776
6771
9465
4766
7763
5815
6254
6549
7990
5213
4904
604
1582
2555
6140
5550
4694
2338
7383
4286
7331
3199
7179
6723
1778
5837
4336
2080
9683
674
749
6122
4335
2126
5910
3838
8408
9487
836
4355
1326
677
6409
9414
1791
9635
9394
7764
6241
1684
7668
727
2226
12
2301
7653
2237
7253
6555
5054
1085
3281
6163
4792
5836
1102
7142
4452
9689
2470
4639
292
6554
5190
3374
4985
9875
760
1204
18
7283
6443
4461
4345
6581
3927
2123
7448
4891
2632
8850
9264
822
6197
3603
3236
1241
3069
4879
1960
7691
9753
5520
1523
9955
4828
4182
5537
3538
3197
8752
7064
3506
4742
8309
6135
6216
5791
9029
2388
9331
4961
7957
915
1174
3129
68
5777
4008
73
2573
1752
8209
8371
1366
5999
5310
6974
1635
7553
168
9948
7986
5266
9087
4057
3138
1095
2962
1990
3635
9210
8500
1780
481
3441
6848
383
999
4587
5009
1832
9668
3560
7421
9298
3942
6944
5973
7873
3291
2801
2685
6417
565
2856
1475
7057
2727
7940
2929
4130
3743
3800
6769
8326
5276
6161
4442
1368
2112
3552
2522
785
793
6494
8477
6369
5766
7105
1021
9103
1451
6513
2226
1522
5500
4257
950
8682
5412
9618
7594
717
1186
1428
3907
1642
7661
7268
1492
574
2547
7284
1385
2130
1335
2683
7354
8769
5683
3742
5941
5091
5216
3806
1841
3574
1549
6255
7787
9273
8115
554
8840
6818
9051
8407
2050
246
2269
1424
3811
5606
8025
1579
1038
2067
5832
8649
8536
6929
7496
4041
5545
230
463
8624
0
6414
3430
3519
315
8926
4906
7998
3512
8028
6960
1381
4522
3690
9947
3522
4400
4080
3910
544
3954
2574
8441
1236
107
4220
1094
8990
7326
8482
5967
9436
8467
893
6797
7843
4105
1866
7195
6559
3487
6337
4246
9967
3865
3216
5216
7351
4481
1834
7492
8244
365
1800
1014
9091
7865
7701
8982
2390
4616
5361
4403
1605
5327
6732
1745
9160
4574
8347
566
2865
5749
8834
4881
8224
5742
3100
9059
5587
9373
6452
5346
8169
8439
5529
9987
5231
1047
1223
6369
3373
3556
2442
5686
6124
2954
1358
6584
6467
7342
5170
6538
8224
3615
5265
5261
6179
9785
5334
6549
8737
8187
7412
4415
4955
9458
7092
346
659
6848
7484
7505
3247
1086
2
1351
2458
8694
6300
7329
1989
1135
9735
3604
5345
1269
8000
2233
3293
7410
5659
9946
359
6947
2546
2226
3523
8062
6100
5029
4287
4664
4608
6654
7538
1113
8262
8078
1558
4431
8416
5347
6106
3004
3562
3425
9097
3334
2061
8066
2667
3307
8123
8614
6229
6644
3014
8375
8752
7306
1600
7775
3521
768
7206
8583
1676
771
4879
6988
7552
5311
1058
6653
1159
5268
8066
7167
7098
2002
9011
9424
6374
7103
9529
9696
6431
8719
7509
1945
9957
3087
614
7024
9771
9991
4690
7466
488
8641
6054
8810
5000
8469
7187
2864
4620
4881
297
8723
3026
9985
1585
1645
165
6710
2948
6415
5518
8992
3421
1051
3855
8500
1353
9325
8771
6853
7883
6121
5992
7754
7680
5723
6658
2817
2438
7130
5967
3427
7454
8683
1629
8699
1103
7197
3635
1208
6594
4532
1852
6691
7167
5755
1298
8838
7216
5346
2508
210
1646
25
3026
9187
9375
3293
7069
9098
5678
2584
6203
3089
3312
2253
3388
5394
6285
6540
1150
9025
8963
1753
5645
4832
248
1020
241
5962
1680
156
1708
9560
2298
4456
9748
8244
4287
9508
7992
3373
1636
9560
364
2241
9670
5570
7865
5860
4375
1579
277
5418
7048
3028
1958
3376
8840
1222
8374
2158
4011
886
4744
6080
9887
4889
2196
9400
8902
8451
7259
1649
5154
4055
5080
8559
3495
4331
8907
4546
9996
2050
7885
3815
3142
2716
6535
5068
1588
5001
2330
7539
3241
9140
9394
1130
2118
972
9881
5244
1727
8518
1418
4507
8075
5344
240
7832
998
5661
9021
1985
5903
4571
6177
3122
5945
8322
5647
3169
7119
4768
8666
906
9615
4189
242
158
6298
1409
9259
3415
6919
2727
3586
3312
9010
3045
4820
4003
6781
1247
5930
5075
5837
9736
8571
3346
6141
1812
2601
1866
6698
7215
4113
7094
817
4590
8172
7028
3439
2801
9358
4178
1027
5930
4443
2858
5378
6087
8080
6035
7445
5220
7248
2937
5623
132
5574
4976
5410
3910
1113
8979
3855
2309
3313
9267
8177
6767
7499
8382
9730
2193
2523
2471
4412
4773
9762
7942
5786
9696
151
8192
8514
5623
9238
5805
4902
2753
9825
7556
9311
5674
3518
6715
6505
2814
9987
1877
9383
2327
3413
1653
6311
2913
1225
8782
7095
8807
6664
8474
4052
9596
429
9690
5783
5109
9333
8582
3241
2147
6388
6601
489
9156
6000
2637
7326
3946
657
525
4314
3456
5279
1386
3127
5964
9741
4154
2721
5872
8555
9872
7986
4262
130
107
2474
2902
2579
7532
6455
3864
5377
6275
5804
86
5030
675
2425
6620
5627
7491
4900
4552
2000
4692
256
2016
7696
4081
7241
2249
5306
1016
4536
4680
1878
2694
1701
5478
5134
6903
5259
3581
1180
5609
2476
9046
9707
2279
1467
490
497
6274
2837
4327
2470
6271
1446
5365
2601
357
4379
423
2356
9875
302
577
152
7733
9041
3308
9883
1303
3654
6415
3737
706
9301
9198
1515
8744
4972
1572
9558
2563
2686
9370
4529
6981
4360
9149
8584
7047
4648
3483
863
550
323
3509
2475
5813
5719
8427
287
6293
7539
5494
2132
2812
2206
2626
4669
789
6721
7731
3083
3229
7819
5401
3682
3866
1145
3543
5500
2287
9493
8393
1708
5580
5965
5512
2603
3529
7324
6740
7299
8375
3972
9765
8176
2318
3384
782
3864
9782
2153
5852
8953
5207
2794
7056
5692
9267
4735
8103
3071
4690
3244
2503
560
3467
6018
2082
4977
8895
4896
3888
3986
2235
2316
871
2362
8055
6945
8767
7538
2330
7493
4297
1376
1376
2786
3031
1613
8047
1678
9987
7221
925
5133
4286
9218
3086
2972
3917
2869
503
321
990
7187
5890
5416
2714
8922
2233
2303
2730
8090
1092
7425
1296
2611
1187
7228
7688
7075
8106
4313
3857
5982
8778
8533
746
5140
5798
3572
7408
2357
4226
1010
3692
2147
1664
3092
2767
7268
153
1997
2440
5492
544
2642
8583
3834
4168
8735
7932
4619
3578
7628
8887
2350
6539
8917
4208
2239
1684
2243
9901
9316
2140
3752
9567
7616
6166
8695
848
5447
9920
1218
3943
869
9076
5672
496
9135
6356
5225
7769
8141
5332
977
4287
9060
243
6753
5018
9715
9407
8059
9793
6559
3433
4379
558
1632
2794
4783
3478
4151
5709
1965
3174
8470
2022
3801
2599
2974
2021
4910
4703
8846
1508
7778
7946
6595
5133
8984
3955
9601
8525
635
2362
7403
7777
8230
1509
8235
6217
2356
3210
1335
5704
9539
501
4694
7295
4186
5016
4108
5402
5136
8932
1627
457
9934
115
3371
1491
5893
83
2159
8824
2529
1522
5449
4781
9270
6971
9053
7365
6715
3844
2478
718
4858
8232
6836
6290
8513
1419
8984
7379
3601
3937
3601
9788
9436
917
3444
7462
2048
4108
5
8583
1498
1424
9362
3550
6063
2917
3674
4261
4558
345
4145
400
658
2308
3014
4493
3756
2856
1850
4222
940
277
9120
9229
6993
3262
1055
3192
5400
867
5322
9463
9159
8140
90
7818
3518
4657
6875
4648
4856
6718
9228
7579
6258
9431
6127
4022
8655
7676
1704
4657
9803
1183
4694
6059
7810
7457
8526
8517
2028
293
8276
3310
1246
3824
445
4774
872
3749
4036
2832
1018
7081
2241
3979
8749
9697
1105
1791
4674
9679
8395
9906
2810
5745
9536
1822
8530
1678
532
603
7936
3238
4037
5228
9577
2417
2570
5253
1719
2017
6673
9974
1184
3906
2505
660
8522
9139
4523
5603
2534
7387
3487
7547
6092
8223
665
9029
2816
6619
7035
820
8300
1201
859
2969
3708
49
8926
2872
6416
949
859
8486
9417
642
4724
6930
7617
8567
7326
2390
1565
8778
5434
1105
3596
5110
4331
5728
712
2713
2825
2666
9257
1339
5290
7141
7742
5745
9954
6278
668
7182
8106
3963
7894
4327
3236
2532
4544
4452
8806
3615
446
4399
4282
4046
8795
1259
1764
6851
2333
9342
8577
935
1890
3047
6182
8202
4343
6272
3922
9211
2483
5465
8441
2471
1212
1345
1624
4093
487
6647
9652
9497
1455
7544
9239
4743
4068
9284
501
1183
4392
7950
5329
7782
615
8430
9956
3069
1289
8692
5556
2440
6679
3854
2631
927
5032
7949
1488
2670
9369
5095
4017
8134
2398
137
929
2324
3415
2154
9868
9234
9164
7803
8405
1742
2339
2757
6940
5871
162
789
6481
886
6587
3187
208
6320
2860
5586
422
1199
7994
1530
3837
7957
5973
4902
3174
1231
2986
8906
9667
7488
9020
6424
1441
8336
9937
7547
4658
2508
8392
9012
540
6218
7083
7020
7783
7571
6478
3185
7693
8845
8291
4958
2848
3636
7160
4300
7475
8773
1550
447
1292
7639
5006
5454
7357
7529
1262
7543
3005
4864
5226
5806
1412
1768
5149
8017
4946
4439
9595
3590
8972
2241
502
1767
460
1898
9959
1368
2284
3705
2508
4776
7383
9718
5449
7077
8040
9740
30
6243
4784
7073
2169
8659
9938
724
916
251
6644
8068
6542
8928
3434
9009
2212
1027
9823
2843
9175
128
5157
839
4942
6924
9341
8289
6934
2278
522
406
4085
998
80
1050
1920
3922
2362
1049
3616
8536
2541
9967
5376
9483
3224
5511
128
3257
6497
5461
712
3348
130
5038
8434
5531
716
3465
6183
7421
1479
5289
8158
5733
1452
1993
8143
7692
800
7847
2689
4380
9672
2527
9929
5050
4192
4263
5833
9077
8177
6717
8158
5316
9770
6799
8815
4871
2190
6309
7505
1949
7089
3249
7641
8736
525
6703
9604
3677
753
5648
5964
4663
1259
5279
5566
8781
5625
5968
6817
5109
6833
2700
8455
9952
3660
9084
2666
4830
2804
732
2830
6134
5084
3496
7687
3427
8781
2989
1282
1273
3413
6250
5966
3225
1092
5337
897
3492
1193
8291
2848
1518
4733
7362
3325
9180
2892
7944
3938
1160
2681
8934
3206
1122
3266
559
824
7278
1162
6356
5613
4339
270
9796
1405
2735
5773
9587
6169
9518
4015
9311
3529
7574
206
2097
1126
880
4254
9107
2818
7614
4483
9436
7491
3602
8918
9134
753
6637
6961
6881
4980
4315
7102
4505
9875
8232
8565
6009
8442
4694
2159
411
294
6871
1526
3532
9750
8146
1475
607
5105
2356
1695
6626
9575
5350
7115
9754
9980
5188
7620
2078
301
6517
2592
7045
523
4439
6666
3371
5418
1368
9054
7510
1184
3602
8368
2550
538
4485
6901
209
7680
8155
9489
7233
8425
4433
2875
3214
1346
4306
9930
6179
6281
2202
9219
3811
8624
6459
2865
4902
8879
7567
4287
5474
6699
5486
9466
613
8993
8120
6031
2684
1467
9249
9261
8778
1351
7384
7593
2492
3849
9651
3881
6262
6683
313
5560
3361
8937
7068
9269
3999
7961
9813
9518
5102
1829
7767
5851
8046
8421
7364
4297
6105
8395
5199
1924
7742
6960
3217
641
9827
1133
5254
4730
4376
9011
4323
7205
8576
7509
5434
1512
912
6222
6879
7336
7497
9994
3898
9570
280
7990
7190
711
1985
7488
8558
1390
3059
3644
4902
4779
361
5555
3527
3950
285
8078
1923
6503
8619
8341
9881
8361
8750
3319
4393
3782
5435
355
2629
8756
908
6070
1831
4952
4270
9684
4271
1160
6997
159
8142
7645
1807
4794
9869
7472
2853
2209
9538
7685
1225
7079
8088
9194
4916
1843
5868
625
6920
870
8617
8381
7656
3861
4541
3335
3102
8466
5555
9641
4638
7339
5059
6874
9549
5329
8030
8080
7283
799
6017
4629
2633
2571
4711
7906
11
6873
7736
4640
3257
7568
6184
7341
8703
2978
5165
9450
6013
8301
6253
3150
7798
3528
4520
2287
7118
3344
4055
7983
9939
2193
3099
3030
2689
6772
8083
3972
4351
1978
4114
9123
7634
3039
5106
7098
102
5416
1802
1843
7122
6293
3228
5305
961
6481
2587
2472
7189
8550
7001
4250
6743
6611
8887
3667
3645
5445
2033
9292
8148
8712
1166
6953
6464
9512
9603
2565
5264
7861
7585
9637
6144
8635
5509
8727
7486
8660
9749
6455
8288
9343
1618
1433
1204
5286
7303
1637
2635
9809
294
197
692
66
8715
4148
9364
4887
6263
1313
1910
5995
832
3574
1564
9098
5663
3482
5913
883
5260
9530
9663
8353
6842
7164
2301
6880
3415
4215
973
6072
8982
628
2476
1671
2485
722
9908
8775
935
7072
2459
5962
8489
830
8593
6430
175
5104
8514
5940
277
1246
9400
938
8952
7317
8081
6063
3474
1412
7553
2289
8361
636
6362
8004
2299
1313
4643
6379
2779
3281
593
5696
3459
9937
6568
3678
6560
2472
3550
858
950
5406
3297
702
6685
2143
5206
9149
7222
7803
8530
1612
9760
781
9023
2453
9050
8037
9947
4195
7493
4490
1466
1445
633
6687
4782
8606
9703
860
2020
6034
9871
5866
2784
2848
208
680
9689
9726
6257
5314
6825
9138
5297
6296
7913
6306
3114
9402
2251
5636
3780
1815
2312
1964
8011
7185
6389
1222
2736
5794
1181
4737
714
1260
8356
4610
3020
538
4735
9642
3762
4276
6113
2622
4714
5760
1395
3277
7302
197
6005
8838
9470
6781
304
6700
8592
9203
6818
1004
4327
8310
6413
8373
3099
7321
8026
3477
9851
2481
8925
8376
3906
6820
7193
8746
7033
7766
6220
9419
1375
8761
9060
8513
2258
898
4180
1257
1143
9045
8585
6540
9192
1089
6828
4180
609
1553
6657
7899
8035
915
7174
2181
5501
2180
9369
9045
2820
1309
7245
2475
8996
5021
9250
2426
3466
518
8994
9162
3368
8931
4016
4255
5533
822
7311
4690
927
2675
3548
5752
9862
3643
9417
1991
9794
9447
4311
4338
9824
3900
7289
3421
7968
986
90
8930
539
6652
6381
9174
4960
5614
5641
9045
4042
3526
7529
4327
6207
8567
936
4026
9973
5793
6246
6087
1876
6881
2859
4742
8381
7301
3491
544
3526
3686
9485
5911
1630
2195
3857
2476
3650
8989
8725
7661
8948
5836
6324
3271
4960
232
4195
9700
8510
3043
252
592
8677
1029
2923
1641
5295
8078
6252
6286
5091
5394
7069
4994
1013
4280
9230
949
4752
2466
417
1273
7891
4688
470
8120
6527
1021
717
4084
7294
9320
34
3063
1928
1764
4630
1576
2091
9593
3228
6486
2645
1951
4582
9804
2711
2035
2096
4656
958
671
7597
761
7966
7856
7305
4509
6957
6937
7157
3252
5282
7304
8991
6891
2889
5070
2918
8389
172
6278
5184
2110
3390
1719
8966
437
1255
235
7016
470
271
7034
8726
3029
8434
4050
2021
2750
3676
7692
3618
2335
2790
3951
7830
5974
6046
8261
9168
5524
7480
1774
9756
2852
2116
589
4012
1120
2966
274
3145
6675
4657
3864
7349
2824
773
2852
7986
6261
9907
9369
6890
2523
4180
6635
2594
6984
96
8485
4736
3654
2656
6753
9698
9494
9704
755
835
5915
2130
3620
8797
6159
3197
1944
5900
4283
3300
3159
5595
8437
6655
1000
8246
9955
6026
5990
9070
4343
8226
4362
7433
3780
7675
4539
3953
9748
9129
4808
7965
683
4308
8188
1512
4907
9060
8483
1467
8913
9917
8879
2496
3434
1892
2605
518
1422
1223
1165
2985
9615
4401
7226
126
1465
8308
4207
4578
7743
4155
9097
1927
7536
4216
3590
5531
8178
9046
2069
4464
815
7029
9655
1018
2894
9941
999
8390
3477
2458
1604
6529
9543
4508
6960
6885
6741
5501
2290
3695
8625
994
4648
9163
9925
8133
1793
7125
9788
9227
7527
8031
2255
7398
507
916
8171
4652
8721
8383
2380
3452
5211
3971
2948
8128
5633
7032
9267
6502
8715
4186
9303
3048
3520
754
5763
4351
3838
2783
4392
5978
1748
8376
2115
5517
9142
1142
3349
6348
5933
9396
5685
7106
7509
559
6594
3833
2967
4463
3669
3787
996
1214
7678
2762
757
6998
27
1719
9538
8966
1271
377
9016
6273
5289
9967
647
2860
2812
4209
1856
2922
7088
514
3250
293
4873
2205
788
6451
1210
372
4412
2179
5053
4688
6251
1682
3409
4701
9387
6142
120
4294
3169
4062
4404
2737
8856
3928
2155
7099
286
6870
3952
1893
6314
4500
4923
8177
4953
7686
3183
7204
8614
8354
8034
5786
225
6228
4384
6310
1369
6094
8458
4211
4316
5206
7712
39
6119
9393
4684
5669
2505
9027
5198
3868
8434
3972
732
5974
2670
7491
9425
6913
1248
919
8011
4936
6895
3024
4458
8158
8603
321
7238
6618
2079
2068
1685
2466
9151
6016
7053
357
3239
8907
5457
8031
5873
5793
3721
2785
751
5359
88
987
2850
7038
6064
4543
8567
7636
5187
1428
5498
3572
6700
6104
6115
7526
5873
7900
9612
2642
2164
1137
5741
7641
8178
2035
9651
1497
9213
7944
4831
8644
2168
242
8125
6882
4967
1499
5275
7043
4818
6714
3934
4234
2002
1646
1432
3358
8435
2062
6909
9862
1301
4540
1739
9035
337
2894
8994
1001
9133
3268
4614
7313
4911
9574
9627
8898
2837
1986
8607
3304
7657
868
1139
1997
4661
7893
4205
275
510
1956
6658
2779
3711
4701
1470
2870
1158
2873
6015
7402
2329
9109
7782
5152
8198
8897
701
1739
8073
3820
4062
2350
2218
2476
4957
6557
2804
6380
6550
5411
8453
8568
3114
5447
8963
4781
1533
3628
70
2297
2208
2784
3520
7830
2502
8993
7462
657
326
9614
6847
4063
9219
1930
7005
110
7762
9399
6258
4421
5526
7844
7179
7344
9445
8555
7859
7281
6625
4262
1512
3
5771
3801
5675
2388
7060
6520
7985
7754
1697
4271
5579
7153
5862
3017
9259
8098
315
1455
8552
6746
6484
314
1562
5388
8148
3569
8561
2158
3620
6260
7182
7046
2600
8695
3042
7222
1433
2722
1361
4416
6669
3452
7447
841
4085
7699
8719
6208
4129
4575
7343
3669
1050
3517
6705
3133
9644
886
9811
6103
4312
4677
98
3621
3867
6601
1746
164
696
8963
359
2612
8419
2150
1909
3527
2907
3287
8577
4490
6923
471
4889
5909
1101
5753
8456
6506
2837
6
4591
1995
9138
4957
9030
4569
454
2650
8963
5274
4303
1684
3481
5958
3240
8270
834
3242
4246
1866
9191
7723
6383
7370
7159
8030
3943
2471
94
5734
1903
8508
5834
415
6529
7657
9967
6966
1447
3462
6771
1038
6018
341
7235
9545
7989
9629
2970
9604
5382
3167
2600
886
2684
6122
2138
9683
2403
1051
3254
7
425
283
2384
895
4811
7577
650
8923
4886
8600
6343
8482
3463
2942
592
1742
4347
123
84
5552
5206
3471
200
8392
4844
7732
2589
2840
221
7251
9597
2927
7636
6569
1383
1690
1302
5486
3668
9573
7565
2252
4010
6268
6290
5526
7216
1485
2424
1985
8038
6445
5519
1806
493
949
9825
9149
2813
7380
2660
723
7019
3869
990
1197
1229
9669
1672
5656
8155
829
426
3144
7597
6527
8600
1775
4427
911
218
560
4433
4942
5015
7993
9627
427
9614
7120
8680
7562
4990
1392
9331
6398
5655
2188
4529
5771
7964
90
6008
5272
4562
584
197
8033
8151
5708
5482
7838
2258
9148
9910
7250
871
4243
4526
1747
9807
4905
1736
8094
8987
3939
749
9139
4841
3473
7843
3506
9575
2547
7951
4908
4094
3898
4549
7051
4380
669
2987
8645
5965
223
2886
2686
7667
4430
7417
9162
1889
6647
971
7989
1963
7618
2561
1822
471
3407
8878
4649
598
1219
2837
8074
2767
4951
1065
5098
45
2514
9037
9742
1292
129
5663
5295
9267
1329
5918
7804
5610
530
8255
5077
8639
2314
7303
5418
1249
5505
6152
240
4375
707
2062
1332
7136
8681
5797
384
5524
262
9343
1671
5609
6775
690
9651
1397
5598
5126
6930
6717
6342
7224
3275
2602
3095
426
1957
2573
7365
7182
8523
115
2228
3385
7553
8531
1660
6391
4601
4859
9762
9950
8803
1936
2011
7972
8076
9896
7897
2046
3775
5922
5282
8674
2484
831
9756
5547
1057
6581
6838
9232
518
3529
83
9319
2887
7973
7480
2406
5739
5686
8031
3087
3773
7033
2103
7847
6000
2883
295
8009
6627
7287
9370
5810
12
3845
7117
9562
1577
7125
6577
1253
2874
1304
9238
8711
3681
6427
1493
7697
2877
6361
8764
1212
739
1204
4549
5452
672
9467
9207
5990
3335
4287
8822
7871
2952
5209
1774
1205
8140
355
9132
7916
933
7023
8709
2227
4722
5120
7996
2860
130
7125
4090
9601
2744
3562
280
6910
6082
3704
4866
2857
6916
1542
7471
7209
9378
2752
7154
1852
8354
8250
2020
3062
3073
5431
2833
2031
8028
199
450
7577
8556
2793
6892
4512
23
8831
3206
7426
2955
6282
4209
5076
4869
2457
4360
6001
1905
9501
5372
1950
6924
9733
4096
9293
8783
3474
4566
5883
4185
3273
2124
5986
4977
8333
4475
5409
468
7685
638
8950
4290
9617
4331
488
7009
2554
6489
6600
8731
2905
8539
6927
788
1440
4184
5657
1460
8205
7398
4336
136
1200
4414
1917
708
333
6911
5372
7666
2432
4992
1890
2900
7263
3816
9157
6778
1479
4005
5469
9362
485
8672
6994
2189
2062
1406
6891
7461
3182
2159
9251
9547
2001
9083
1592
1784
3283
9031
8070
2992
6357
6275
8989
3715
7076
7161
4097
8584
6802
3082
2814
1857
5786
8997
8999
7432
7342
1196
4974
1774
1780
6916
6855
3805
5435
2792
7621
5550
1177
9037
4241
3442
2454
4832
7204
3566
4485
5402
423
3841
125
7092
2573
9752
522
9924
4021
9359
2237
7534
5485
6350
9535
8098
4480
8425
4686
3875
5036
591
2634
6037
7831
2891
4877
9153
5526
2177
1099
2539
6414
3490
1472
4585
9511
7532
7732
1649
4860
2537
8003
2689
7261
823
8970
2328
9481
3847
4075
4655
7349
9134
9666
7552
5085
2997
5334
1501
5109
1456
1131
4328
7830
8889
4517
4588
6440
8265
6567
2067
4026
5842
1703
9003
5000
7291
3610
9584
9324
3036
446
4044
402
8301
1925
8930
1886
9178
2452
9832
8304
5769
3827
3860
1979
5725
6769
5993
7037
8496
6989
9181
1563
3654
7348
6026
3995
9720
568
8866
256
6903
5477
4497
8971
922
1603
9570
9247
9801
817
1213
6996
4865
2775
8969
8848
6747
8088
3362
3659
8168
432
5379
8513
6669
696
889
9593
8646
1611
6957
4718
2703
3617
8712
7143
4556
3185
8733
8728
9248
8761
665
5909
7094
5217
1557
8016
2118
1657
9330
3904
1083
9678
4483
6733
7525
7752
8379
2494
4851
7582
2888
8027
7016
421
8234
5775
6311
6062
8733
7174
910
2773
1098
3095
345
1216
806
7557
1119
1560
3392
7316
6149
6711
8189
2316
3978
5512
2959
5378
8708
9392
1318
8259
2808
2816
2010
91
4113
6178
6072
7285
8371
2829
8427
3605
5113
2813
8210
6487
4174
7677
2371
9609
3699
8
5042
7853
916
4993
6009
4451
7064
7561
8620
7145
5990
1776
5004
7277
9123
1500
4938
8774
555
2399
7941
3612
740
9020
5629
521
4978
3573
6271
7534
4736
8462
3227
7410
2195
6202
4741
671
6519
8212
2635
2737
4481
8103
9913
3381
5383
8321
7802
2196
240
7036
770
2277
5749
3815
6823
7181
5197
205
1193
2215
2953
447
5592
5551
4416
7428
3247
9755
8141
6208
2606
6577
2415
1597
1252
6732
7455
7880
6275
5584
5059
6460
191
7247
7322
8271
9734
3853
1673
1909
2498
8040
4345
6969
82
555
3249
903
7834
9403
7061
5861
4864
1391
5175
8741
392
8631
3132
1070
1264
6086
989
2178
2961
3763
3136
9665
3350
8868
2008
5102
9738
1409
186
5451
1851
4602
1354
3218
9222
7297
9259
5317
1976
2688
8075
8897
5637
5635
6957
9435
7161
7632
2448
8148
259
5003
6129
3131
299
133
8214
5409
3342
6692
1500
5058
3789
8425
681
3683
5139
9025
6633
6525
3179
1936
2744
8142
1833
7101
3793
6596
2822
2371
8519
4438
2991
7011
6929
7395
6416
7667
9397
3658
9711
4264
592
1606
9797
1747
6761
7462
7151
6505
7024
3382
9980
9917
7865
5155
9955
4646
8703
1951
4282
1770
4170
7224
801
2878
9933
7318
9101
4753
9218
5452
829
2068
7106
8319
7732
3477
6671
2743
5215
4440
1944
9390
5797
212
5609
451
8935
9952
5898
7606
4015
9927
222
5561
7041
3376
9641
1750
4359
1504
3631
7298
4682
9763
3838
3195
2085
1584
3370
9389
6496
4156
2916
8441
9513
2284
8561
9822
5961
7493
955
9887
1095
5500
5164
8771
6221
8234
9379
4043
2830
1936
9881
739
6893
3479
2454
6757
7247
6662
7058
9925
9105
4766
6868
1154
500
5456
8863
2042
5317
7464
7212
6030
4632
4084
1093
6584
4321
1560
5086
4214
2235
5904
5427
5526
4043
1002
8779
8739
4787
6581
8988
681
9448
7100
6118
8445
7061
7197
4570
4872
6963
7736
7195
749
7064
7638
7008
7755
7443
4913
2875
639
9075
9585
2530
7382
2506
6240
3350
7587
2955
5402
8180
2107
9438
922
2667
8560
8997
8892
7999
6053
5648
6445
3491
3292
8909
3808
4147
301
9744
1177
279
2352
4295
6326
3685
5512
5653
2725
1851
1449
3043
9526
196
125
9428
6011
1096
4504
933
6397
8889
3995
298
2795
9259
5714
2525
8692
2117
5764
5717
1071
3506
4112
4084
4210
920
8569
4117
1008
7369
8810
7751
5022
5414
3739
4972
9065
1920
1233
719
6336
228
1554
3405
2254
8798
2832
4339
6435
8932
1766
5529
4867
2481
5834
1516
5147
3831
513
2758
7308
3332
341
8931
5325
9681
7692
7931
2553
8529
8327
7672
1274
3369
5489
1862
1682
2779
5156
9953
1529
5305
5344
4858
8625
633
921
1927
6815
7423
6379
4716
4130
3586
5118
197
1496
4912
7773
1526
6392
2887
4025
9508
5942
3925
7485
404
6973
9943
7280
7226
9998
1522
9287
2188
1043
8161
5767
7176
2511
247
8867
8853
9845
5093
3491
9724
4234
3776
5024
472
80
4865
5643
457
9939
2760
3933
936
6001
5169
8563
5683
1741
4309
3383
7477
9768
2329
9123
8481
4377
9016
1150
7815
9214
7100
2766
4243
3050
9414
6049
8395
4924
628
734
2288
3740
8196
6719
6560
8565
2268
6919
7524
7946
717
7566
7265
2838
3264
5078
8179
933
2259
4620
8084
9523
9104
8534
8969
1476
7509
1494
2542
8312
3927
7233
3995
9901
8926
2057
465
7322
5134
6049
2990
4719
1021
6281
5005
2996
2770
6921
9590
6227
1219
352
4955
3191
1342
4470
2005
3020
3898
521
4821
8634
3394
6188
1707
3201
6773
3901
852
7512
3477
1806
6989
2179
3928
7984
1675
8589
1995
295
4976
9548
459
6947
865
1737
8440
9957
6603
8202
3285
1781
74
669
8266
8552
2156
5755
7901
2635
2194
7548
5262
4953
943
4357
9205
9628
2002
6553
4463
6604
3045
3725
4099
3051
6021
6791
4355
2689
5949
2209
7342
714
524
857
3518
6285
5484
2173
4669
4581
1541
7780
6006
9244
1146
5039
9339
2718
3204
1048
1403
8668
3241
3435
4204
2995
8673
6212
9579
8270
1770
7273
1285
1884
9052
4708
2207
770
8983
525
3077
1981
5762
5255
7193
2882
214
1828
3757
5417
4430
2928
2004
3489
6226
6149
6881
762
9845
5288
6122
7632
9448
2463
1804
7694
1327
460
4583
8384
6293
4007
9467
1436
8259
5135
6616
7042
5261
3213
9459
3002
8759
350
9802
6387
9623
225
3148
1796
668
1026
976
6913
8576
8699
3973
5642
1414
1398
1931
863
9765
6045
3925
8551
1800
7876
8246
7673
5449
1769
2596
3077
9689
6276
9691
6393
9928
9113
1420
2204
9392
454
9823
2490
6730
3335
9357
5997
6285
9660
1982
1228
696
3485
6863
1130
5876
9147
465
9872
1260
5185
4707
918
9412
6733
2491
248
7392
8055
2091
2450
9985
5677
4657
9197
4889
2109
2149
4227
7783
7699
7551
9904
8758
8934
5593
314
8139
9769
5795
6962
1189
860
9917
4189
4368
796
2907
1493
4488
9421
6657
5224
3906
7222
2263
2629
1618
5392
5336
9765
8879
510
4196
1016
6938
1174
490
7505
8057
4504
4269
9108
3511
1570
3904
2347
9040
2986
1582
2431
7013
1267
1677
7824
5993
2458
1635
3563
3161
8565
4096
2849
9116
8670
9588
7825
5454
2365
1189
2965
9377
9508
7401
2091
6359
1773
5509
2094
5448
8612
4015
67
6525
7422
4276
945
9204
1848
3979
723
6416
8938
2409
7083
9783
7334
3352
3082
2588
8034
5906
6418
4927
8227
6544
18
26
5072
8713
1210
7492
3810
3100
51
2167
5035
3584
3981
8683
5661
7202
1410
4779
782
6433
1472
5694
2484
5722
9737
575
4926
290
5908
1773
3720
253
450
1931
2778
6536
2431
5322
7702
4793
6131
1628
3488
4181
6954
633
4245
6121
6107
9696
7121
3718
7447
4323
2453
4392
9622
9867
227
924
6152
4617
8924
9738
232
780
1557
3188
2799
7674
9042
9300
7976
142
7247
1872
8846
5950
1582
793
297
7032
2302
7408
559
7151
6742
3617
6714
4492
6521
4380
9966
8836
6730
7372
6110
512
8731
1638
8414
7239
8020
1232
1757
9889
9983
4151
9937
276
4389
7284
9121
8792
5697
9210
1060
4084
5420
5648
924
6921
8470
8903
2206
1219
8664
1083
5360
555
6953
1534
8090
6212
6147
7932
1684
9410
9188
4137
7035
2675
1587
6072
5190
2048
5197
5600
3082
6212
7916
586
9626
4963
6020
8076
8312
8191
4949
5540
5697
2227
5174
1674
2608
2128
2625
5542
9566
9921
5990
3909
1691
6040
6356
4089
6415
8535
9817
3791
7847
2113
8994
5417
6729
7612
8888
5832
6962
481
2450
9480
3819
572
8328
6806
5794
4266
95
567
7075
2857
2902
4730
508
5781
7997
8475
9246
2183
267
4485
6215
9589
4727
2043
1683
9098
2128
2908
438
8886
4677
9093
2884
5433
5268
4104
8366
7329
3004
7553
4143
4279
600
8145
3568
6356
662
1253
2617
449
2962
7357
5830
1661
439
797
8015
7712
771
7572
3625
8018
990
8963
5596
2048
6684
5793
2429
8164
6406
6187
8694
2231
1403
6761
4072
422
9297
7446
4626
173
9754
4993
3845
7361
8955
821
8012
5685
9882
3601
4151
1248
7736
6793
2060
8071
2349
2616
1366
8585
5374
4982
1108
4407
5047
1453
9801
6231
3624
2517
7509
9292
8783
2700
6391
396
6773
8075
1494
4757
8820
6415
5536
7209
2674
7769
613
3934
1964
3236
6577
8666
1484
9171
1467
4843
3002
6869
6838
9787
5817
2923
4228
753
2574
84
5850
9536
8962
6520
7649
7614
616
818
5944
5766
615
7967
4323
2916
1472
9769
4600
6738
9925
7282
5025
6092
8283
7632
8736
2902
8177
4803
235
8061
5046
2840
9024
480
1149
8083
2724
461
8016
1923
5752
4225
1679
1944
4098
4799
9615
6285
6158
727
2831
7453
5623
4661
5367
3225
491
6732
5898
8733
2864
7611
5795
5756
1425
6209
8600
4576
923
1900
8908
7899
8389
9369
8306
809
9117
3304
9360
643
2324
710
8300
6662
8461
3258
6868
5688
713
1151
6483
1511
8335
5813
7237
5756
7755
8573
36
6616
7996
8059
2591
2830
7973
5773
2249
8306
2617
8192
800
8121
3585
3874
5383
6546
3986
2358
7596
7419
8492
8172
6809
1982
586
3941
4995
9812
2342
2638
6284
8016
6732
8916
9103
2446
2527
1665
5668
501
1497
8411
9210
7069
9386
1262
959
1639
1447
6455
1517
5763
7852
9704
7896
1555
4786
5656
1098
8758
32
1819
8171
5502
9349
3163
2777
9677
7658
6233
2466
1032
4751
4180
3259
911
684
4328
5656
7801
6528
5685
1504
9927
1533
2840
7866
6009
842
8866
5811
2952
9606
7782
4288
7253
5150
5614
1248
5612
3678
1763
5010
5939
8168
9523
613
7893
1179
2552
1818
2043
5972
8607
7466
5642
3250
1715
2900
2118
7467
7092
9559
7732
5869
97
9983
2782
236
7254
5030
8638
8810
9376
2629
2500
3325
7645
5744
3898
1678
1250
5383
3121
3923
5917
5310
7203
8480
7337
5602
1125
3841
995
1217
4574
5224
2690
1387
4160
1316
6899
6925
7473
8806
1297
8708
3320
2842
8646
6132
8653
2956
6516
6335
5532
9195
8290
6097
649
5405
204
3710
6996
8496
5976
1489
4357
4305
3431
5442
4029
6614
5871
557
7522
2847
810
3371
6262
3468
8496
8147
8433
7664
3741
3503
450
2395
2204
4833
4172
3004
255
5617
9325
6747
3249
221
2784
6932
3133
6450
8827
6579
834
6131
6434
9248
6669
6085
3460
4010
1815
2859
1848
8757
1738
334
3356
2968
9864
3833
9129
8920
5582
8230
7475
8558
7063
2002
8415
1046
2327
6949
2402
4464
3610
2039
2519
4877
323
1576
8123
6804
633
9105
5926
370
7204
2916
1763
7990
2401
6468
9893
8072
7419
731
8275
8352
3456
2257
7221
8367
6630
313
5230
2962
9213
4251
6127
7658
275
1684
5176
7880
2009
4776
448
4171
6271
177
3657
119
509
8953
2953
7857
1406
5688
2704
9517
5406
5088
4687
4683
4846
6749
9683
7535
4499
6017
6385
1728
1275
1863
6939
9084
7285
5613
9
8057
3860
4402
8182
166
3398
9122
1128
258
8482
8152
909
8886
1171
1557
4419
8955
3600
1545
5870
3437
9641
4042
758
498
8792
6019
6674
9614
2171
2832
7259
254
471
6901
4368
7889
7037
1337
7852
6906
4998
4440
7466
7238
9735
3549
1228
3790
7342
5870
8495
5490
2833
5103
8324
6815
6407
1860
7007
6012
688
6915
4329
5341
1850
3219
803
6198
6471
3719
2256
6978
1275
1979
8721
7470
190
2727
5190
2962
8603
2015
5429
6905
4933
4004
7954
6357
9381
5020
8794
8192
9053
2266
8462
6696
9553
2550
231
1161
5898
243
7485
5653
3421
5970
1525
863
8673
2687
3158
3743
4796
8628
1660
7457
9848
3873
1988
7660
7367
1176
619
8219
2594
3074
7614
7535
7930
3719
5374
4959
1802
4883
9151
5550
3785
292
1725
8504
316
7006
2584
3211
6896
3462
2287
2083
9995
9379
5536
6434
5527
6522
431
7777
978
6693
5049
8754
9246
3276
3579
4350
214
2352
8370
9373
5296
2606
1833
3295
6820
9435
8961
7570
6658
6202
3366
3165
3558
9445
1955
4991
9882
7290
6924
7491
702
2897
5078
5379
6781
2870
1667
3990
2772
8523
258
1024
8729
6416
6329
7058
3377
5112
5492
6025
3071
3306
9134
9236
148
9543
9205
3274
7350
6840
3813
4153
6123
2531
1329
21
4137
2316
2869
4231
7817
4960
3721
6230
5427
8698
2006
1544
573
8874
9365
8112
4292
1979
1843
4642
9853
9964
853
1459
9036
5668
8271
6962
1750
4813
7058
4627
4111
7881
7001
1011
5309
1360
603
5810
9264
4629
2798
3153
6473
7473
5196
8270
5145
4058
8649
2059
1638
8259
3287
9011
315
5449
7507
832
6872
6
5998
6737
4986
3201
4245
5236
6963
6859
6809
4490
4174
1928
7424
174
57
1453
7177
2421
3703
3171
4658
9343
4692
6043
5487
6026
7821
8771
6321
9674
494
3697
8927
546
4315
3642
9433
7868
7167
1654
8704
5829
1020
3194
2005
3725
4163
2314
5355
9767
1321
4435
3569
3609
524
3975
6709
6164
968
9690
9775
2873
3728
8113
1806
8669
1092
889
6638
4378
1474
2687
5944
8728
3442
4380
9161
1428
4736
6499
8014
7873
1107
389
2836
1510
4824
4813
4402
9090
1572
4300
2417
3491
8639
1313
9449
3467
8809
7355
7076
6820
4544
7488
5219
6678
8337
7954
6207
2302
7649
5461
9877
883
9800
8197
5353
4014
2113
6118
9418
4670
9838
9272
6058
2245
4051
7114
6464
3481
9778
5657
8176
9715
5648
5584
6083
836
3496
3247
2733
9140
2377
3607
4599
3813
4659
725
3792
2568
6811
75
3080
3377
7379
8395
889
1591
7661
3817
4080
7622
3096
3083
6913
5346
3236
6619
4962
3457
7320
6327
4966
1187
2279
2213
224
7837
2946
3666
1324
2079
6965
4844
1783
2961
8340
3897
771
4712
6868
9119
6050
8042
2643
1045
154
3959
9397
803
3029
25
838
8090
1767
7259
500
9205
5656
4903
5428
1501
2348
8033
7383
3945
3659
4584
7074
8176
2287
1170
868
4761
2088
74
8139
5483
5669
4903
9614
235
6852
419
8276
8580
8933
7549
6234
2616
5148
5681
2803
2613
7104
3644
794
4026
3551
3044
9092
8647
8484
496
5868
3279
5271
9707
5052
5700
7800
2103
8559
364
279
7467
2798
3697
6232
7898
7215
315
8426
6319
8282
9726
4275
1064
8210
8129
4197
6810
7289
7732
345
6074
4580
5800
2346
5663
9702
5812
7433
4368
7620
5227
7399
5785
3685
5995
7803
5818
527
1083
3686
1484
2266
3840
7723
7702
1959
6834
6947
8018
6499
5748
9514
2105
1959
8764
714
5121
6832
4526
9708
4331
8186
7443
4338
8930
907
1485
2363
7279
1682
8005
9040
8708
7541
3034
7573
2572
8767
5166
1568
103
8843
6057
4265
888
9288
8469
1369
7715
2049
9557
1385
3910
7728
9660
2937
2620
4638
9085
6249
5672
745
7707
4223
3850
7684
8177
253
7092
7421
7754
7721
3727
9343
3821
4464
883
178
3740
4307
7201
1481
8562
8194
547
6486
3340
4046
5063
8299
79
9260
1147
5810
5155
2188
9259
3888
7628
7246
2206
8966
6127
2043
5572
4560
8921
44
1980
4058
9099
5224
6032
1616
5457
3789
8995
4704
329
7045
2638
3737
3578
2299
4902
6004
7041
1924
3365
7220
9937
2022
6303
2205
2021
6427
9934
2803
1162
7416
3704
3634
7823
235
6865
4736
9277
9907
3302
1452
7486
8289
2764
2963
1037
9958
2564
658
6943
3054
4282
4437
5189
2024
3073
4305
1778
9268
6770
714
9396
2322
6366
6591
6868
9912
2664
6116
6203
29
1755
6852
367
9117
8184
882
2107
9832
4425
4855
2456
7262
6535
3991
5284
6152
2167
4857
4509
7314
4210
7167
1967
746
7495
907
9558
9248
3993
1824
7260
6684
3840
2056
451
3356
296
9846
9192
5327
3294
4106
8882
2507
5070
1462
5627
3699
4242
4951
4652
6867
3411
9550
7792
4351
4261
7455
3467
805
3151
9767
3354
867
2958
7426
6879
9894
8606
254
2525
6055
7718
5410
7480
3608
7185
7312
5630
8802
1123
2261
1454
4171
9950
2641
9438
1778
5390
9546
672
2540
5084
1475
3507
5999
8781
6053
3945
6839
5226
8441
2480
5437
9708
5625
7861
5358
662
9321
9030
8154
5811
1542
5721
6448
1951
8021
1210
318
9171
1152
3535
5009
9967
1799
415
7249
3609
1579
613
1710
8207
5294
1634
1336
8056
3126
1678
1400
268
7339
8886
1601
2126
952
1228
6935
5495
2
8717
7260
3212
7512
3502
323
3622
7273
7247
5841
5068
5499
797
8554
4438
7463
665
6946
8624
9388
3305
2445
1839
6983
510
9183
5196
9632
7371
6161
300
838
7638
2342
4717
7819
2430
912
3512
3584
7811
4942
2182
612
1102
7653
6602
1584
5726
6914
8112
5666
4362
6228
4730
2801
7866
785
5538
9525
3355
8273
8027
9605
5263
4437
2809
6857
8765
3959
9853
300
4954
9142
9188
5746
8421
6796
1842
9270
82
7446
7058
1600
7023
7097
4312
8906
5822
6222
999
6753
2018
5085
5059
7559
7513
340
9253
296
2664
4706
654
2082
6176
1992
5975
7006
5287
7027
7420
1321
4926
5080
7938
6216
7395
6527
3497
3811
8032
7525
2957
2299
4301
2925
6849
3365
814
346
2348
515
1946
8767
1617
8136
8311
6806
1541
652
3922
1091
8030
2340
3987
1594
7036
6754
4553
3391
1186
4024
1503
698
9617
3270
6272
834
6916
6567
995
3220
5319
3388
5873
7588
5392
9730
5654
2407
2076
9885
118
8918
2845
5158
842
3209
7347
9876
2785
9069
1736
9732
5105
7033
1845
3706
5229
9566
5929
5662
5626
551
9749
4133
8277
4541
1144
1508
953
7637
3588
1579
2200
9270
264
4814
5398
9676
6628
6703
6561
2998
4042
5285
638
6666
7665
2656
3901
259
1224
7541
1215
2267
410
3036
7642
9837
7276
9290
7955
855
8554
5809
2454
7657
1741
1220
1734
9902
5244
1965
9997
8468
4619
1343
4980
1828
1998
864
9264
8047
5532
7767
6328
1140
2896
5268
4686
1574
7198
5265
3144
6681
5245
1593
1739
1908
7901
7146
9499
7820
2670
579
8927
258
8851
5896
5914
3754
9768
9472
11
8808
6382
8904
7869
9001
4821
4209
8965
5838
6763
154
1794
480
2054
8601
6646
2061
9208
9350
7127
4043
6719
8829
8851
2337
221
5895
5406
9672
1611
7989
279
6868
6722
2992
7745
6374
7606
905
3911
4778
7700
5354
9165
8200
9826
7431
1993
882
8599
3480
691
5034
6685
6501
2751
8727
3775
9277
3015
3437
1920
2421
8153
2060
2112
9308
4179
9540
4964
8610
5701
938
5223
2183
2702
2345
2873
162
330
8177
1583
3917
2656
8588
5188
103
9966
3554
6378
5258
3019
1349
758
1934
2618
4381
7529
110
1940
8603
6134
633
4143
7092
9244
9010
6690
6562
8867
6731
2885
2981
3142
4854
5884
1617
7601
1569
1988
1283
2663
2963
4386
2230
5706
1964
6271
9825
5919
1091
2296
8819
1008
1263
1446
1590
1197
1304
9231
4708
9729
6660
6597
5667
4243
4797
9481
4262
4344
2796
4558
4311
4398
3866
8360
46
2441
6022
4657
134
9441
9192
796
2063
3195
8074
528
1170
421
1674
5726
5394
1683
7649
6977
919
4980
5116
1691
2006
5371
785
1370
2093
152
7528
7892
1064
4887
8513
1652
3874
5524
4546
9125
4050
7073
6177
4896
7920
4046
1956
7499
918
8546
4782
6366
8979
2861
2872
3278
3565
56
8397
8711
377
901
2434
1210
9305
405
6338
9580
2625
7685
8902
3460
6247
2645
4822
8823
20
3862
362
7131
9255
3269
88
7160
3921
601
2297
5450
2008
4284
6792
6834
8827
4862
8373
2932
7176
6992
65
7708
9149
7146
2591
5599
2738
4425
5538
5588
8493
5810
3539
7678
5487
5614
34
856
3403
3551
3837
3766
7347
968
7974
6152
3178
5506
8730
8852
9438
6114
329
135
626
9280
9876
2601
8216
9831
8393
7038
6663
7593
2319
7936
2669
4712
2227
3289
7988
546
3175
1436
2434
3453
6400
2990
2572
3178
5264
6224
2240
1032
6292
6257
6084
6649
2107
7201
3282
6699
962
4376
575
6378
1662
730
6196
5274
309
7735
1662
4925
8904
6261
7750
9458
589
6170
1851
8139
3044
7541
4786
990
543
6693
6819
3081
5635
816
4897
6367
4533
6930
3057
9508
5873
1158
9737
1690
9448
4253
3952
6047
7862
1200
5361
3180
24
24
6056
1537
9711
3228
8289
5064
6884
2384
1404
8278
7356
316
9951
4564
3122
2744
1063
5476
6759
5901
605
779
1018
9013
4363
6230
3750
7066
2791
9193
9215
3499
2483
7547
7400
601
9383
5050
3174
6144
9887
3489
798
4781
9533
6832
4404
8220
2438
3511
2330
338
5237
6479
6877
235
8786
9070
170
8487
6192
235
8615
5349
6277
8457
864
8354
1444
2015
7704
6171
8112
8799
2977
9666
6939
9516
2026
9522
271
4757
9801
6790
8493
7871
4709
2186
7437
5978
2904
7372
3633
5031
4824
3158
9918
3267
6796
2041
8198
5073
8798
1437
122
8131
8194
9514
1233
5251
1968
1453
8742
1975
5111
9196
2649
3511
4270
6020
2279
7477
7746
9278
6329
8042
935
3776
3687
3424
3180
6816
966
7566
9888
840
1332
1693
7234
4181
4541
6754
1374
9998
2273
9320
4722
4948
8164
3414
109
2305
8888
2533
8493
3834
976
3332
8127
3992
8971
7824
5065
123
2179
3490
6715
8901
4167
8593
4515
8819
3548
6245
5693
2849
3209
9114
8264
8429
4156
3444
2273
6424
7267
4296
5222
1805
4136
7930
1639
7318
6223
9752
4816
5676
8832
4404
1609
8965
1861
300
2953
1845
3360
3566
1016
6684
7443
5101
9935
5250
2668
8136
5362
4076
2913
7590
6857
1204
2314
34
8481
5828
368
9106
39
2312
5366
4316
7281
222
5795
3735
9041
9860
5322
1979
6700
5039
3254
3290
3140
8451
3640
718
7504
6924
7008
6198
6388
8830
6222
6689
7171
8787
1894
254
2724
5061
1058
5539
7919
9789
2103
4444
6322
3530
6353
532
2362
6701
9509
3510
1850
3558
2632
7894
1543
872
6698
7513
3803
4910
5220
8475
5921
6731
2472
6364
1892
3399
8625
2837
4395
1344
8969
9950
8767
7736
233
7925
3490
9166
8195
4006
4190
576
9458
8033
405
2394
8370
5413
5804
5772
9605
5362
4457
9139
8460
3499
801
5835
3200
1488
9781
9187
5448
47
1886
355
1774
7222
7409
8668
5140
8267
9905
1944
2700
8265
5569
1463
4833
2190
612
6473
4568
8564
5043
7909
5334
7659
4913
8998
3854
1780
8131
5913
1505
341
333
605
9917
1893
2314
12
6688
8424
6574
7902
627
2233
1166
7676
3314
1695
2493
7692
2420
8030
8129
5442
6093
5936
686
7523
1359
9639
9447
653
391
5203
6997
5709
8848
3550
2187
2316
38
9683
713
6515
6390
3625
6319
5314
2012
5742
6627
7195
7675
408
1513
3690
164
2507
1100
9125
4286
6714
6282
7468
9775
9095
4056
8162
4312
671
7140
6411
8557
7010
9447
6853
6052
454
646
3528
5397
8974
9633
6995
6878
4030
6987
6850
4537
5560
3570
9594
4174
8299
3590
2131
5132
6584
8734
7080
3081
5736
2871
5772
9619
1362
4799
345
3941
346
2354
7934
7716
8164
7205
1683
3540
4226
2263
4821
8799
8966
5210
1869
3453
9279
3557
1677
2700
3513
9561
3565
8100
7981
775
7012
6620
1415
6194
1540
5971
7384
1930
6336
6384
2611
9818
7645
8894
8681
8235
8513
3897
8000
5090
4487
2272
4582
6810
8328
8363
216
2315
5220
4486
4209
2263
8215
2782
5722
1820
1475
4917
1605
1797
1498
3724
8123
1729
6967
9095
3270
4003
240
2005
9413
3691
3744
9513
963
6796
2603
8732
9167
781
9697
4878
7408
2058
3351
5344
8570
7118
136
4646
9506
7377
4019
4005
4309
424
4076
4374
5616
5658
6496
2307
2102
4723
2822
3887
3601
7766
158
3342
545
3738
8939
5347
2304
2939
5900
4666
3727
524
207
1403
8806
4130
8051
2736
4602
4020
4404
938
2594
1693
5596
3126
6552
4428
3378
6451
4677
8990
6434
5664
400
5307
4005
2387
802
4321
338
342
8730
4360
2106
1355
1309
8959
1316
5825
5193
3126
7057
4820
4434
9854
1754
7940
4622
7508
9993
2139
4261
5712
8347
113
7061
9907
1996
6386
6682
4186
2653
8135
9946
2722
1936
7752
9747
757
4734
6927
9052
3674
156
4597
6408
8348
5637
7904
786
8521
4086
3888
28
2949
4806
2660
1507
2855
6573
8439
3041
9405
5646
7065
3482
539
4549
1326
8985
6404
9306
4572
9178
649
7768
1093
6875
5640
1696
3891
4721
4241
8044
2207
8718
3197
9734
7695
6291
997
5112
9754
3293
2174
4845
9405
7011
1589
6374
9249
1176
3555
8808
8318
5479
5955
9959
289
9974
9517
5789
5310
8201
3272
7349
2599
237
2140
6075
6659
572
9910
5543
1179
4018
7369
141
8569
3424
1830
8855
7290
3732
9926
7785
3800
742
6430
3374
7679
4263
7424
1846
436
1536
8814
2972
2353
9373
3539
4645
4761
4583
3957
3
4631
7271
4909
6407
1043
8209
5808
5186
9433
8888
2892
7478
1077
8823
4248
3091
1286
5255
5697
2525
3972
5021
6622
4718
5559
6432
6589
5595
8555
7305
4106
4008
2220
6657
7240
1175
2423
5737
5009
6562
5137
6107
5026
4889
937
102
2459
1162
717
7159
9995
6720
9529
7254
1685
3677
3346
5619
5507
9816
7663
2626
6470
9679
9139
1213
8451
1438
3243
8256
8291
5973
4875
9288
5380
151
1674
9013
9882
7800
79
1298
9406
1589
3603
2996
6179
2187
428
817
7506
9331
9936
7997
8338
1159
2971
4609
5941
9916
175
1518
9589
3235
4830
4705
6963
8400
7474
5087
9511
5920
4004
8296
8566
406
3203
1886
8706
1030
5756
602
6238
4878
5360
9172
6223
2827
8354
3171
7345
2614
2911
8847
6936
4965
1144
7012
5311
4741
4218
6429
4278
5134
5926
3150
2714
6790
7217
6285
5484
6880
3964
6293
8314
2933
818
1605
3442
8545
1729
6672
2154
5214
9002
5472
7987
3152
182
8157
4216
2050
1600
2016
3327
474
7592
5087
7
5474
2306
8101
6050
8652
7842
7728
3487
4207
9180
8061
8540
8006
734
775
1938
1031
9278
7096
6448
9912
6671
7289
5059
7084
3692
781
8452
3688
743
755
7242
4995
1143
8535
9351
8152
6294
3839
2603
7692
8987
7434
7409
6087
2703
1956
6038
2656
6443
7438
5876
2104
6119
9570
8976
5874
4245
8083
8437
8571
3469
4993
7393
5398
8866
7057
8652
4592
925
4116
7282
2622
7271
1648
257
3944
1531
3179
8791
5032
7131
9960
151
9158
1055
3408
9892
9457
9138
9961
3017
3927
6200
5235
2544
4202
1448
8068
1093
5170
805
3199
4945
7509
3797
2041
2484
697
7879
1321
4577
7636
5778
5629
3576
1922
2835
9140
5681
5118
8775
2286
5346
4383
4394
8925
5297
5867
1909
9068
4319
7064
2182
5535
3984
91
3847
6450
6661
4135
5608
8990
6085
4346
459
185
1961
4871
9969
7269
3694
514
7590
4440
6170
4525
9770
1976
5005
4875
5624
1280
148
5660
2160
8735
6780
2870
8511
8111
830
3416
9831
1324
1454
1779
3796
6888
2106
4599
9285
1202
1518
1624
5874
6291
2030
1444
2945
8192
7164
4909
4747
2601
7020
5751
8030
7204
8826
8212
9526
2074
5539
237
1951
1179
2108
9792
9364
9937
4881
628
899
522
5055
6365
9144
4540
7348
9549
189
277
4373
5155
6367
952
8707
1281
6534
719
2290
1455
1397
3834
6874
7014
5635
6184
9621
8431
7657
2269
9779
7187
7679
1419
5881
7886
547
9891
1386
2614
3144
1180
8635
4451
6925
1218
8862
750
2656
363
7801
9272
9117
5733
503
3404
9532
8662
1019
2543
3050
2062
5072
9220
6485
9068
3958
7009
5004
8041
4015
8996
1484
8971
5576
774
1035
3631
2692
4347
4191
9635
1487
1465
6952
40
9913
4904
4046
5614
353
1261
6013
8981
8502
4751
5516
6259
4801
1371
2584
7780
1145
3221
1743
4545
6802
7155
1467
6771
3652
969
3959
6799
6325
4021
1164
8391
5237
8671
3775
3384
2665
6670
214
6187
7372
5005
8178
7257
7949
7516
7966
1517
6641
956
6214
2679
5730
3160
9235
3082
7080
8833
5775
4575
8011
2158
9279
1672
7926
9058
2893
1553
7551
7926
5427
8516
1690
8990
5284
5745
4064
6450
2639
8391
5845
8794
7564
1021
5199
8929
9291
4781
7435
1644
1349
6085
8834
7020
1218
9797
2852
3474
4438
6802
1907
1750
2933
3773
8609
3103
7223
9869
439
6609
7595
9727
956
1648
8811
6719
3305
5067
9037
6600
5367
1483
1152
1596
252
9143
1252
3126
3645
311
9236
7397
6742
9629
4002
5179
1825
9722
7518
782
53
6248
1913
8147
3808
9333
5687
5200
9015
5518
2875
2972
9309
1157
6246
2781
3339
1068
1675
9094
1488
6251
9168
4242
661
954
9166
8549
1878
4936
8841
6751
7406
9161
6087
2589
7282
6167
2181
3858
858
7705
5039
5896
6841
9490
7188
9702
2462
4550
8964
3065
8549
582
1221
3459
6694
445
9082
6217
5789
4813
7254
5882
4902
6309
2742
2514
8755
1646
4198
329
8731
9691
650
9606
3792
1483
9375
199
3373
5905
9197
679
2763
764
7122
8190
3325
4558
3422
8399
7058
5423
1275
5013
5898
936
9290
1730
3843
7161
9967
8841
876
198
116
3877
3265
9017
2245
8339
2843
3260
5866
789
9871
8395
8845
4977
8320
7851
7924
8845
6720
5513
6366
3809
6250
7982
2813
3026
5889
7202
6477
1201
6476
4269
6834
7227
4845
658
2556
277
2042
3301
6592
4411
198
936
1197
4958
8490
2025
8447
6217
9701
6366
7401
4102
2840
1852
8644
2350
6663
6482
5784
7455
6450
6642
2226
2684
6146
9736
9044
1449
6512
1354
9197
3152
603
4565
6635
8171
7963
7673
6168
8719
6651
4685
8553
2554
9764
3714
8652
6087
1118
3741
2367
3204
5874
6706
5433
320
2069
2303
9238
10
2678
4102
1455
3577
5177
9383
1928
4551
3897
5508
5441
9125
4323
6953
5714
4011
3634
9493
1139
933
4215
7923
6086
4002
7368
1125
5877
5055
2758
8261
4466
5899
9554
3273
3153
7217
7745
376
9302
5585
9281
8025
9578
7531
1838
6863
7881
4538
2731
9291
2177
4666
4392
96
4717
6156
3297
7877
1511
599
7068
5906
4754
6830
6765
9167
1454
7046
6986
1652
4200
2311
6107
2230
6551
8778
6741
7702
226
6419
3358
332
9461
5767
1760
4987
16
9228
5615
9916
8358
9152
1751
2372
8306
8958
971
4724
9447
6675
3623
6743
1960
1986
8053
6586
5006
196
3011
5753
9480
234
6127
5716
767
7523
2169
5065
5505
8039
7239
5223
9511
1657
7195
8949
5377
515
3388
276
9517
139
9464
141
2776
2174
4373
4469
1237
2660
8694
104
2180
9795
8382
2982
5388
6993
9979
8485
9029
7788
7494
4888
5118
4750
2401
8104
1298
4411
4522
8278
633
1853
8411
12
1600
4789
6879
9283
3269
5927
557
1523
6949
564
7845
3118
6408
6209
612
2911
8006
826
1872
8927
124
182
8103
2609
9867
547
4338
7304
3300
6778
7137
8272
2073
7090
6420
2153
5129
6604
9802
7690
9441
4540
2159
2424
7891
1728
9886
4751
9183
1052
8009
3402
959
4502
6955
8545
8429
6444
3594
496
2069
1459
676
6316
4163
4196
1609
1670
936
7999
2789
9506
8362
770
4346
1106
9802
7178
270
5988
5382
9623
2815
4711
4913
8670
9836
8077
9036
8046
6783
4232
3504
1223
4427
1638
6922
7320
8035
1892
3066
7165
8363
2122
773
9008
187
9485
474
164
8765
5898
6142
1200
4319
5145
6717
4937
506
9093
844
9143
6290
7084
4167
9599
5390
659
3706
9642
3010
6891
483
3179
5015
6993
9704
2687
5767
8670
5303
5413
4031
2516
5715
9323
7937
3298
5297
6013
2894
8959
5113
4965
9038
1299
9353
1411
250
3549
4556
5114
3026
7618
9998
4409
6054
7077
9915
5599
5486
8677
5805
788
6018
8652
2022
315
6712
2774
5128
4448
5358
1803
7674
2121
253
4076
3208
4452
7688
224
4452
6429
3471
2179
8504
9286
880
5588
7127
3888
2308
3615
9176
6368
1634
4758
22
1000
1558
8103
1429
1393
6703
639
6468
5729
6097
6827
3793
5302
5007
2705
8191
626
530
9688
5512
9574
4770
3770
7097
9773
1772
3461
4937
1202
6052
3619
1485
4108
6766
3368
2485
9195
6150
1917
2403
1536
231
3707
7200
4261
3147
7574
2528
5585
8541
8780
4739
9388
118
4622
3741
5858
9286
3955
9077
5611
1676
3071
3193
5995
1265
5389
8195
1276
8730
9518
8582
9270
838
4604
9942
2353
5672
9577
5257
6437
1590
4566
679
5352
6621
1257
4713
2901
1215
2128
929
945
2452
6987
7019
1840
6173
4235
194
3570
1831
2702
1304
6570
4487
9885
9224
4667
2767
466
985
7146
7402
4636
3736
5313
2994
334
5514
5848
1614
4645
3592
5124
2438
476
410
7098
9475
9249
5358
9269
707
3751
375
6
2149
3988
4544
5894
1513
3188
7530
5418
5064
6575
7969
1957
6459
9537
985
4262
7813
8404
1118
3852
5371
6954
2959
186
5064
6741
5684
4311
9639
2504
8643
4984
4987
9779
5238
7411
9472
3158
9284
1407
1975
5041
858
84
3471
4469
629
1417
3610
3260
7581
9654
8818
2395
3612
7764
9946
6776
3533
7075
7076
8035
87
1397
7405
1759
920
5028
8164
275
6715
3374
9447
1525
1052
5324
597
6734
9139
8913
8716
5598
4849
8134
918
7659
7575
1523
9679
1074
1511
1275
9295
4296
2312
4751
7056
4242
6148
5144
4283
1138
5717
6380
26
8210
8672
3055
5773
1381
9793
5414
5064
6001
4718
6763
9529
704
5233
1408
1144
1979
543
3414
4150
9919
7128
3989
7001
2074
4123
2390
8886
3929
3988
6830
8112
9239
918
1418
7837
6139
7395
5656
3890
246
6349
8296
3600
741
4328
3385
7941
7959
6142
7086
3689
2445
6537
6923
2115
4257
8716
277
9521
9677
7470
7027
3479
1624
8055
7555
7235
1718
9578
7088
7729
9450
2306
3332
8297
1854
919
8271
5511
2944
1203
7115
364
8301
4315
8186
8194
1455
931
2751
7528
2198
622
5417
1446
6247
9219
394
6185
2258
7742
7294
4211
813
1948
506
3813
207
7963
4273
8141
5937
6018
9423
9856
4547
4455
2125
118
1410
5729
8471
2279
6883
2524
1732
8327
6594
233
5157
8979
7466
7315
2316
7555
5354
1150
5148
947
859
4095
9985
7797
8309
5349
7606
7488
2148
903
5221
8150
8999
3295
2238
5108
1607
8540
952
5634
9235
6385
8388
762
1402
8233
826
8371
5936
6488
1355
6582
3774
2224
9675
7062
6475
9821
9719
6779
17
4723
329
1392
325
9909
3499
1734
1285
877
4798
9395
9021
5119
4425
7977
3340
2624
1556
7598
7398
2825
8684
3056
3398
6997
6836
9204
7406
8920
1311
1967
4858
6631
7274
1038
9287
8461
235
4478
9832
3503
617
2951
7437
2405
2494
239
621
3524
6022
1413
8278
1348
7896
704
7808
3458
199
2983
3821
8086
5236
2290
5224
2469
3270
3550
7711
8110
1135
8293
8306
8268
1537
2526
8378
7755
8370
4462
6189
9566
9112
9657
7582
3387
6262
5288
3386
3334
1343
5610
8218
8653
9141
2700
77
8290
1018
2513
312
208
1091
2085
7035
9874
7304
1862
1902
9293
5881
2244
5062
3336
2952
6805
3390
449
2096
945
7793
9198
1922
7785
639
6277
5012
3139
5771
3666
6644
9060
7330
1074
9939
4909
5983
8513
1568
4793
6480
8630
1085
2523
3864
7812
598
8670
3358
7325
1355
7700
1165
5387
7501
7809
8714
2684
9546
5146
7687
184
223
2561
960
1878
2751
4170
1087
5141
7722
9556
4681
8742
4736
4974
5820
1389
6877
7988
2225
234
2422
8670
8087
3901
9555
1383
1461
5596
7724
618
9296
4797
4242
6575
7928
1214
1880
4342
3025
7724
6028
8697
964
8188
7172
2791
5126
611
6548
4738
5610
9607
2157
2476
7251
3425
4027
230
2917
289
6898
9584
3196
4353
902
9462
7764
7584
4892
7505
8607
2916
2321
4699
1541
1116
4497
1066
5367
9307
4735
1928
3100
862
2884
9233
2660
5331
993
1354
6021
6094
4094
1547
5026
5499
6955
9946
6181
2158
2770
8240
4955
3824
9261
138
3816
6105
7238
6878
3488
2358
7446
3297
1522
5694
4296
1271
6900
3443
8375
4181
9706
4839
1866
5325
4210
5781
7811
935
1366
8239
670
6647
6870
7562
4844
45
5172
6684
6187
6299
8202
2374
5603
236
5550
6203
413
2066
2602
8580
332
5951
2386
6110
4544
3316
2364
6594
7816
2032
8515
1896
5300
7496
5418
396
5874
8370
1570
8615
8060
7616
7812
4874
6250
1991
609
1085
9004
3868
3118
6793
4948
2559
8424
3711
2095
9308
2167
2906
9983
130
1784
2387
3987
8398
7465
4096
5514
1804
7094
9400
101
9297
9063
8016
2392
7680
9229
8130
939
5708
3428
3719
2068
9572
2
89
4509
849
344
3578
9502
7553
5259
5048
2514
143
3597
9228
5802
3939
2838
6917
8416
1116
5394
6525
5000
5804
8589
3396
5767
670
6450
2926
7125
1882
5632
1702
5537
2664
2057
4549
5174
8339
6082
6600
223
8771
933
7313
1487
9873
1630
8906
8142
5243
6986
8046
7164
4162
2554
918
1346
2471
2019
2724
6024
7600
3079
5329
6189
5111
1053
2462
1057
4425
1144
865
6528
4221
4782
8550
9548
5995
3558
7171
6268
5553
9950
1075
8057
7338
6596
4991
8278
7231
9369
1112
4081
2008
1234
2032
9487
3524
644
7876
7463
1057
9394
398
2521
3128
2101
9338
7181
4432
4665
9720
6815
7569
8102
1501
2841
9481
8683
1138
2162
9483
3702
7620
3859
581
9153
7694
4344
1906
3284
279
3715
4873
2865
5492
6722
3387
1083
1362
6416
813
6404
796
5609
6043
8359
7080
9520
2153
6560
6828
5732
6726
4295
227
9652
8530
3931
8896
1283
2373
4240
8834
3308
1362
9502
4801
1660
2176
4533
5663
7205
3346
2699
635
312
6615
8853
4149
7708
6204
757
9728
29
7176
2099
8251
4393
6715
335
6915
9097
4402
1371
619
4214
288
6380
4124
6858
660
4509
5476
9385
966
4422
8723
6983
4947
7593
4644
6978
9384
5545
4346
6227
1964
8559
1929
762
9234
2709
8790
1076
8001
8764
5660
812
3149
6799
7871
223
7420
6592
1610
8839
5931
2682
4414
456
1786
979
580
7258
4518
181
3720
3139
610
7259
8480
9261
6818
91
5632
4781
9702
6223
3334
1821
9637
2885
9650
8909
1875
2603
1560
1813
7012
1919
8943
1030
3659
4899
1138
6557
626
6046
1841
5089
1162
7055
3564
2110
5892
6748
7278
8973
4173
1604
3358
6792
9395
7570
3409
8566
3083
8235
127
5355
8021
3960
1159
8721
5523
1315
5701
7805
5606
5891
6731
468
3097
7656
2242
8317
2455
7984
4989
8016
8142
4167
192
7930
3912
6079
3866
4979
5465
902
6677
929
6831
8008
5890
1761
4614
1667
5367
1671
1639
7721
9680
4852
3287
7161
6446
3647
1339
8737
4658
1631
379
313
4250
842
3434
403
9665
302
9563
6149
2091
9352
402
2038
3884
5759
9729
2023
4472
5888
7003
3667
7174
7241
4787
4628
2931
9633
5804
610
2095
9139
2895
9479
5511
8997
6920
2325
113
6129
791
3110
5258
5779
9703
60
2710
2115
64
707
1248
2894
1124
3487
1508
6313
8862
3098
7717
6635
4849
7775
8124
1592
6228
4639
9737
6302
5049
8635
4948
9911
5805
9106
7588
4658
2675
1689
2864
7713
9473
1221
9089
6405
8098
8964
4656
1126
5101
8645
6155
2651
4800
1439
7605
430
6780
2052
4331
9946
6980
2329
4276
9703
2501
2137
622
112
6330
4033
255
4428
3407
2886
3707
7538
2048
7972
2205
1484
1859
5659
8961
3589
1951
6276
3196
7751
8740
5495
2572
4035
5893
5383
6313
6958
1206
7335
4575
5605
1042
7249
89
3295
8208
5893
7961
9552
4674
507
8057
1080
3525
9136
8690
282
839
5434
7639
6393
4880
705
1648
8137
6422
984
573
3132
1547
9853
1727
4309
4611
5349
2386
5673
2653
80
9088
8185
5899
9690
576
4522
4590
8282
530
8369
3995
6376
9859
7224
4994
2763
245
2484
853
3460
1165
6495
2543
6672
59
8765
1238
2419
7207
936
4841
8069
104
358
6684
145
2125
5837
9312
3396
1567
7020
9190
579
7340
5953
6522
516
154
3115
7076
7796
1702
4400
8597
8350
5735
1882
9680
622
1095
4643
2013
4538
337
906
170
6636
4631
868
3997
1555
8966
9644
4066
896
7565
2604
9681
651
7579
2495
7679
5008
7450
1596
9530
4367
7743
4309
2941
6387
1023
6183
1986
6526
3812
2451
6437
4603
5502
108
4738
7906
6865
3384
8967
1383
755
5552
7102
9824
3321
8053
8288
6694
1602
4053
8553
1699
8433
5593
8287
3175
9968
7515
6468
6096
9326
2592
6466
2271
4949
7572
9220
1641
7304
6553
3408
6453
3448
9827
9123
2829
2970
7637
1629
1285
3424
851
9973
4187
6394
4943
3216
125
3299
7842
8797
8739
7851
5223
6091
2541
2177
53
4724
7695
9669
5143
9758
9104
4507
2522
9448
3173
5970
7260
4722
5339
9000
566
329
5027
9547
3345
3778
6758
2123
7022
9856
8734
6750
9217
396
1012
2617
3047
9344
480
4220
2179
2966
2694
186
3383
9169
7962
1432
4974
2079
1314
8352
7594
3706
527
4886
3336
6971
8898
1743
3583
2476
7158
5387
2575
7665
8370
338
5736
7323
115
1226
691
7731
8927
2606
946
8359
5043
6630
7748
3873
9106
6680
227
8277
6923
7874
3310
7986
1209
5334
2508
6700
2683
783
6878
5439
3287
2382
9915
8676
5854
9178
8021
7664
5502
9756
5877
904
1504
8268
4915
615
1498
9033
4188
5757
4693
7323
988
7160
7904
2055
1669
448
1985
9358
3175
5203
720
791
4292
9482
2262
3996
8006
7738
4515
1813
4878
5023
8805
1822
1266
6243
324
8024
3688
8792
5051
7900
3572
1015
1446
6704
7505
5850
6588
8801
8617
2139
8039
4810
6231
293
9278
6176
7026
5513
8878
1045
7371
8138
7975
3351
8212
2365
8368
3116
4432
3654
1931
1236
7803
8599
6003
199
8800
4971
8418
7186
6585
5841
9775
4622
6692
7916
4959
680
8425
3043
9146
1370
1266
1128
760
3965
1398
4802
2086
8467
5075
6223
317
6583
2929
7387
1240
9854
1369
4896
7365
8840
2353
2763
9321
7095
4622
9806
7564
6987
4059
7267
9364
6303
9404
3647
9453
2637
8265
9311
1463
2340
3656
9841
2553
2268
4938
7751
1973
9688
554
9086
5219
9392
3721
1656
1700
397
5786
90
8288
4661
2222
3972
5913
277
751
8052
2981
4273
201
1516
4575
5633
7835
1291
1439
7200
5711
9520
4026
8460
926
4103
3053
3633
6343
1546
8721
7056
1011
3237
7559
1287
3598
5652
8196
2413
3923
4550
5111
3948
7305
1310
2482
9620
7968
8075
3140
7188
6122
8521
7638
504
4031
774
3050
9121
5364
7775
8013
3623
2514
9702
1297
6634
3318
4734
3684
6677
3621
6933
8664
8477
1919
2248
7602
290
2979
8183
1390
1018
6015
609
8862
3967
8879
8968
4142
4074
1964
2517
5625
8690
6210
5410
5200
3269
8078
5081
6531
5768
2176
9719
9052
2122
7391
4633
1204
9030
1439
1715
2613
2915
1318
563
1918
1484
1021
8854
8838
257
7026
1863
3991
4488
7865
8882
5874
4239
9267
7595
3974
562
6288
5785
7883
6508
6783
4376
4028
3185
827
3436
7049
2876
1163
1611
2663
8853
6571
148
2290
343
2870
1011
2022
8917
4162
541
4744
4853
751
2673
2130
7909
5972
7574
6868
844
4684
7080
9895
7092
6031
711
9529
7483
6113
8402
2875
7254
8987
5973
8356
376
2626
8318
1130
8850
2389
2324
697
1369
7027
4496
8109
706
6802
1781
2653
3356
3930
5126
4777
5057
4945
1300
4320
125
6736
1929
2035
6018
5644
701
3061
1779
870
2370
1696
6275
4790
8849
4312
3108
9621
6569
9906
8047
7936
3036
6719
4303
1757
498
2066
8826
6484
4275
627
3034
500
8942
2564
5951
7804
8599
1999
4571
1599
6373
6802
9301
8333
8197
807
332
9175
4640
4690
5652
66
7460
743
3188
2508
8828
5927
8435
505
9236
8386
8931
5032
3222
5678
8800
7133
1713
1104
6942
1319
1
6722
5339
50
5788
9113
9644
1637
6538
406
4205
7407
7445
5419
39
3435
2568
1153
8232
6424
6056
8479
6476
2559
3984
1568
9008
1912
9385
9206
5759
5664
5751
7014
8328
4277
8944
3721
2763
5755
280
9802
8979
2170
6067
196
7376
6748
4151
3939
9040
2280
2934
7745
2385
910
5623
9510
4543
9152
4905
2590
3934
6117
8626
7561
8045
7150
6722
968
7153
7941
9317
7702
1723
8627
6472
684
7400
572
3036
9061
5833
4906
4076
1561
8874
136
5288
9731
186
8874
93
6866
3694
3087
2862
557
398
549
8294
8671
7160
1715
1935
3546
1455
6139
3562
6753
236
1386
766
5951
911
7918
864
6615
3700
9067
9078
7173
1286
2123
7373
9067
3537
3241
1991
1555
8391
4840
2121
254
7733
7315
2450
2281
8275
4974
7478
6219
446
789
332
6847
1536
7644
5385
2122
6875
5922
9371
4664
6591
4621
5996
4212
2057
799
1645
4586
150
7627
120
5197
1567
7385
8934
178
8283
9183
3733
2716
1122
8714
8111
1968
4844
3380
3280
6135
4377
5416
7040
4768
3023
5320
3126
4487
4672
1449
1893
1487
7312
5302
6515
2230
5397
6586
2292
8001
3961
3801
1027
9965
5475
9631
5884
283
3433
1756
3549
7313
9518
1103
6760
8332
2269
6190
2320
6398
5520
9902
6445
5430
1560
9887
8166
9683
8138
6739
3982
3932
8054
7638
7508
2397
2279
2180
5129
5469
601
8909
6282
9807
8035
4587
5875
4802
9814
2050
9354
6420
4681
3339
6275
2775
3636
4834
3610
768
2882
6176
1402
5032
3704
6111
5353
8013
432
9281
8374
5301
2625
9267
3458
5290
3686
916
688
5130
6709
3157
4802
2393
5275
6520
8024
9689
3562
4155
5321
6712
7407
3642
7297
8181
2290
9039
2411
9142
8596
1648
9341
9138
2480
1232
7708
2366
8634
4034
1978
3842
5797
5728
9850
4898
5209
8745
2609
5818
8704
4088
8619
2461
5598
692
9882
726
2763
9315
2292
7480
1188
3120
9199
3823
1755
535
6857
906
2501
9830
7140
9895
8805
947
8460
5788
1461
4555
8011
7510
1559
1013
5930
525
3835
5537
2884
7240
7782
9277
2701
8685
9268
6992
4702
5310
3557
3156
3985
9406
4264
6175
4736
2569
5940
9374
1029
5149
6485
5764
193
2208
5461
223
4783
2244
6050
5454
3051
5427
2838
5652
8088
154
6138
4171
2700
1783
58
654
8746
6142
3868
6085
5755
4388
4059
8074
7867
188
8950
503
8613
6324
2018
4814
6451
2596
2672
3013
3761
3934
1963
4413
2633
6892
429
8559
8750
1733
3708
458
5855
6312
5806
6459
919
4097
1258
312
6856
268
6119
2307
9706
114
7493
8648
26
5709
2174
4004
1679
2576
5623
2746
9105
6516
2334
2916
4983
1834
2130
2505
3171
726
7997
9838
6134
9527
1554
5032
1870
6549
1919
3589
1282
3623
5904
2369
6092
8829
9731
2242
7562
8625
2610
2110
1515
4405
4947
3487
7207
7500
3887
7754
3075
1613
1200
9450
607
177
7507
70
6570
8381
1418
7417
5334
7620
5913
6816
9580
1147
9141
5183
1465
2022
8079
7234
9228
4180
6865
9451
1645
9874
2190
5418
8773
2863
9378
1643
4105
9671
280
6873
441
4780
7376
2143
639
4704
955
5809
1737
1473
6107
961
7501
4405
1855
7069
1585
7039
8407
5738
8193
5685
388
5987
2191
3035
1692
2010
1857
7916
102
244
9912
3699
7945
5687
9800
4407
3364
7022
7547
1189
589
1741
5663
628
3887
9052
6719
1745
1330
7743
132
9429
582
8966
5912
7816
826
6080
2321
9384
8226
1545
288
5733
9537
4396
9024
970
2638
5913
9042
8447
2740
4517
3989
7348
7455
8425
7713
2550
9968
6839
3989
7319
3222
5586
2310
5082
6686
3681
634
8715
4015
9367
9978
8156
6849
6789
6164
6338
4730
301
6146
6246
9725
2122
4366
9350
9639
3249
6649
6652
6663
7073
2452
9029
441
4390
6871
6573
4436
2948
962
6006
1496
7798
98
2339
6390
1740
4337
2508
6421
2057
1463
956
4879
3111
4868
5547
9292
8590
5113
2246
3763
816
8088
7836
4393
2797
7811
5412
311
5217
3802
9560
860
4326
1338
1381
2654
1283
4830
4457
1811
2294
6780
3657
1509
3601
7798
7714
3747
207
2018
1364
8833
4490
6663
283
6655
4172
5873
6421
4921
5534
6299
473
192
8070
48
1459
4794
4215
7136
471
9154
8491
8876
4085
1313
2431
1340
3886
7136
7609
7320
9129
2262
1948
6459
558
7527
2488
1729
6884
2709
5093
3655
2927
7235
2264
5070
223
1528
7466
1565
9970
5616
2810
3009
1258
622
2095
5922
9625
2134
5691
6724
8833
9039
7023
2425
1929
8506
7690
7464
1630
2296
3198
6946
4816
7070
9473
5786
2295
8045
3152
41
3266
3346
2658
1068
6561
5970
732
3046
8764
1899
758
6294
18
90
859
4970
3609
8135
1924
2998
4606
8640
3063
5440
411
4913
8502
3503
8120
5302
6025
9755
818
9352
9811
6791
2726
912
5990
8723
4750
9409
4861
8297
4065
4845
8665
8424
1492
9434
6282
467
656
5069
5539
3782
2003
4954
201
3880
346
8519
7139
420
9101
3414
3801
9955
874
2795
9859
5215
5791
962
6833
7209
1397
3308
4022
8635
7454
8906
926
2278
8751
689
9805
7230
3078
4929
3551
6253
7743
606
2967
5345
1724
2770
9047
6179
2571
3538
5190
6766
3212
4261
2050
2774
2008
2737
6555
8736
2412
8964
3182
6484
9080
7352
1977
6571
5204
2519
9407
3390
1297
1696
6198
362
5736
7715
1136
7030
3683
2266
2289
1001
9197
2119
9717
6449
1274
5609
5061
1708
8147
6700
6344
3469
9800
3768
6956
9451
5701
3341
2123
2354
3667
4049
1140
5364
4156
7262
6851
576
8371
8254
7913
7529
5320
6797
8145
5752
5812
91
4335
1845
9103
1996
5256
4535
7248
2332
6174
3234
9656
7436
9839
3504
413
1581
9492
86
8221
1723
5388
5123
19
143
3211
2054
937
2664
4915
4424
3085
9469
7627
7955
6791
8644
8651
3297
4471
2580
2637
7256
7407
8240
9648
7023
8605
7884
5397
1033
1830
4181
3552
7707
9949
5436
8839
5190
9434
7229
5079
1603
8781
3525
6025
8305
3857
1328
6971
6798
4830
2049
3035
3316
3802
3483
8749
4439
1338
8436
3256
8210
9478
1371
4177
2132
5422
1164
5538
5378
1236
8886
8405
6118
22
9560
2833
3783
1525
2406
1516
1415
8034
7674
9887
372
5216
7087
2565
3907
5564
7262
1830
3634
9951
9747
340
2678
4800
2399
3158
2249
6515
9130
1589
2984
848
3570
1841
2628
6547
6975
6514
1893
5784
6194
5066
3197
1040
3606
4211
6957
8125
5097
2747
4681
37
3904
2920
9625
5409
8459
3324
9065
9779
9679
3875
7136
2755
6451
9296
8680
776
5508
1522
2480
8136
6290
462
5298
1612
2405
8792
7852
4767
8187
8932
4609
6614
3943
6924
7344
4664
5036
3597
401
4035
4685
2714
7509
7797
1491
3636
8712
5417
7125
3781
7655
1777
2763
1084
5009
771
7474
2416
620
4273
7102
3768
7232
2944
3873
1805
4394
2097
1953
9954
3555
3248
3210
3584
2477
1033
7223
5950
35
4551
2551
1088
892
8471
5791
4889
4691
6168
2966
4354
1454
9129
7454
197
251
275
6551
7438
2171
9514
8013
3754
5603
6214
7163
7663
1583
2928
3077
8159
2845
8789
3056
4806
5553
3506
6282
2169
8014
4186
8554
9471
4962
1334
7999
8095
4237
5118
6242
6518
717
9510
5508
5707
2555
804
7724
7601
4368
6474
6949
9134
6517
682
9207
7151
1670
5171
4865
4600
3882
5908
3360
6559
190
3650
7887
1312
8413
5159
8666
4374
1258
526
3823
5349
221
8831
4989
3952
5004
8183
8495
9090
8925
8987
4596
6951
3168
894
2166
8464
2993
6363
6983
4162
3198
7722
7789
5103
1522
9895
7137
6833
7951
9299
3481
5301
3483
3697
4835
8724
8794
4196
2819
6476
3745
8725
8510
5267
2621
4008
670
5153
1859
1824
708
5540
4
9872
2098
8992
32
6302
7953
1418
9321
4190
3322
1217
3355
1470
2313
1800
343
7763
5146
8908
7102
4101
3931
8242
3301
1722
7087
4461
7172
2853
2036
7875
875
9593
2309
4055
2263
9934
4567
6110
451
3015
7442
1376
5596
7061
7454
2327
3491
4201
18
7583
8336
5448
1102
5212
4720
3422
6925
474
8411
5555
9664
4271
2303
2236
106
9702
2681
7077
35
1113
4735
8908
5082
236
6979
4916
6461
5988
8051
3443
2435
6093
711
9281
5707
9201
6500
5651
3304
2369
5849
688
7723
9608
8421
5679
4205
5247
3101
7932
1436
3393
8543
1087
5589
2279
2624
8877
9304
5045
2744
862
21
8238
9943
3505
5036
8535
5171
2732
497
6428
4728
986
2594
5513
2102
5811
1926
500
1757
5053
2792
8215
868
7396
7324
627
5436
9459
989
168
4734
3965
3562
5332
1861
547
3134
4122
5609
5140
6866
8438
991
4233
6263
4625
9899
2824
4
52
240
2087
1931
1488
6610
7894
9708
941
8809
6727
2072
886
935
2508
7713
2371
1998
100
6257
8695
6505
7752
245
7937
3922
2132
9832
2758
558
2835
3665
8661
1785
7586
1195
5329
8782
3108
6483
577
786
9575
2455
4821
8477
4232
7023
394
7455
8534
4199
7069
7670
7956
4074
1752
1228
6621
173
5727
6526
4439
83
9536
5715
5875
8949
6968
7945
4566
110
1917
2296
1835
75
312
3741
5647
894
3318
624
8483
3466
195
7939
8806
2596
6387
5534
5198
3811
1370
9191
4070
6462
5623
7367
4269
5731
6657
5541
6810
6867
3309
4143
1629
2023
74
3608
4441
7084
4804
9013
5185
7313
5154
9145
335
1280
9046
8617
1135
4045
4834
3394
8459
9301
3517
7942
9261
464
9899
2632
4634
9619
2345
1010
372
2464
7326
9661
6445
6938
6427
8211
246
8432
6222
257
3324
3785
984
6876
7076
5234
6222
303
967
9052
4971
6682
5743
5567
3518
5945
2759
9087
9950
7810
3239
864
2657
2884
8733
2174
2672
7581
1634
1548
9403
8732
5774
7442
5350
5787
5835
6561
7268
1241
49
2246
6604
2854
2045
8371
6587
2009
3809
3879
6104
2239
7193
1172
5061
7531
425
1270
7960
9523
5692
2665
9145
5583
6719
6704
3379
397
3142
8701
4331
4334
814
3314
411
1163
4185
2121
4754
1816
9308
3310
1979
5532
516
5830
9250
7926
2067
8480
1151
3855
6888
9744
8154
4698
8085
4459
6801
7509
1340
5972
8890
9758
4495
1521
1126
1351
9791
3764
1822
3071
6022
1591
5863
2169
6894
1643
6423
3667
7342
9
3502
9862
7418
9947
6590
2707
3831
5178
2083
2117
4118
2123
7982
4229
2920
7135
3241
665
9139
6480
9909
2224
7164
1685
7205
1278
2804
1375
4655
4010
3759
273
1618
2551
9165
1826
6726
1100
2775
9926
7313
1477
4196
1565
7174
4466
4396
9798
2186
4789
5404
6074
2068
5905
1255
3211
586
7280
9654
1718
6326
7261
9287
7746
5315
6346
6085
7039
5582
4420
3490
5111
846
7766
8435
3243
5345
1278
8962
7931
9968
5018
1456
667
2381
3299
6333
723
5098
5388
2023
3324
4017
8336
33
905
3398
1198
1680
7032
5637
9873
9013
7733
8258
7164
1675
3533
9820
5825
5943
2968
5784
8766
1094
6358
5040
1282
8469
2762
9547
1253
7880
1468
6835
7125
231
7510
932
6493
2429
6776
824
3682
8307
915
1980
9564
2879
6191
1439
5877
8775
250
6939
4705
8338
1711
1797
6988
38
7488
894
9805
2737
6650
7105
303
3340
174
418
7816
221
6684
9454
8206
9634
7054
309
9504
5414
4309
3832
4927
3330
6019
311
4089
7882
1519
5005
2019
7515
1539
7302
3846
2231
8333
5489
1590
5646
6674
3844
3814
9334
1954
4529
846
2306
1157
9917
5488
3284
3075
5406
9330
3884
3188
3295
829
3630
6073
111
9483
8373
7992
1512
5252
7364
1460
1201
5677
6351
77
5619
2920
5920
977
4042
8493
5888
2604
9140
9940
4
1413
4398
2382
5404
4779
1263
500
1614
3796
7854
3959
6317
3537
3812
7321
1951
3705
6529
9184
2543
1812
9085
5352
4497
8173
9591
1417
8882
6440
2165
3133
5392
1443
839
6986
9793
8443
3439
8274
6765
1579
2426
1409
7860
7211
4857
8640
2414
6785
7258
7838
7611
9064
1617
4645
4081
141
5043
5663
1049
2502
441
8095
1468
7548
3058
9474
2128
2822
2137
7536
5932
5456
4968
2861
6513
8204
3559
6854
3090
9532
5502
309
2380
7058
7426
7355
390
9543
6852
8111
9312
3944
2135
2373
4668
7690
4505
3731
7712
4608
537
6378
7678
5066
9787
2809
3146
5610
8101
9932
3515
9002
2721
8394
8329
2251
9901
2494
507
5588
6367
5340
1198
31
8353
7999
2588
7908
3445
7812
180
5844
2017
3003
4839
9546
3556
3378
284
8105
1234
8637
2244
9578
1180
2987
5141
1592
4629
597
8656
8809
8072
8272
6873
5473
9559
8125
2366
1205
1268
3170
6238
8235
6627
2447
4840
2
5228
4110
9212
5953
639
1124
4307
9911
442
4199
1611
4042
1716
6471
1257
1815
7936
609
9968
9546
2211
9545
9378
4638
4313
3965
3320
9269
1393
8475
1397
585
7938
2181
5752
1504
731
1865
740
3666
6810
9678
3535
4883
568
5391
8974
3923
8899
6058
2533
2605
633
873
5107
6543
9178
6649
7323
7415
3845
8077
5270
7747
7131
6244
3181
8827
1115
5143
1044
8080
463
3738
6336
5653
3726
5778
1657
4740
5596
2789
9976
4943
8851
1452
116
1389
8113
2951
6582
8545
1107
4952
2490
1586
5487
7373
4835
7143
7639
4491
6165
22
6866
3588
8350
3966
6862
2923
8419
7908
821
1284
9045
5384
5382
3524
6596
3961
2505
70
5466
5724
788
5205
4135
5740
1519
9571
9280
6989
1477
3826
500
9914
9298
2207
6163
7805
2350
6451
1915
2672
9128
5640
5806
6297
5874
7588
2800
1796
4572
3146
1773
8733
5534
4746
9759
1606
8216
9279
2777
3426
4020
5691
8655
1311
2073
732
5827
7520
4345
2876
3430
8023
6253
1542
9108
5195
2157
3163
5129
212
829
1308
7584
5301
3107
1798
2108
1988
4970
3942
7807
8978
3084
8884
5748
2129
173
2323
6313
3893
2453
512
6336
5462
6035
6464
5711
7189
4819
9685
8773
2902
1302
6630
5215
3196
3791
6003
3743
1247
3330
3506
4267
2468
8586
9432
188
3371
62
6359
3354
1548
6763
425
5940
8176
9894
8300
2348
1008
5411
3335
4465
2938
6369
326
5737
7781
8779
784
3883
9120
5689
5537
624
9668
6171
6779
960
6127
5145
6454
6980
8034
7922
5813
5340
4104
8997
6699
1187
4625
5422
9364
4254
3291
2032
6426
3580
1397
1900
3058
9850
5738
6416
6610
2856
8301
8823
1262
8392
3200
9977
8087
1705
7396
7545
9932
3165
9058
5236
9222
7222
2952
7483
3156
8542
3005
3347
8447
4339
9164
4125
4058
1270
2976
3187
2715
265
2283
3440
5689
281
2241
4871
9089
1009
2535
8661
9193
989
3971
7871
1940
5389
6676
5515
7625
1139
1994
962
5936
1370
6131
230
6397
7340
1196
8680
3242
1591
7038
7471
9842
6574
6262
5061
4648
4423
3106
4931
3211
4849
3654
4884
9986
2537
703
9857
3460
9062
77
9618
1148
8241
8468
7327
9970
3569
8821
6583
2066
6523
6354
2709
7710
6190
9576
5625
1280
7574
793
2585
8971
1386
7467
2690
9689
4808
8214
7298
1665
6463
9000
4606
1765
4415
3000
3226
7099
8042
4286
6228
5045
8212
4788
4404
2956
639
5245
5177
8470
1635
9716
5224
1922
3176
6705
8763
330
7562
814
4410
3004
4342
8708
1491
1369
3815
8801
3271
6404
3466
6984
8843
2040
6629
7138
6225
9192
4400
3868
9547
7750
7542
2222
9930
6858
4116
5342
9390
6461
7454
195
7246
3181
4907
5207
9431
9194
7509
9916
5389
2759
90
8147
6526
200
534
1390
4557
669
8030
5689
1990
1923
4646
3721
7877
4013
3265
4920
1316
4664
3549
413
3000
4836
5154
5013
7488
7706
8729
3353
5545
5051
7325
4596
346
7220
4382
7802
1343
1905
4289
3108
9119
1219
7998
9601
2857
3932
1935
782
7706
4738
923
5439
8250
7011
7660
1277
8163
1072
9059
2879
9328
9092
6555
8580
1919
7780
5812
5015
4578
5007
3495
2062
9700
9792
6259
9613
4538
4999
1371
3043
9653
9000
5956
597
9970
3608
4136
8859
1053
3012
1098
9868
702
1365
7849
475
5883
1860
7497
6747
8197
4349
2144
9290
5331
3241
6384
1461
6379
8431
6146
9030
3433
7702
5095
8943
5725
1411
3790
9038
6425
7025
2678
8245
5955
3391
5747
2020
5468
3123
705
920
2467
6055
4492
6109
7937
7569
7110
8582
9723
7076
2496
9658
8355
2971
9995
8242
3438
7798
145
7304
5960
9340
7193
4439
3782
1085
4205
1057
3504
6427
837
1011
3829
5483
5259
1461
72
1894
6537
972
1215
4726
3280
1615
7522
1759
89
6129
600
108
8227
7273
4043
1363
8518
5085
4008
7458
7320
2415
7101
9214
2493
3449
6170
196
4529
681
873
7740
4838
9908
4671
6587
6832
9090
9989
7948
4938
266
5494
8354
422
3292
8585
7296
257
8469
1104
4022
8911
6913
7612
7121
7315
7474
3149
4146
6152
7369
986
2849
9228
6848
926
2125
3352
7163
4710
6645
2722
3266
3734
3782
62
5873
4038
4970
5187
6509
5541
3578
850
2642
2640
8556
5633
9294
8229
1452
4383
5002
4657
4235
4254
4026
8882
3039
3234
477
5937
5217
8407
1108
4668
3847
5714
8006
8498
1071
3038
8998
1839
1728
7362
1608
809
6342
7258
9069
1164
7570
6772
506
420
5435
5002
9140
9930
3130
5969
3201
1178
9075
3524
6867
2185
4092
7029
5758
2643
8504
1588
6173
1245
7781
3018
9462
7276
8447
5914
6859
6720
6899
7381
3724
9179
5094
1369
1513
9706
3373
5736
466
3382
9646
6021
2838
6291
4278
422
7733
2855
5492
6920
5107
2193
3570
441
1099
2240
7880
1473
1165
6692
7734
4004
8759
1883
4749
6
7076
8020
9127
5631
4329
772
545
4814
3169
308
621
1468
1617
7481
3899
7622
4539
4582
5474
1050
6320
6898
6529
2940
873
446
2921
5074
7672
4206
8582
2713
7716
368
1789
4904
6903
1708
6387
2527
2506
4429
5100
264
5618
7970
2007
1165
3222
7494
206
1518
3282
4701
8314
3941
365
2786
7269
4505
9524
4781
9112
6372
3497
6359
4494
4216
8750
2085
687
7795
549
2638
3003
7599
3646
848
3729
5511
5725
4018
7936
7348
7114
5785
4281
8942
7484
5214
9647
8812
9233
1620
1408
7162
6048
50
6520
4817
2685
8928
8571
5314
8224
3500
7833
8303
352
4826
9670
1669
4296
5867
8216
8737
9857
1908
6742
4815
3465
620
9530
2629
4394
2547
683
7425
46
7791
3299
8380
9436
572
821
2109
679
2298
3730
3753
9185
6974
2851
4760
2305
7819
1405
601
4167
909
7440
5909
550
3753
5489
2685
2874
2417
964
624
8576
8769
1712
927
8663
3006
8688
2929
464
6609
2100
6340
5296
3704
4303
8597
1345
7361
9399
3192
603
5104
5526
7530
155
8202
9697
7738
3087
628
3603
5174
1150
1657
444
5882
6530
4536
5292
9771
6142
6603
185
6651
4131
2100
4734
898
8286
3310
9472
7701
7954
2951
9511
4422
2538
2623
1162
7788
5321
9755
2940
4409
410
9532
2161
8471
9144
1633
4370
8716
4049
7587
2308
588
4132
3973
419
3466
8508
7490
1858
6340
9080
372
9279
8666
2804
3996
1002
6288
5754
4408
4351
9275
1924
1211
6086
2378
1649
5814
4338
6948
6702
9525
2181
581
2641
2730
5540
2460
2829
896
6571
8791
6759
7763
8753
7127
1856
3123
229
3775
1275
8623
5586
4333
951
6414
7468
2601
1290
9257
3040
3549
6421
6888
7362
2444
7287
4618
2780
327
6429
362
2109
9197
7478
8051
9177
4893
160
7110
537
5392
7444
9889
6503
5429
5417
4079
1316
7407
3303
5389
6152
5640
2059
1885
9683
3565
241
8638
9555
7703
4169
3243
824
3172
1214
6231
7181
4945
1782
9021
7257
1367
3057
6276
8768
9310
1320
5546
8581
6165
7593
3717
7460
6806
9313
8792
1223
5654
502
5840
5982
9150
7583
9797
4595
7852
2786
6972
540
3019
549
4198
7462
7705
8465
3892
2363
2251
9794
7296
2412
3399
2936
6539
8782
1067
7626
8685
8742
1080
7619
9564
671
1995
5440
6779
2070
6744
7276
2257
8305
6773
2182
7381
6405
9590
1314
818
2468
8138
2150
9096
9036
1438
9441
5663
1819
7882
5418
9109
9658
8125
8975
4341
6380
5843
4349
9765
950
9930
1366
7160
6436
93
9479
9422
5414
482
6814
8339
9132
3403
3316
5340
9538
1902
8365
6483
1784
6172
761
6707
1666
480
2759
9774
2344
6574
7443
9162
8691
9515
2188
2188
7696
7939
5387
8127
7965
6920
9796
796
1737
8484
7338
8683
296
5093
1828
3899
1910
5073
1120
4836
5606
4350
7262
8068
9870
7358
9025
9596
9683
5855
5123
5401
389
7917
5194
6538
5262
1309
26
5944
5045
7014
521
7480
5124
5841
9988
6065
9761
5792
4188
9435
4667
4294
679
1855
5994
4368
1430
8121
5230
2804
1161
1261
9929
2964
3965
3185
8427
5684
9528
2760
1365
8635
2229
3360
3390
8036
1630
4974
9711
1465
7403
4141
8102
2420
72
1618
5991
3129
5877
391
5762
6895
3068
5515
5734
3158
1052
8930
3922
3551
4602
5998
1212
9398
5031
4546
2797
4492
5237
5319
2590
4246
1464
2464
5439
352
9125
6003
8322
2635
7457
7111
1377
7543
112
5635
6198
8507
7555
6892
6683
427
677
960
3081
5131
5596
6439
511
4890
8767
894
8328
8512
6301
8038
7130
2584
8720
9327
1048
2603
5908
5776
7928
1346
2672
507
134
7256
8777
7625
7250
1013
955
9073
667
2211
5387
7395
8393
3671
8478
9852
6118
6570
2792
2984
2925
596
9914
2722
4218
3787
1138
5938
1828
8754
8839
3580
8041
3877
9716
4169
7655
134
213
2563
8358
9528
1650
8639
7319
2592
9284
2416
6516
4173
8943
9098
5860
7398
385
6017
1608
7209
9206
9470
7214
5167
4578
3196
5220
1529
6866
9136
2214
1012
3791
3712
9492
875
9707
1493
9967
2022
1499
4533
6034
8447
3268
6807
4486
9973
3116
8627
8665
6242
996
1399
4033
824
6092
6288
7521
8586
1356
4507
5060
6983
5892
8140
1376
9139
7780
1649
4121
1475
5788
7690
12
1226
3785
2320
1903
1374
3366
4509
2448
3676
790
9304
3606
2737
9808
6430
7967
9919
868
1416
824
509
2775
5599
2092
7024
3572
3829
2274
4488
6750
872
2077
4023
927
9157
6302
7128
3844
8396
2669
8084
2034
3931
6962
4025
2816
3678
5742
7554
349
6582
6390
1876
5767
9681
6607
8900
4946
5528
2387
8034
2051
3930
2759
775
8727
4614
8453
8588
3612
7703
5308
6900
8998
4787
1745
6283
1657
6656
6073
3510
4241
5085
6772
3088
7771
2571
3618
9760
2369
7219
4971
2984
4215
9361
5269
1395
5270
7645
7295
1629
6441
9256
9830
526
6128
6162
8133
8608
1141
9471
4406
4938
4388
496
7866
2445
1992
6669
4187
890
6549
733
7901
4158
6047
3016
1765
3573
1344
7302
8790
2933
8399
1388
4980
9293
4868
483
8671
2741
4501
9786
4840
858
1954
4338
8490
5965
4043
791
6701
2589
5433
3798
7820
6953
839
5626
7688
7932
4189
6394
6946
1366
3932
7430
5627
5051
5983
4378
6804
1653
547
1556
4058
5941
8051
9652
3763
3524
809
220
5501
2756
1144
1789
3973
2040
5091
8842
885
9540
8771
1196
1056
8939
9863
8917
9155
6948
7864
9350
6171
8762
3381
5482
906
3012
7182
7528
6510
9373
5238
7328
162
4881
3176
81
3237
7711
7851
2603
1978
2610
2357
1856
1105
8155
4428
7179
6450
6488
613
8439
7030
3879
6480
3513
9092
9333
7177
7208
1425
4011
9489
270
4009
6172
4741
4296
6826
73
3081
7857
8077
1522
5502
1391
1327
8597
7283
798
9701
1828
1557
3249
7485
4493
5254
2726
7639
2646
7612
9677
9943
5166
9398
219
395
7961
5664
7172
1108
5031
1546
9962
1916
9253
281
4838
3826
9737
541
2212
492
4446
7668
3022
4162
3420
7354
4181
9317
3810
5830
1848
8156
8880
6403
7747
9616
5827
3939
3858
6684
295
9976
307
2590
3779
4339
6470
8957
9253
7116
1678
9801
925
3885
8239
3648
1699
8210
3
4382
5442
2797
5474
719
6150
684
5549
9848
9856
2939
5155
45
5371
3074
5421
2914
1558
8421
7818
5493
6244
7515
2092
8257
3165
7968
7300
2854
2684
1386
1932
3152
8752
5045
9589
2063
7388
7065
9680
4317
6385
5252
8786
9410
7812
4248
7169
1496
9026
3381
8759
6897
1310
4574
2748
536
8962
2754
8839
8400
1402
4708
5328
2826
8306
3200
3232
3547
461
8544
2974
7199
3626
2468
8591
8306
4239
7589
2525
1691
9738
8536
9743
9285
2382
2447
334
1179
103
8671
6866
3888
5725
1197
3213
1021
7522
79
9000
1225
3340
51
8843
8999
791
1917
7374
3542
8608
1746
697
9240
5440
830
3787
2088
2531
9814
813
866
9803
4177
8909
762
3099
7243
9324
8279
714
7959
1030
6012
6897
6449
1588
7584
1131
2254
6811
7242
7359
2937
2057
7135
6253
8830
9802
4447
1746
7165
5899
4384
1191
5161
4162
4426
9378
1216
5595
4608
5789
694
8557
8996
4942
524
2700
4205
3583
5046
5675
1512
6543
4477
240
4371
9594
4261
5173
8967
1542
810
2162
694
3571
4718
8112
6525
8673
2015
2975
1552
4459
5280
1179
3305
2554
2299
9497
3485
3935
2594
6952
268
8981
9565
2997
1390
6568
7491
9586
2488
2288
6724
3895
4582
2107
2140
9832
4002
2405
5361
342
8130
7208
5929
923
5603
5461
6488
245
9551
2497
4556
2630
4323
7431
579
7911
2814
7382
8638
8232
6319
4192
8771
3560
2956
2216
2892
5931
9617
1769
4521
3884
9212
9203
9494
2805
6291
2210
6533
3012
9792
4033
9809
1237
412
552
1314
7898
2316
2586
5635
1526
7624
3833
2885
4321
5870
9606
9128
1604
9337
7543
8697
1384
91
5580
2162
1093
3249
1523
3439
7349
1785
7782
6364
9357
4495
1508
7473
5916
9833
53
9818
362
5373
1852
4292
3995
1541
6878
8552
7331
4401
3893
1314
6342
9353
2668
3688
7282
625
6495
4978
9080
2712
3375
9223
589
1911
9874
9682
550
2778
4082
7614
1811
4326
6568
1871
4328
4358
2056
4896
8186
3061
2943
9708
1966
8687
2646
903
2206
7144
7691
5086
500
8923
6701
7230
2703
8596
293
4337
2369
5803
4705
6133
9339
516
1080
8159
6156
4685
6
2875
6056
7022
3636
323
2153
1879
39
1862
2764
8357
7376
5334
8768
8947
2118
9985
3715
8557
1348
6188
5773
851
9217
8909
8977
3360
6608
1900
2426
1030
7971
1724
917
1479
7958
785
3453
7972
4386
5468
5195
6375
3432
4758
4996
6270
4
2748
6847
4745
9758
5309
1148
570
1167
9842
7985
3591
8270
175
3090
4468
4545
5856
1048
6470
9520
2105
4119
827
7993
9368
3391
4292
9558
1441
7642
8168
8352
3517
5791
9523
9306
4091
2389
5922
9864
4397
5871
5922
5205
7832
2813
6193
4458
2736
1573
5467
9359
5538
1483
7250
4045
2685
4115
884
686
822
7646
7952
7342
4913
9142
758
5101
2796
6879
7209
821
3943
8342
1964
2960
6102
6209
5594
4980
3358
3326
388
4624
2251
1974
1019
9099
1047
2803
6239
7870
2861
4982
7584
8873
9843
3943
7900
6003
6465
3120
2980
3660
2940
7515
5600
2021
7258
426
5189
1462
5791
7166
7371
4603
4434
4524
2549
7282
8200
3545
486
3691
4460
6824
9309
6009
5079
4467
5736
3870
7021
3259
3280
9358
8961
5936
8398
6581
6009
3179
6345
6255
1210
5390
2051
3544
723
975
5075
8773
9964
8334
1508
2168
1408
2859
4353
1903
2526
3027
7401
120
1514
3919
9273
6055
2892
3774
7027
6144
6357
7622
5101
9055
8911
4070
9229
8863
4195
7221
980
9140
7283
4692
125
1044
4912
9205
2807
2907
4130
6033
4252
8374
7056
2307
5132
1245
3979
9224
7019
7762
438
1935
3587
7816
8380
5176
7266
9755
3975
9305
4869
496
6886
6152
6091
6901
801
7307
8428
3435
3123
1412
6548
6097
8876
705
6825
2398
4791
1984
2918
633
2906
7181
9872
772
9036
9536
4179
5824
644
3232
5239
2989
704
5527
4196
2748
8403
1475
4092
62
8114
5194
5953
7492
8947
8571
9094
5600
998
9543
616
6472
8430
2152
4943
4794
6687
9306
580
7622
9551
2130
4537
2694
4702
8362
5169
9631
9199
971
9054
4351
8816
6841
6518
8695
3906
9619
3253
3295
3077
6366
9273
9854
6687
8237
7518
6122
6313
9083
3528
2456
4932
8318
3583
4127
7220
3768
690
685
6268
5556
6333
1357
6294
270
2606
1799
7645
9961
3615
5146
26
6456
9224
1904
3931
2908
2354
2966
6264
4586
3353
2543
3375
5982
9638
9414
5064
3692
9449
8078
6996
6868
9785
792
6465
8449
4297
1234
5155
6484
3943
8539
2610
4994
8198
687
1144
1210
1050
5880
1517
3761
9482
1831
883
9885
2088
8160
4098
2313
2004
229
4392
3686
713
2083
544
7655
3528
7495
6814
8439
4859
6047
8789
711
9004
2163
142
6291
9628
2770
2313
3516
2178
6436
7274
4346
7203
6664
644
9243
7763
6601
4225
9930
877
5273
4344
1168
4496
3401
4297
6653
3228
9043
1695
759
1415
7834
5559
9116
3824
7842
7669
3925
4968
7032
977
2422
7016
6937
890
7786
498
4039
9678
9525
4442
7211
7732
2413
5646
482
4546
8107
2223
8725
3347
4338
6484
1410
275
122
1101
8508
6534
1653
4419
2230
8605
7233
8673
7893
7387
605
8877
4597
110
9389
7013
4990
1047
103
7963
5729
4907
2073
3019
2617
3223
1540
7972
2249
8341
5024
8600
391
3522
6799
562
5478
4356
3118
7266
6365
8800
6352
4418
5724
6800
6350
2098
7768
7367
3988
9515
2018
8240
1207
1378
3526
9502
3044
7157
9549
2431
6486
7550
3493
7306
5868
5648
9666
1715
8660
3210
9812
22
1600
3297
4991
1846
8598
3801
3463
4513
2674
5572
6168
8389
7778
4858
8443
7323
3542
8738
1586
9943
7616
9349
7002
6880
8179
7294
7112
3639
9717
2928
26
9751
8894
6009
8051
6567
4665
3256
8205
5808
3108
4406
3202
8201
7966
7392
1679
5735
7006
972
9838
8503
1916
3056
8432
3358
8835
1085
421
8565
8786
7196
3629
8053
9384
6744
3847
8675
5685
9733
546
8552
571
6913
1052
3895
2335
5131
7950
8966
5952
1973
8663
6397
3201
7058
6918
3926
245
2031
5553
1863
1748
9160
3883
5527
2420
5303
7387
8604
2062
2595
4277
3408
8071
3377
66
1190
8355
1380
4818
3564
522
2187
747
1892
1139
9539
2885
5120
3762
4588
8067
3394
8609
8980
1604
2785
2
4150
2738
813
9102
2011
9066
9596
880
4079
5293
1641
8597
4284
8009
8823
3126
4384
9736
2245
3257
690
4135
5291
4713
7470
8236
3228
8944
2633
5892
3718
3865
1526
6073
5199
9561
7981
4565
7784
571
5230
8337
4187
6650
545
7227
229
7868
4253
2767
1198
5876
218
7425
2571
2993
4505
4828
6994
8515
9430
8164
8884
4719
8415
9166
4905
9469
5128
8560
413
358
9997
1881
2272
2028
447
5101
2529
8634
9884
9121
805
2342
6342
8629
8154
7248
8663
1336
5864
8846
5986
7694
4525
2926
1505
5687
8556
1411
8252
7381
8045
7410
4697
602
1023
6466
6336
2218
6253
4865
357
74
9652
8466
3476
887
6455
6690
2508
6269
4834
2418
4682
9975
1614
8024
4848
6987
6960
2744
6846
9578
7451
6076
7627
8550
8121
6365
4518
8278
3072
3327
2184
3082
2020
4571
5988
5095
4210
6136
6461
7156
204
4886
7269
5476
1148
6538
2557
1289
5342
7494
9784
5460
3794
3014
8000
3584
2577
7063
228
2907
3076
3829
8966
3717
889
1508
6916
579
2630
3082
3018
492
9539
5594
6254
808
7242
2119
3957
6999
6163
9307
9709
2152
5443
5694
2699
4398
3719
2646
8802
1518
9406
8664
2894
7806
1108
7695
8718
9829
4532
1526
4341
1433
9443
1218
2238
2696
9456
6189
6268
8684
2456
7170
8687
7043
7638
934
5603
7870
2851
3277
7500
3879
4308
2171
9928
4813
1583
6094
1544
5553
7210
2801
5100
563
9317
4115
8582
466
7467
8889
8961
4041
8627
6326
997
325
392
7726
3992
9064
3610
6772
2553
1238
3443
5259
4420
6569
8622
1692
8943
9041
6171
3631
7636
9125
8183
9361
7642
85
8228
7148
7976
656
1129
2637
3722
6483
6297
5171
2286
1170
7536
8195
7937
8662
199
5198
7977
385
8612
4615
3972
9262
4951
502
1441
5402
217
3677
4085
3777
2248
8937
3118
70
5350
2446
5542
4788
8103
2580
323
776
4818
7982
3512
1858
5471
16
1571
3519
5242
8424
3265
5566
275
3274
7053
1079
3398
3269
8913
2708
5469
1794
6523
7121
3142
309
5617
8113
2658
5550
8263
9593
2017
6387
7664
2859
58
5157
1771
2984
7084
7418
7739
1311
5737
4761
4871
6877
6968
2655
5917
8476
2540
1152
5917
4056
4209
5648
4284
9674
74
2111
1771
8252
5819
4663
6477
8380
4470
3630
9468
8398
9205
2396
4856
2911
8031
4788
6799
1435
7736
2379
5243
4489
8038
3122
4952
9231
2836
3402
5975
3235
8996
242
4154
3119
9392
3938
1634
7060
6150
6112
6127
3245
8122
6881
6618
3370
6714
151
6400
4123
5447
6714
549
1982
5417
8842
4341
4917
1381
4869
8285
5578
9300
6746
9805
305
8353
1686
8222
2573
2857
1654
1349
9482
7534
7438
7143
2257
4999
4520
2976
3876
4526
579
6989
6845
1945
8857
3629
111
5686
6934
9857
2100
8741
2915
9756
7111
8195
3175
1724
3144
8512
150
4237
2079
3378
6059
8609
1348
9888
3453
897
106
3336
1005
7573
6608
4075
2647
4568
979
9286
8578
4454
7456
3088
5367
999
4734
3116
5195
3581
5241
5901
1149
782
1666
3968
7951
7365
4368
7744
8708
3361
7682
8220
6125
6526
7668
6276
9888
2324
514
4606
4422
3483
5547
3447
6510
6231
3130
8809
3752
8498
170
1713
9591
7940
6575
5160
2743
8481
4533
4846
9163
2276
9037
5412
5671
588
4730
9501
2322
6281
613
740
6211
350
2248
1611
9307
7851
160
6295
7258
7270
3964
1699
6193
657
4104
6377
7736
726
480
393
5399
1486
2379
9695
461
3279
5627
9182
5868
113
3864
4410
293
3422
3639
8571
3606
9159
5380
229
6786
779
3192
804
391
1430
8868
87
510
3682
464
8300
4401
7325
4714
853
3773
3165
6856
2248
2496
1888
6577
9085
8041
8215
1740
6451
4677
392
4578
5054
9751
1983
2633
7412
6818
5306
5170
606
8063
6926
3762
6789
103
9594
8271
8082
6309
2257
5862
805
6061
6132
9942
6941
2408
4669
8822
217
9307
993
9424
9449
7922
9975
6007
2923
167
9846
163
3880
9709
7689
3641
612
7638
3286
6311
9941
2949
2980
1083
1707
4471
366
2146
6183
255
9378
6871
2357
8582
9253
2636
2091
3879
458
8200
9105
3845
3297
8610
3029
5091
5265
57
6073
6484
927
7801
5642
7650
5978
9292
9538
1829
1171
8185
4570
8992
7685
3155
2057
7756
6522
8151
4687
58
4779
6139
1612
1941
1482
7764
6064
8298
6159
3141
8682
4981
8328
7708
6936
5071
5612
1582
6270
1515
658
8361
367
569
4208
8701
6223
8700
3286
7595
7414
3497
9467
5888
251
5027
2825
5603
2751
1343
8489
1456
7224
6180
6968
8321
5804
8153
1998
6157
4649
3276
6003
7315
4060
8795
957
9861
5814
7416
3277
1779
765
1246
9689
7214
7836
5814
696
3163
1743
1387
727
2248
5924
4278
1325
9213
8502
1368
358
1763
4409
8739
4116
5317
3386
1003
47
4238
6863
2241
6440
6195
3220
4152
3501
3792
6840
1456
8535
9886
2676
3708
4662
2034
7142
2464
5732
6984
8839
1749
2607
8944
1102
7021
2854
8548
4585
509
3606
8142
6833
8521
6471
8174
3166
2311
5179
9660
242
5390
8392
9312
4404
5758
9638
4870
2414
565
5671
4241
7271
5756
7513
6142
4928
8730
9305
7744
1411
895
2108
5700
9286
5867
852
5289
1940
852
6751
7567
5080
9716
7741
2314
3780
8583
3527
9629
6191
6490
1796
8483
694
6002
8567
9675
8286
565
7976
7696
3214
2854
5601
7803
8949
262
8177
6728
5842
9288
5213
1421
269
8287
3470
4528
6137
6038
6295
9154
8174
5907
142
2852
1999
7871
5867
1873
749
6127
6322
8765
2659
2676
1373
1633
2059
5526
9267
1342
8804
5767
3660
8646
9024
26
4816
3511
3108
6017
5624
1490
5289
22
3658
3903
5406
7728
7783
1374
2523
9741
2084
2238
4249
6068
4239
5030
3115
2675
120
3293
9556
727
3247
3992
7878
7207
8206
3802
4526
3236
4063
2747
1420
4017
2315
1584
2154
8545
3248
2982
8355
3813
6691
2534
4961
5039
3707
8211
7141
5279
4471
286
2335
9489
4152
1555
7786
4407
6300
1581
5644
212
2829
1634
9508
6675
6732
5220
9101
1836
9772
9579
8592
6736
2497
7642
3260
5644
5499
7185
9400
1302
3655
1820
8053
1459
1533
9176
7799
5897
6284
2095
7360
1533
6540
8250
8744
4784
5752
7427
8200
354
7785
5375
9392
5840
861
5171
5793
3830
4871
7492
7211
9489
6239
4407
1305
5022
3246
8762
2788
1700
4787
1823
9385
2567
44
3048
4938
7713
4619
5158
5232
5301
4108
6840
722
2286
3955
2450
5308
376
777
8148
5362
4908
7750
4915
428
1338
4545
7799
9100
1832
6108
3051
1631
5162
4213
4062
4951
5953
9742
5392
9198
829
8029
4243
8828
5355
7663
6933
3285
1273
8870
8750
5496
8282
1783
5941
5676
4758
5286
3123
9580
317
7555
237
8867
3608
7497
3029
9764
7973
2731
521
2925
383
682
1544
4738
8324
3704
4048
7104
2221
5173
2018
8487
2336
2286
8479
3287
539
4857
4770
6197
7029
2647
7980
8699
4362
2503
9670
9301
167
8727
8853
7126
8965
3023
7834
4220
9443
2929
3849
1213
9544
8986
7176
268
9792
5916
559
5567
433
7651
9800
5286
8275
9199
9703
3853
1184
5578
9730
7240
1899
4013
101
7265
8834
3973
9918
8240
5788
9236
1775
9432
1828
4557
4893
4282
4989
4934
1542
7034
4306
6150
3379
9097
6479
3926
7391
6986
600
8058
7670
7165
6062
8852
3179
6591
7005
3656
4062
8649
5612
1211
7406
8279
1179
6390
2356
6907
2903
5233
928
3390
736
9574
4620
1373
7653
4467
5146
7261
1388
2675
7594
8675
848
1552
8863
4498
3747
2421
7954
2303
8443
6823
1222
4149
8690
2901
378
3969
7455
332
4433
8842
9104
2403
6307
3514
9173
5007
3362
242
4478
5558
678
729
5251
3475
7197
916
9680
6970
9555
2527
3200
1802
8747
68
4445
5429
5651
8202
1275
2444
7228
4344
2903
2851
32
8417
8198
7720
2427
1165
1096
8708
9840
6070
3489
4729
4008
996
2612
6714
2839
6091
524
4967
5641
3544
5155
6009
577
4306
3865
9541
9759
4052
3102
3134
8122
7507
8149
4559
4004
8122
5184
5968
2834
4303
4402
3439
2269
4118
6105
1537
7054
2728
7566
1872
7283
7749
9984
2861
7247
3004
2701
5192
6018
6023
6534
2654
4226
7339
5243
8677
9559
5940
8729
3701
4309
5622
8929
1783
9663
9627
5835
3183
8860
4121
1613
7158
2930
8073
1584
3444
9074
7069
7264
7366
2268
8849
4874
7267
2402
128
9189
8944
9954
4235
307
546
1894
7168
1964
4687
825
1066
4649
4859
4481
6804
1307
9249
4090
9273
5912
7212
2671
8100
4095
8110
4806
833
5312
1062
6030
4367
2490
8084
2161
3819
7866
6970
9470
1357
3994
457
6189
3023
7291
8835
7241
2220
5219
7468
8916
981
4590
3968
3983
4339
8190
4694
9054
3884
6050
5954
6847
9797
7268
994
5470
3440
7947
9271
6809
3505
198
6555
6706
1277
4572
925
4599
728
9909
559
2789
2046
6701
7985
8861
3769
9588
1363
7376
6187
9915
7760
9351
8460
9800
2656
6644
6552
6034
5006
4186
7773
2425
7108
5178
3570
7541
7044
7563
5825
6276
3577
2942
7634
4282
2666
8242
5620
1733
4369
5221
4987
6790
5746
8045
9957
7051
6273
1985
8260
2934
6006
2194
4184
979
3687
3947
27
1180
9818
2361
9005
1552
8455
7576
8933
1486
6515
9104
8430
6423
2652
1456
2805
4233
520
1668
3367
8902
3756
8681
4349
5374
7391
3593
487
7767
8882
1466
5871
7859
7956
1606
7966
4802
9656
6616
5174
9544
9652
3687
7977
219
6792
8859
3567
5897
3796
6045
5960
2117
6890
2402
5905
4312
3942
4165
6088
5863
7727
5693
7734
3042
1214
7430
2589
3040
944
7184
1126
3706
8335
9497
880
6513
7776
2351
8614
7070
6787
851
1534
4394
8270
3803
4562
4782
4443
1401
3310
7751
1921
9168
8326
3497
3688
124
2113
4704
7888
488
4406
2047
2739
6850
8881
6677
2611
5805
8020
339
3688
6068
8878
878
1085
8143
6314
4220
3615
1452
8687
4576
5036
8294
3613
159
4564
3668
5074
4274
3424
9667
1249
2752
8043
7266
7026
1701
969
7655
2103
3777
5558
5767
7064
2927
4045
5678
713
7203
8503
1067
877
6974
4105
3673
1721
3557
137
9035
299
676
5645
9941
4823
5458
1995
8810
9376
6140
1443
6958
1641
6221
51
6390
4539
3683
885
7165
600
9082
5596
1667
9343
2066
7361
5145
7915
3814
9924
7246
6281
646
8063
6037
9264
630
4950
4464
8413
7916
9026
6471
9398
5978
8829
7736
2369
3848
8948
7812
3479
4163
5542
1172
3489
8604
8977
607
5338
4631
6803
9375
7103
7463
2890
6262
4650
781
52
3536
9389
7599
4873
7080
4725
146
1237
2197
8053
7278
8706
5521
3339
2009
9701
8120
4662
2347
4040
1522
2590
4096
1293
8608
1716
7892
7180
7880
1645
7543
489
48
6193
6037
4001
4959
9757
798
1053
7148
517
8964
2308
4662
6187
9427
2392
5672
6132
9726
2597
6998
2354
9958
3843
314
8468
2458
6238
7377
1714
1809
8578
9735
319
3772
4400
3330
4856
7185
9104
6660
6253
5774
3415
5344
2777
1510
9982
5533
7815
2327
6908
8311
7540
8169
941
6408
3369
2260
6956
9457
3683
2931
499
2058
4456
7399
6073
4119
4765
4594
9878
5966
1499
71
9180
559
294
2643
4650
2965
8605
1108
3553
5576
7390
3376
6723
4962
3056
718
2581
3407
4435
3259
7447
3706
9635
5095
5736
971
8724
5701
1993
9271
3897
6741
7935
829
9849
3107
8611
8300
5045
7522
7448
8364
902
890
6785
348
2252
1238
4349
4493
5439
554
9780
8052
649
860
5914
1268
4161
3670
1208
882
8063
111
3694
4908
182
1080
4634
8568
1898
4014
3783
2826
6806
6934
7515
786
9215
1491
5314
9745
6077
4780
7396
2145
5984
9368
9151
6925
1733
4353
3816
6761
7536
2412
7415
4251
7317
6565
1506
288
6299
5754
1391
7001
330
9371
3235
4222
8150
6125
6733
2381
8467
3385
2243
6813
1968
9963
2234
8517
4853
1428
6007
962
8760
8676
5461
4747
1188
9084
2993
1859
4796
9117
4347
460
1720
8183
694
8652
7872
5431
4466
5414
2553
296
6729
2399
9350
2924
623
7955
2685
7967
8517
6779
6161
4462
9500
1184
990
6970
6710
6175
6851
403
9918
7302
1171
6703
5371
8871
1758
3611
791
8676
7253
9008
4900
6800
3900
6112
6828
656
9708
388
751
4222
8195
5845
6236
89
3599
4256
6140
2089
3386
941
7530
515
2664
5077
6366
4940
6476
1706
4079
8828
3695
662
6283
5461
9982
9318
2911
6834
9263
3077
7130
5307
1272
2230
5415
9414
1389
9751
3923
8835
9706
9560
7366
9974
578
4289
3275
7516
8542
7202
6297
5774
8265
4820
5015
6515
1095
2052
8462
2762
1723
29
298
7109
7429
8277
4131
9921
7212
2144
3366
7695
5056
4055
9618
9203
5757
3457
60
7208
4806
7830
5651
7500
7156
9576
1002
8812
3082
8895
5006
3009
9811
8322
683
5021
1458
8752
678
808
7255
7235
8123
7301
7015
4947
8102
3088
3997
2904
8722
8704
6127
3975
1869
8128
7924
6082
8345
8667
7048
4427
9135
7893
2214
1155
5785
4457
3080
4412
8914
1731
8214
4773
8752
917
7502
1467
818
8342
7825
8702
1580
8529
832
5974
5215
9810
5901
5225
5089
8197
8888
1098
2223
4160
6211
8300
3650
408
1623
4638
4953
4175
8330
1469
1994
537
5513
2705
8517
4060
8254
9797
689
850
3029
4931
9587
439
6184
2036
7268
8104
7295
8062
911
6799
1592
6289
8947
5187
5614
4117
1268
869
7616
5952
3666
4815
554
6976
6414
4493
2966
8954
251
1480
9002
741
433
3381
9819
9399
1688
7602
621
4690
1013
7383
6146
2999
5739
572
579
8166
1271
5920
4564
4341
1094
7879
2431
5687
8151
1970
5779
5152
4301
1528
4470
7750
9841
2771
365
8589
2017
2714
4870
8318
7641
3614
8080
8753
6129
9111
7689
5781
2702
8627
9105
3795
8278
6988
3087
2017
6875
3401
7677
5862
50
7407
3274
6714
2980
7605
9363
9458
3537
3169
6148
9747
9606
1304
5237
3514
1071
5135
8986
9841
822
4505
752
8533
5315
4136
2908
905
7952
7605
6333
1761
9723
7302
1889
8037
7834
264
685
615
6947
5407
3847
1851
2134
7842
8222
4665
4419
8258
339
6319
6858
2292
7496
7301
6554
3053
7918
6553
5369
5630
9784
4509
3663
2841
8578
5471
8892
2984
6869
6661
7796
1915
1962
3209
2758
486
2614
1337
7607
3570
9060
1499
4558
3664
317
271
9490
4035
7260
1948
5305
4330
7536
396
8493
7361
8016
6818
6475
2023
9220
3139
9980
7108
1541
59
5959
8972
6296
9323
3210
3575
6716
8650
9287
3251
1935
4425
5878
4459
626
7930
193
501
568
2212
567
4199
5969
3567
8657
7430
4751
1754
7111
7130
8341
7125
6190
6355
4447
9160
2850
6441
5696
9368
5262
566
1796
7453
933
4979
8509
7306
2453
758
9883
9478
9454
10
4133
9301
3558
6138
9808
8053
191
2484
3150
7453
6678
7591
1698
9092
6302
4148
3681
4286
7836
5577
7788
199
9477
9137
5042
6517
6560
2319
7674
5960
2533
3946
6502
7954
2041
7050
8333
7180
1928
6004
1154
7079
6815
6581
3287
8018
70
6830
3583
5579
7969
6419
1643
7191
1397
959
7251
1826
1636
2997
5966
4781
5164
5843
3753
9521
5849
7770
592
9176
1997
6639
42
2340
5552
5895
1002
8551
3551
5442
4317
8365
2546
4858
5537
3072
1494
5604
9120
3414
4759
9525
8008
2162
1449
8113
8075
6679
3154
1606
3983
5644
7990
6532
2816
2545
1584
5480
2021
4617
8997
1512
7072
3533
8324
3097
5877
6484
2155
1061
2157
3822
7091
9055
7765
4816
6571
2431
518
4921
9837
1160
8713
1034
8486
8400
8633
7278
9087
9644
4224
3348
9569
6809
9689
2262
3235
2599
1147
2937
6281
6719
6881
3167
5077
2086
1534
1232
5954
210
8114
8644
6243
9322
7896
2104
8127
3925
8776
38
5785
1104
3368
5224
1722
1931
3081
4608
6126
6601
601
6541
9006
6922
4706
3777
9288
3520
9278
8874
2197
1200
5905
1320
8262
4455
6798
293
1426
1953
3988
5755
8799
5489
9984
5330
9482
3213
7760
4724
3432
2102
6594
9490
6895
9195
1689
717
191
1800
6873
2329
5380
1040
4024
277
6450
2888
1394
9608
4353
5637
5980
7354
7485
4246
7259
6416
4765
7790
7150
7490
8327
4916
2930
8369
9389
8454
2862
3278
5302
1524
4974
6035
1624
7510
2110
8482
5941
3350
338
4518
34
1775
9846
1126
7025
2599
1493
1151
7646
477
4289
2391
6928
853
3068
6750
4214
6809
8191
7285
1868
3374
3936
9905
5092
5971
9699
2584
4680
7636
5941
4524
8499
2534
1850
2963
5545
8270
2958
6639
7530
2891
4614
9641
3172
5963
4709
5357
1472
6960
8420
1977
7880
4140
3390
4643
8290
7129
1856
7027
7619
3850
4892
2967
9416
6729
7014
7438
577
9629
5463
6447
5365
5159
4606
4049
8170
4158
8905
7526
4180
6891
2955
7940
225
2521
7267
6182
5887
1797
399
782
2554
3381
3458
5704
3226
8093
8039
6336
7643
6371
2779
599
1380
8123
9338
8596
7841
5681
1742
8683
9683
688
3845
9763
7217
8459
8064
2909
3173
8269
6552
9774
2699
1399
9117
7148
4944
9152
9053
9175
3111
7077
6244
1996
8971
9328
3949
1365
242
4141
4697
1835
1017
8369
6580
5530
6547
7977
4048
3539
6323
3288
5042
5650
3688
9901
5966
1750
7412
5639
9069
104
5840
7645
376
3161
3488
6596
5156
1902
1927
4471
1628
1682
573
6321
4192
5244
9914
3333
8601
3708
2899
4033
6970
7156
3509
5087
783
5815
8995
9778
4119
7486
1872
772
5244
794
3569
3473
6923
3609
2127
9906
180
1154
804
2810
2977
7379
4723
7042
1407
2051
9108
9576
9439
8843
8534
4486
2202
4350
1728
8810
31
3035
8685
8830
9317
3468
9397
3949
3984
6226
663
4722
7618
7813
2443
4993
2180
6754
6209
4848
4719
5952
7926
9829
4217
5045
7395
955
6901
145
1390
1785
9767
3399
4560
3371
2837
9580
5826
7658
4676
3803
3766
69
7843
7904
5815
5123
2922
5837
1932
7455
3904
1747
684
3035
4943
7089
8431
6043
8463
9800
1683
6087
23
5428
3184
3394
4397
4478
9375
4376
5068
8151
3390
422
7287
6403
5857
8323
1014
5407
8316
1671
2896
9516
9500
9857
9196
7105
6689
6843
2519
2816
8289
8212
8334
2308
4316
6872
9847
8924
1553
2228
7515
2415
865
1461
8606
6960
7475
5782
7695
2910
2093
8992
5779
7848
2820
3054
7749
5521
3982
9911
4225
1754
8034
5498
1512
2302
2600
631
6765
9055
2463
4692
2197
5312
4716
5060
6062
823
5629
2884
8757
5035
8774
458
631
747
110
4832
5502
5636
560
1454
8257
7911
5632
7468
4234
2915
558
557
4746
6151
8133
5123
6138
9111
2827
8299
8001
9324
3935
2653
4675
5459
9005
8595
1949
3552
9917
8712
1031
7884
998
8096
3868
1709
3144
7980
7971
689
6445
7068
7737
1248
6356
8352
1365
1664
9682
2299
6284
8875
7092
8419
7447
5900
7109
8528
6291
9998
8120
844
1154
8709
3396
5639
3085
4285
1399
3254
8538
1233
8589
9440
2989
1792
7068
6726
993
9218
8400
2684
6703
8557
3184
6693
4969
2556
7585
8233
2480
4705
8620
2332
5599
5335
6383
9398
4996
342
4615
7808
466
1713
7606
7634
4337
3514
9593
1516
7008
9225
4959
6391
2577
2724
2047
4324
4079
7949
5541
4741
7323
4803
1151
4060
3733
2623
6340
6869
440
8318
6942
7234
3737
7897
8884
3891
7657
1404
6339
8066
290
761
2464
7854
4604
6413
3039
6214
2247
5509
6060
5831
2626
1211
4323
7875
8098
3710
4387
8297
1161
9740
7039
7653
8641
2701
3247
5103
515
3362
791
4988
9667
940
7659
8145
3092
7483
8786
9201
8687
7607
3246
3602
5401
9528
3361
6598
9198
3868
5449
3267
3635
8594
8289
2966
5591
9369
7227
5146
3388
130
8874
194
9854
5474
3591
6486
8302
7948
1929
9721
5349
8220
7533
3187
3110
350
6441
1117
6168
5511
6131
296
2365
8256
2585
5109
1595
5277
8130
5920
6223
6605
3726
1221
573
563
2214
4449
2346
2937
3556
3524
2710
2118
9969
39
5715
2659
5425
3376
4401
8638
1767
2714
4174
1997
7338
5303
2147
8700
8778
8537
493
6049
6939
5903
5708
6913
9584
6713
7329
3860
6065
3276
3669
6108
5367
7078
4982
1501
1905
4340
2356
1638
9415
2214
1378
8468
3561
5204
8059
6288
9327
6451
2720
9859
2425
9775
820
4598
5729
9615
9921
1806
1107
9462
9350
733
3426
1682
7009
4469
3167
6073
4075
447
6362
6304
6508
355
2347
7543
971
8119
3369
6734
4376
8717
9548
5937
2424
8573
7190
3266
2292
6919
5612
8377
1102
2999
6991
3558
1200
5450
4138
5835
7380
8531
8770
4712
6393
510
200
660
8450
9004
8554
8022
4507
8787
3097
404
9097
1803
7147
1230
2803
8500
121
9725
8123
3466
6794
6871
9299
4406
1782
1045
8394
8420
7431
3537
120
9300
2033
6313
4954
7278
1550
2637
2789
9741
707
2319
3159
951
2993
8633
6418
4739
6515
6329
9435
3860
8073
1776
8321
8293
4344
9475
9195
4723
9246
4616
4797
1632
4192
8416
2424
4476
9063
3263
1019
7864
4611
9636
2509
3097
7045
4250
8908
906
6528
9234
5114
3611
7123
2817
250
8887
2593
6825
1010
5110
5609
3476
8113
2273
6107
5991
2995
2846
503
8987
8980
2317
6288
1576
9643
958
8562
4873
2831
795
5585
144
1561
5143
8626
3440
3614
7473
7268
9564
3560
8532
1074
5650
4087
4331
6161
5501
3086
7331
6894
2609
9017
2461
9448
264
5896
5456
1501
3715
9245
3934
3201
7363
5753
9279
353
6526
9622
2810
6523
5224
4897
5847
5352
2993
1848
1166
1018
3764
9719
3466
3555
4635
1530
7791
7951
5519
7872
6770
1513
717
5872
5020
7220
6122
5986
4535
2203
8429
6153
295
2093
8292
1740
6741
978
4719
5980
9314
4491
8981
3800
5515
7823
4085
555
7675
7360
4762
1864
7274
9022
4631
2968
2490
2269
1739
3221
9721
9788
9864
5551
5414
3247
8663
8202
4476
4032
4436
8908
79
6762
1871
8335
696
9276
7477
2411
2167
5551
1424
8703
4806
2499
2322
2146
6670
2570
4186
143
3519
2256
8115
649
8572
426
1017
4179
4297
7115
3439
3296
6361
3192
2811
8356
529
5448
4956
7873
5470
387
1198
7293
2601
8378
5348
2079
1288
803
2386
5639
5112
7926
8592
3971
160
5964
4194
563
2534
4695
3275
1469
477
4426
6036
5734
6603
6736
2184
423
5709
2111
2702
7440
3564
1186
1749
8938
1723
8062
4597
2433
4000
4821
8374
8174
6602
8214
116
6265
5275
203
9106
9926
6355
8011
1167
9979
5655
6827
2548
3249
1518
1613
9794
2119
4445
3928
208
1357
695
2610
1942
6565
7007
446
3137
2901
8899
1254
1026
786
9079
1423
5033
677
8198
557
4327
1727
1149
3930
8646
6842
3971
737
8511
2459
2723
7676
7307
5396
8373
6583
6806
8588
1203
7256
357
8344
2926
9017
2668
4762
4456
2336
8908
4326
4507
8110
1358
1972
4492
4329
5827
1380
7880
6009
9558
4174
1261
1849
5147
3514
9682
912
9454
3012
2226
5995
4037
4827
9173
5735
975
8915
3039
809
239
1546
6572
594
2547
8469
9215
9248
8516
751
1339
942
4773
5808
4511
8051
692
5702
4278
1252
2685
2717
7140
7067
6688
6969
3608
2503
1055
9279
2166
6589
6129
8807
6301
6097
2657
2494
1303
3047
4869
3089
3843
4885
9117
1453
8174
3548
7747
5266
3184
2697
6274
6341
4633
6117
4697
8096
4915
1644
4838
6951
3212
8835
8072
5496
5763
126
6109
9506
77
9211
430
1054
9004
5469
9024
885
6361
1577
7788
841
3843
4416
8677
4519
8886
8654
6396
4205
4552
6996
9763
6871
9931
4286
8782
7039
2900
4466
3262
2507
7546
2083
7613
4605
6623
4755
8606
8580
5518
8305
3298
2687
1555
2703
9144
9944
5715
3618
2948
383
7223
3917
8314
7292
3281
3111
6792
7582
4639
7112
8580
5421
2926
3569
3461
3821
7051
7108
7725
1082
1223
73
7748
4132
4240
924
8057
9412
7661
3391
2029
2642
9440
8042
4593
9879
6759
3092
6463
9793
31
7689
5983
2636
8450
5094
2393
9365
6622
6527
2263
7916
5330
185
711
6090
5341
8574
4211
2618
4717
3273
4318
3381
193
2577
5368
5646
438
7151
3646
1385
1743
6751
2513
433
4522
2274
5781
6310
2371
6883
7020
5311
6482
4166
669
166
1919
1796
9575
5042
9680
8985
6473
5246
5350
1365
9424
3905
7456
6729
9674
5586
5959
3241
1905
9655
730
9658
1494
1973
8263
3241
3470
2360
9587
5968
2955
574
2984
9887
1571
6542
5131
8082
820
9193
4174
1959
2525
5155
760
8133
4385
9105
5635
5203
5670
731
6361
9368
750
6584
5875
2812
9436
6132
7751
1585
2319
1497
8348
8584
8838
2923
2506
2094
3409
1360
3492
1317
1548
6422
988
8555
8729
5608
7331
2700
4171
8202
7072
241
2609
1825
7264
925
9275
3415
1905
6802
9541
2913
7105
6849
5585
7936
9602
8505
4003
6933
8050
839
12
8818
3143
9338
2399
4254
4105
8103
3940
5404
8211
3237
6933
4153
8349
8389
9463
4552
3805
9429
9883
103
5751
1235
5977
795
5298
5189
37
3983
6276
4462
4935
1096
5227
3543
707
2082
3167
1426
704
5384
4782
1804
3108
5022
1163
9459
1946
3183
8864
1510
5716
3655
9046
1381
3655
2366
1692
5604
3297
7373
3562
4819
1951
5265
5990
6445
4343
2460
6957
4557
9020
123
8623
8905
3646
9064
6063
4493
2136
8395
2380
3726
2679
6709
5372
6245
2743
9873
1833
86
2514
9795
6470
8702
4947
8056
2649
1289
8660
5070
420
5374
6496
2578
7621
1941
2842
9024
7337
1195
1063
68
3328
4332
8625
6341
11
7357
8743
3472
333
3087
8550
846
9219
9522
7867
883
1586
1973
1943
8355
302
7370
1056
7461
595
1233
3648
2104
56
7868
2578
8552
1054
2976
1642
8086
4286
569
3073
2657
3573
7057
3908
8663
686
4053
7107
7905
8465
1168
4040
5555
8372
8916
7268
4643
1932
3661
8018
9809
7719
8685
4665
1311
1477
1666
4599
6219
1274
9905
2003
9513
3256
7507
5009
4652
4233
4547
2959
3534
5330
4092
9061
3342
2524
3750
2353
8034
6265
6616
7945
4440
6528
9105
8541
2233
7766
9004
6237
3518
366
2841
6367
8923
9579
6439
7887
1007
4198
4876
292
5264
3049
6166
352
2816
8188
6112
8625
5488
8204
5345
9935
1982
9376
6066
4270
8090
4885
6358
8740
4716
8216
403
7952
894
8800
8673
1817
9349
8174
7020
3696
4995
6004
3174
7534
6628
1338
1524
4649
3982
1176
939
9820
3344
6176
5068
1351
7065
9284
6218
2132
3458
8872
8899
4715
4787
8050
164
301
3009
9841
4118
617
8893
3702
839
658
4513
2593
3156
2326
8022
9433
4163
5819
9990
80
2989
7648
6821
8192
6258
6669
6948
7203
8711
5169
5863
1879
2464
9700
8469
992
8336
9430
2499
7588
9970
9405
3480
6049
1390
3735
6348
4412
3298
4272
307
7064
4999
4990
4687
1433
9469
3003
3816
2594
7707
5102
6172
7478
7243
1075
2323
6349
3840
8045
7901
152
334
1012
1774
6301
3091
5023
5017
4703
2097
4324
5838
6401
172
8494
5365
7374
7547
2578
1784
5008
6533
5581
2490
1146
9176
2867
9596
2076
863
1437
817
6487
1954
8595
7076
4121
8428
5891
3575
4386
831
5529
4036
6600
7139
5968
7069
7495
4523
6937
8215
7605
6392
9218
8567
838
9394
4590
8090
2951
404
2169
5991
6360
6912
4422
7777
7757
8039
1502
9623
5240
5023
4532
459
5725
757
8868
789
1634
6360
9155
5914
600
6103
9591
5958
4481
6658
3414
7917
7810
6758
4589
2139
7853
2348
6458
1195
7752
4246
5805
1668
891
7826
1058
9413
9866
6335
2457
2099
6191
3742
5106
7005
9376
9047
4580
9978
7589
1220
6313
5803
2215
7380
2910
6478
8298
139
8708
4783
4642
1255
9915
7959
1092
2727
897
5035
5409
2785
4508
5932
2746
9143
2291
4029
3883
1286
349
23
7206
9295
8883
2848
5813
3679
8108
5160
5335
6383
4869
4485
7900
6280
4634
8786
4916
7279
6675
6562
5779
5656
3504
9964
2532
3932
1052
580
5939
6724
9860
7587
4478
50
3422
7807
3139
9988
4348
1693
1990
1127
9268
4258
7283
2619
5077
304
5982
7695
5093
7465
3791
7958
7660
5627
7944
7554
224
2140
2665
922
7152
6708
5060
6663
3821
7255
4766
2129
76
6417
9331
6160
8025
9972
593
602
955
3692
7670
8517
4042
7448
9958
8302
7863
6787
9691
6001
1603
1414
3814
5702
7805
1686
2497
8139
5457
5053
5712
8258
6199
3163
7815
7537
3366
1189
2935
8126
6362
2233
3792
571
9732
8068
5309
6540
8588
7358
4935
1237
7913
873
8624
7389
5076
3548
5168
4161
169
5360
8109
8951
2936
8896
4241
3067
4940
4706
2249
7892
2647
113
8857
9859
1946
3588
5165
2910
3513
6213
1662
9417
890
6418
26
8096
3544
8182
7711
9628
8441
2465
4196
3871
9257
135
5953
8993
9424
960
9804
2955
4114
826
334
6968
1161
5639
4487
6961
5711
9337
9500
7820
5554
8462
8039
6901
8020
8015
442
5103
4775
4863
7462
1228
4208
3164
318
8045
9894
8689
9385
3938
9722
3866
6843
3551
3487
3306
6323
6874
8791
1377
6593
5281
7275
8665
8521
3414
2704
2658
3494
4287
1581
2257
6623
3059
7898
7808
5811
6263
8012
6173
7314
4565
5507
2345
7876
9406
3128
6394
314
3607
7914
4803
8163
5893
4601
160
795
4896
367
5543
4572
1969
7531
6627
1265
4145
3035
9940
9481
9875
1389
6467
3014
4473
1747
5471
1527
5262
4825
9860
6943
4060
9820
3048
8749
7873
2450
2252
9444
6617
8748
1715
401
9984
1465
3152
4970
6876
6408
8346
3401
7879
7181
8099
4580
1141
526
7601
7076
3468
4934
2406
551
47
8894
1428
3512
5605
2548
4193
6759
7138
2034
8030
8180
1481
2674
810
2309
7758
7048
3800
4286
4744
5968
3939
2590
319
9823
5409
9129
166
2873
8984
491
9122
8685
8911
2744
7777
3388
7885
9633
115
9609
6670
3512
3447
9429
557
7805
9925
4615
9520
8023
9730
1501
9714
6870
5336
6534
6391
7325
7945
3478
1655
5554
3076
6873
9341
3265
3541
1508
8777
7321
1700
12
3035
5896
6592
9755
1770
3069
7866
2135
2111
6828
5032
3541
1810
6160
5354
4506
3717
5346
3503
1490
6261
5078
2373
4278
9609
1129
2468
712
9355
5780
5208
329
6420
7029
4528
2621
8347
9878
7808
6397
6539
3117
6384
2889
652
1429
2623
1724
687
1708
4561
5993
5367
7967
2367
6109
1285
7182
1730
8336
953
8696
3054
5353
1344
6963
8902
8979
7035
7803
4321
3114
5031
2346
8336
7978
5151
6058
5908
444
7363
248
7965
3944
4748
2561
7915
9863
2212
9032
4957
6065
1761
2456
3497
6264
5008
5816
6704
8182
8309
6266
6455
8300
8206
1856
7685
1475
9019
4964
2006
5650
7547
4147
9588
3405
7717
4353
1214
63
551
9666
6473
5589
4026
4817
3575
8115
6262
6746
4974
5025
1071
5120
4018
7242
4847
4881
2030
6422
4177
935
7670
770
3351
7161
3275
4216
3141
3067
252
2901
4460
8211
2130
6152
5959
8784
4075
2780
2639
1412
2406
4766
8910
6537
420
591
9698
2088
3547
4128
2654
6515
4113
2324
6566
8731
2930
5623
9430
6538
9048
3205
8449
6189
8952
4831
9706
7816
646
6565
3070
2542
447
2721
4823
6816
4131
2747
4406
7257
5568
2430
6485
8686
3780
6255
2997
9218
4908
7191
140
4754
9745
6778
6189
7441
9060
2411
8249
8006
9705
8344
6104
741
5306
6049
7687
8613
0
6980
5992
4900
8317
1712
9816
5071
53
3420
9185
5752
2715
3612
2
6573
8488
6708
4787
5386
679
8495
2366
8423
5360
5071
9378
7340
683
3518
7748
8075
7016
5824
1551
7341
7540
6467
6097
3224
7249
1803
1981
3815
3626
9958
7450
9772
9541
8550
5724
9005
697
1479
8832
6738
1847
8115
9702
9653
4626
5443
2212
8844
2098
5009
5788
9627
123
3643
2683
9488
9775
2869
1884
418
2350
7017
4123
8112
4816
588
5977
2367
6266
8463
4814
7018
4662
2478
7789
8326
7678
4909
6260
1831
2734
9416
5631
6112
648
889
7462
6369
7662
636
5594
5977
5686
4880
9205
9267
533
7681
9309
6893
532
2370
7656
5988
5637
3603
4444
5981
1782
6463
596
2230
334
3618
4856
3206
267
7519
2734
1813
1452
647
2285
6116
7644
5463
2006
2678
3782
5203
83
2373
6380
4195
4110
1760
9557
9436
3311
6532
3851
4188
6393
4056
7428
202
2116
8283
7588
319
1961
9203
7939
1574
1789
9818
2363
2037
7664
8631
8958
2101
3311
1355
3899
3966
7519
3196
6817
4010
2695
8304
3241
4641
7579
4047
7934
2175
6033
326
4713
8360
2872
1894
9357
7731
5234
3832
4649
8836
3165
2391
986
7025
8719
9354
6604
2452
5451
5413
3721
7949
6423
6899
4377
6566
2425
5676
317
4731
1664
1371
4226
1564
3324
8919
6546
568
9836
6033
5995
3500
8526
745
9280
7655
430
2589
7310
5025
4737
1840
1047
8124
7299
513
7778
8959
3659
2645
4478
8383
8730
5965
146
583
867
1996
6614
6548
550
3375
9479
6522
5140
3648
5461
9821
3474
1228
5040
3444
7124
1213
3414
1245
7837
432
7219
1467
3443
402
8259
1681
1865
5093
2253
4672
9878
8627
509
582
7200
6886
1702
6454
7835
3023
8078
1051
6859
9560
6674
9808
1611
1887
8630
2025
1976
2160
4701
7014
7331
725
197
7734
7234
5372
8664
3145
3878
1821
9948
6589
1490
5399
5498
564
658
7939
4252
1803
1727
9378
1136
7162
236
175
2923
8473
9987
8989
475
589
4556
2160
3133
908
5935
7002
6350
254
7216
5504
4989
8682
6778
3310
9116
8266
813
3023
254
3043
181
7270
2731
1404
6064
5896
6520
7391
5992
199
5320
8080
4532
3069
7154
7178
6553
5237
2689
3464
9408
9540
8678
8718
3331
6317
1665
1185
6195
1639
2462
3563
1656
7398
2777
5424
3170
1686
2416
7784
9821
7136
7345
9767
832
5108
2972
8967
4142
2976
7967
7344
9509
3188
4712
5401
267
2077
9586
6997
3007
5801
6074
3880
8117
5775
4280
2617
8601
3817
7967
9654
1496
1942
9681
4977
9937
8346
2399
4132
6879
2967
7247
7652
397
4737
7169
8344
6651
3416
1431
7433
6190
4446
6917
3713
3136
8320
6974
5253
5097
17
8444
8854
3877
3372
9485
6826
4002
6201
938
5779
1442
4141
6676
6760
2901
5829
2234
5807
6911
7392
4019
8316
1706
3364
501
679
7809
7990
4119
3317
9723
8667
3690
6457
5899
4284
8745
2498
8730
2447
7391
1715
3433
2902
2147
7403
2034
4754
3209
1832
3847
1627
5120
5596
9784
5221
8391
4719
520
8757
7906
8917
4973
5320
8090
4401
5364
9062
8024
2858
336
5445
1573
1719
1798
2546
2967
3092
3575
2595
3492
8964
3719
9511
732
158
308
7109
7984
2671
6996
5598
741
7917
3465
2370
8479
7974
8747
9789
3610
8688
5982
9621
506
3440
2286
8846
418
2553
9417
5338
7109
8265
3220
685
9158
1259
1445
7589
7270
6898
1856
736
1955
4358
760
9451
4894
6545
1573
8275
1424
5321
2509
222
8961
5810
7116
4036
4097
7232
5978
1518
7274
976
6619
6920
6302
5640
5127
3385
1068
7156
1281
2041
5996
1451
2446
4278
4852
6795
4037
1681
9018
100
197
741
6256
6687
366
1540
1802
6070
786
4104
4997
1067
9294
7196
2946
4286
9283
2475
1412
190
9576
2906
5330
5602
300
1805
7317
3461
6413
2254
1076
9751
700
9491
230
8293
9713
319
4768
5277
4101
5433
1486
8802
4510
5868
4049
9205
6313
7699
1068
7680
2510
6024
769
886
6287
1083
3213
3673
4007
2322
4905
6080
805
5389
7814
1267
5599
1525
6221
8278
1867
3080
4832
7614
7493
7321
7533
4725
8696
6946
4225
27
8962
5338
5392
9875
6745
1358
2153
2900
1585
3350
8637
6255
6651
7841
7715
5498
7264
7028
5423
7678
8121
9228
7939
2978
1322
3545
2265
2786
8996
6678
9765
3500
1348
8598
7764
8956
7794
9903
235
5308
1594
4171
9733
8149
2031
4696
1960
352
4465
3371
5897
7255
5893
3483
8595
1782
4831
8789
4077
4140
2827
9143
4565
7016
5837
2891
1617
6434
3454
6603
9148
7754
7225
829
4096
2372
4268
4682
1221
2971
5409
2282
2735
3360
9256
8444
7237
3519
4003
8729
5927
3795
6985
5543
3385
6899
4395
9341
6165
2133
5482
4271
7638
2032
6470
8333
5213
9744
4618
7003
1627
5790
7228
7463
7249
5487
6712
8141
5287
1393
5700
4984
9705
904
6278
3529
1772
9525
6393
6621
2776
8376
6496
168
4394
473
785
9081
9884
841
8558
2700
3755
4862
8171
6356
8436
7412
2255
7804
1684
4383
1244
135
7850
1148
5566
5104
2443
7751
6218
322
6096
3483
8555
2969
6262
2076
56
4953
7641
9700
7735
2803
9928
8488
3167
9104
1592
7278
7791
6676
8043
1573
9309
9899
6144
255
9946
9110
544
1393
8474
6035
593
5780
1960
253
2467
5177
1187
4619
5052
2720
772
3022
7824
6590
6281
5159
7798
224
3095
4734
6228
5394
458
2701
6074
6492
9117
733
3258
7235
8704
968
8206
3728
259
7544
7325
1180
9129
822
2367
8676
9541
4762
748
7924
804
5299
6021
9001
716
6233
3930
4910
5367
9105
6058
8047
9211
2675
320
1459
1728
181
8892
7597
1719
2325
8390
2404
2706
8628
1977
5365
7794
617
5295
1575
1246
1521
8946
3211
332
5244
4549
6809
6787
6910
8719
8101
4092
8264
8220
3018
8993
8712
8511
5798
7083
7079
366
6518
5579
5454
5474
2221
4170
9656
6161
3300
796
228
7609
2970
1657
8453
4162
2978
4165
4110
5516
9332
2293
6761
3588
124
8649
6803
5497
2005
3547
4005
6548
3211
2193
5274
2061
6309
4092
9941
5096
2916
8837
7000
4120
567
3815
8449
8941
7983
2260
5599
7752
7983
398
2095
2016
262
2858
2507
8206
4529
1603
4261
2958
1246
8957
6295
8222
6532
1477
8518
1817
38
6591
2714
4955
2809
3769
6132
550
3732
15
7081
517
7081
700
8381
1486
8748
895
3535
2001
3968
9378
6179
1540
5245
1868
6705
9388
837
734
9934
2977
5236
6465
1124
7768
9191
178
3791
9520
8280
3056
3365
5533
1881
3518
6850
4752
9436
3870
5446
8347
6427
242
2626
2190
6054
9094
3392
3029
6510
1796
6658
9507
8921
7075
8675
3077
81
341
2638
8391
8950
3118
6575
2530
8744
2813
2070
9326
198
2436
2056
8983
7334
9316
6842
9304
1935
1948
8823
4986
4520
4883
5939
2658
4529
294
2708
4575
5661
489
6645
7585
4184
889
7367
794
3795
3653
8733
7306
5784
5021
5562
4121
2941
2452
3419
6707
5016
863
7679
1347
5791
8552
4171
3278
9805
395
9202
9059
998
4221
3323
3970
5403
3568
1592
2943
5200
6579
258
2980
1361
8469
8165
1657
2855
9611
4199
1241
6033
5881
8405
6771
3178
123
662
9956
2717
9578
9347
658
2341
4880
7011
5681
5524
1367
8768
7104
8151
9249
4283
4567
9550
7878
390
3311
8856
5573
4411
3585
2628
8795
1639
1952
7792
1378
3116
7644
1875
1170
8249
8654
1969
2692
1299
6877
7558
5973
9669
4490
5498
4691
2130
6592
3841
6675
9084
1728
3986
4463
9037
7924
3098
4326
8220
6224
8727
6832
6953
1129
619
9073
3374
4236
8422
9904
8195
6751
9163
949
9730
7498
6608
1643
4099
9078
9327
4359
9840
3956
6569
5602
1368
1035
6465
2304
8260
9134
2640
3794
9500
2262
2503
1398
9227
7444
2538
6005
8804
4912
5929
3577
1335
7046
420
9334
6896
7420
6709
9479
513
9929
9294
8101
8291
7295
1223
3017
2692
6518
1125
4457
5488
1321
8876
3704
2890
5601
7377
2672
1704
3711
9934
5109
8309
3140
1822
7506
9591
3060
7688
8382
134
8111
2977
446
1416
5539
2456
3008
8601
1307
8345
4449
9095
3775
5135
6105
1430
9532
9779
7494
7440
9126
3525
4820
1054
7871
323
9082
4656
4310
5311
172
2000
5968
6834
4106
9750
7816
9424
9024
3079
8546
2807
8316
2991
9990
2052
3622
4008
3253
9496
9450
4952
5019
1293
7302
1469
2660
2533
6098
6844
5920
4568
2848
4137
7852
6948
9307
7726
9296
9520
9463
7825
4027
8634
4389
3208
5460
1341
9320
416
513
835
252
7393
8420
7515
4762
5001
7854
4296
7441
2796
5619
4234
7743
8135
5971
2051
5503
4626
2896
7888
7740
9233
3155
9413
4704
4333
3415
1892
8159
6563
4857
9275
9580
611
9575
2915
6445
5249
9109
4531
5573
9051
8079
6090
4710
3130
4608
7023
9269
2265
671
9331
9610
5315
2659
7537
2734
3525
4260
9792
9882
7816
6356
8558
9453
6695
7728
3391
3925
3807
8007
8402
7731
3679
6624
843
3453
8136
8707
9236
2349
5098
406
533
3243
9946
4287
8850
3382
1811
9742
8748
2718
5152
6001
4931
790
2001
2946
7491
7917
7067
7209
8572
3921
3864
385
2872
4437
7370
7377
3136
3373
8901
1697
3783
1844
5027
9282
9315
3756
8591
9505
7542
9527
6683
9491
9974
7284
1605
8109
6608
3174
5672
5169
1165
7822
8694
7907
9707
7926
4782
3824
4561
2439
6466
7745
2665
6247
1218
3176
2100
7414
5898
5370
8784
7484
8804
1874
1542
9511
6419
9377
3481
2421
6927
2353
1175
4714
4407
4187
522
5218
7649
9442
9609
561
4162
8202
7395
2527
9098
5560
5444
3811
3685
1802
6639
402
3816
9329
7575
9
6845
2098
6786
6390
687
2670
7872
5131
2635
4588
6605
7002
4465
9438
7022
906
8739
3082
4159
4942
1014
3529
7863
7410
5571
9149
3036
6010
3129
5651
2104
4218
2663
9794
5888
275
3005
1659
5723
2182
2137
9379
5483
3242
470
8268
7863
2156
1126
2654
8568
4944
6034
5021
2760
9725
8942
1922
1245
5260
49
9473
9828
6290
3359
4545
4089
692
5639
1567
5590
4018
3020
3055
263
8344
5569
342
366
9522
9862
7505
4168
8003
7061
7821
81
5678
3074
8410
8619
960
1311
9243
184
4370
1097
249
4575
6844
4167
989
8432
4203
6619
3993
9708
9886
5228
8601
3408
8505
2723
9690
8801
3485
8625
8575
9508
9575
2439
8608
3087
6549
8704
2089
7494
6076
6294
9945
3719
9958
2384
7589
7376
4504
4156
7708
7717
5777
3962
9523
1177
6403
6172
1660
9926
1921
6462
6661
5740
5109
5934
6927
7767
4907
2250
2263
4000
686
9972
7671
1243
497
758
5292
9585
5941
9258
3379
6628
3987
2727
4658
2215
2953
5019
7775
5014
9091
7419
2548
5325
6048
6391
1334
6120
3788
2003
2116
8915
3600
6090
2528
609
2949
220
8159
9726
9021
1015
8373
9187
5349
9717
5778
7625
3902
6409
7481
1016
3548
477
7973
1772
8770
8805
493
7756
4744
6449
7609
7261
3338
4863
8051
801
7116
8398
7221
1368
1536
4362
7907
864
5834
4631
1967
2813
3615
2296
8877
4207
8329
6235
4755
9178
2745
1984
4056
7604
1356
3905
8859
2017
6322
1967
809
1491
8423
4942
5389
3216
9002
8296
1456
9975
5592
4542
3723
8293
5045
563
9763
6467
7544
373
203
9788
5403
8702
3591
6927
2489
9623
3078
3707
6959
6506
9627
1506
5711
271
7221
4273
3632
24
9806
8626
7937
904
6628
4528
5624
1290
4346
118
4451
5221
7644
8738
3857
7963
517
7704
4122
3957
868
2823
6440
3849
8628
9344
1569
3664
1011
5374
5973
2524
607
2154
6768
6431
8100
8589
5117
1511
2500
9739
7762
8405
1959
77
3967
5378
9095
5884
5382
1643
6892
4918
3267
7572
6933
4342
9496
7478
6146
1139
8894
7022
5187
1746
1456
7185
3286
6037
9434
806
135
6674
1929
8374
3867
9292
4385
6241
8946
8232
2481
2185
2290
6363
7236
2143
1141
3021
538
1519
436
2646
3964
160
6900
1780
5508
7406
6416
6763
2973
8634
8946
239
3798
7849
2845
405
2471
1463
3387
6385
4684
4862
3554
7108
4144
2146
5231
5030
7042
4027
2407
8408
6807
8189
6093
978
2307
5667
7676
9338
2679
6659
8427
5447
9331
8469
4765
5611
5208
4604
412
7422
1193
2580
2383
900
6218
6152
6124
9746
8387
2096
8941
7203
6403
9665
361
9848
4467
8162
9126
778
7714
2993
9042
4787
9458
2326
4947
4769
7198
9352
9846
3894
8965
6987
5703
5822
2272
1424
9540
8332
7622
8811
7397
6133
9994
5029
288
2758
2805
1261
2279
1800
1873
7401
6769
2747
7082
9056
5660
3070
6203
5155
6009
1783
4061
4132
147
5001
2056
1182
1374
9592
3265
1919
2797
5431
2297
6104
3792
6143
4666
5572
8030
7925
6197
3049
6780
4298
1388
6884
2034
9195
2992
4801
6214
3224
6753
1488
9073
8191
3118
1471
56
523
1769
9028
8715
8450
423
7097
1479
7502
9149
2670
4096
9364
4188
3550
407
5862
2337
2751
4607
1430
7967
3370
439
2134
7475
8698
2767
9968
1016
3718
4942
2065
560
3772
6781
6579
6266
6366
8002
4681
5427
2517
6174
7324
1847
5725
7796
7978
2062
2883
1737
8590
651
3328
5589
1275
5332
4219
3091
1097
8646
9671
5859
1334
1527
7347
4295
3831
6546
9284
8964
355
144
8455
1525
2994
6546
1884
9390
9105
1974
7396
1005
1933
2294
7913
3357
6707
4274
6378
4002
9935
8375
8991
2120
5099
3381
8701
17
8701
3525
1643
9056
3067
1783
4634
9552
7535
605
434
986
8126
3764
885
8710
4815
6602
5017
3763
3563
7728
3461
3524
5136
4019
12
9795
6319
5642
7838
1545
2932
7612
745
9207
4100
2488
8921
3214
5436
7944
3244
2991
3610
9834
4878
3178
8918
6701
1369
4079
1065
5997
6685
4856
4521
255
337
7342
6929
561
9941
1946
1900
3892
2517
1126
8497
3525
635
3471
1697
971
92
7629
1943
5639
1067
3149
620
7328
5917
9642
41
2270
5463
5040
213
9331
6051
9625
2858
5313
3713
7703
9246
7177
7192
5706
9065
4382
6789
7443
6513
6041
997
8405
3238
2685
6388
550
6336
8700
2875
9044
3089
5643
2983
952
8328
9081
9210
9498
4978
159
8437
2201
8795
5555
5631
5371
4407
8245
2108
1410
9643
7569
9195
8492
4542
1254
9164
5254
8090
595
3626
1410
8288
914
5335
8933
9240
8091
6928
8211
1916
6985
9773
7000
948
2750
1
5463
2266
4606
2759
5931
1455
1552
7481
1482
9977
1164
5051
529
3884
8698
5569
2834
9821
4651
1345
528
3403
4057
9412
1014
2895
2906
1816
5206
4799
6060
7653
6951
682
9736
6928
4492
6902
9341
2224
6773
7721
6664
7451
4701
6811
5396
7978
9102
5682
9917
4796
5439
7068
6509
6804
208
9042
4334
2932
740
9591
8686
7301
1928
4804
3314
497
5760
2920
2145
6441
9071
9484
1322
2900
5405
455
3137
7601
1088
6159
9756
6676
1337
8896
4408
5323
1822
4008
4151
5241
8631
4648
3514
1276
5319
6077
5658
5018
1228
9942
5434
7808
5886
785
2330
3513
5325
7
1243
7510
7115
6420
2561
7067
2589
5384
354
5119
4793
1652
4624
4545
9937
5616
8248
8187
2180
4765
1558
5955
7227
7395
3110
4705
995
94
7599
4424
6007
9069
2775
6863
4257
1095
71
4477
6143
6239
4376
2543
7675
9357
7566
3930
5340
8610
3632
2829
8409
189
5230
89
391
5795
2574
8594
7297
848
9981
7086
8435
6452
7858
6436
1080
9430
2613
3450
3493
5484
7336
3471
9070
9692
1240
2496
801
4245
181
9381
5342
110
3691
3930
6223
5821
9014
917
3009
9400
6529
7956
6273
1811
1426
2124
5276
231
1363
8330
932
2153
6734
6437
8879
8885
2264
1753
5320
2108
7738
6366
7277
5967
1112
2119
5269
7380
1668
2517
9604
6668
4509
2241
3177
4922
7717
9489
8937
4692
7228
1557
4658
2864
4729
3791
7397
1200
1387
8366
6450
9592
9451
736
347
8203
8239
8558
1348
2298
6450
9019
9865
9035
3553
5987
5134
8209
7207
5435
4653
4822
8084
2976
6434
5555
8210
6690
4773
5451
8951
4188
3849
3992
4479
6186
7987
120
1215
3736
755
3312
9258
78
7887
813
9250
6506
3178
2190
5974
1980
415
2837
5700
2484
2077
4727
3397
1279
5486
898
9242
7329
8770
4583
1006
7737
1597
276
6245
9682
8601
1530
7155
1540
8798
5411
2760
3794
5254
4036
1805
6092
550
6265
5254
163
5194
3638
446
3261
334
8176
4601
3844
7954
2026
4135
3320
9625
3741
9445
7458
430
3725
3540
4327
1644
2982
6806
2987
5215
7153
1545
4979
3220
3876
6463
8026
1149
3769
7849
2534
9774
2902
9073
9968
1567
9844
6409
5233
1138
4349
7212
4138
7855
3616
5190
6767
1158
9355
128
2105
6882
4309
3344
1917
7355
9958
7143
3076
1998
6960
4485
1330
4874
8411
3739
4811
6703
9955
7509
1945
4163
3693
3345
9715
7438
7150
7262
9787
2284
2150
7155
8088
5536
9078
3098
8710
4968
9708
3553
9189
8068
6855
1495
6178
3707
2496
3696
6131
9583
3970
2018
6902
872
9020
5052
794
4131
2194
5897
789
4794
3254
6498
3215
8705
4596
7040
7719
7048
3602
9798
167
2485
1725
2418
1348
8145
2911
3162
8282
29
415
851
5964
7125
8623
3521
3999
6014
6189
9042
6252
659
9939
5322
5090
3389
4831
2587
5860
5501
3597
3540
8525
3296
4514
4746
7493
2599
3566
1009
8338
8030
1859
1067
4265
4367
5334
5463
3931
3692
7361
4495
5047
9029
8354
3251
7832
7931
9580
5535
4765
1561
9918
6563
8600
4734
9652
5572
8932
3949
7959
2780
2884
4112
2687
4099
8896
7415
2990
796
9940
2389
116
8931
5275
6917
727
9792
9891
4727
5204
5485
3627
9037
5961
5334
6581
2296
3092
6719
9117
3693
4287
5806
126
8383
4417
0
7606
8612
1
224
8453
8287
5201
6807
3265
8665
6142
6006
1268
6865
7605
742
3485
1395
6461
6648
1197
2355
4379
4755
7947
1656
1751
717
4257
4298
726
5166
7644
2262
525
2282
6654
9127
8389
4928
6821
8289
5848
7404
7638
349
8483
6741
2318
9344
966
9168
617
1670
9019
7615
4197
837
137
4285
8127
1695
6849
290
4930
8697
877
5721
2874
3096
6419
9000
5406
1328
2135
1548
3026
6340
1784
9815
5553
8082
3520
6489
7903
8771
811
9772
8983
2088
6764
272
9926
8886
430
255
6618
9124
5883
9356
9445
206
9203
1349
9622
1273
5568
185
7521
5456
7132
5670
1071
2163
9967
7916
1874
4858
4204
9276
3520
2634
8295
8540
8459
9315
1088
8649
759
9253
3196
3947
2936
4080
7891
4473
5533
5783
5606
9003
4110
8584
7842
6253
890
6819
9178
2843
8571
6851
5489
6137
1815
8221
5063
2705
3541
4533
2221
6671
2034
3661
8746
8423
6626
359
2603
8694
9372
6152
9325
3794
1838
3130
6453
4584
3025
4776
6657
2297
8166
6756
1867
9734
1538
6476
6212
9483
9286
7630
577
6616
4069
3270
1692
24
607
8689
7005
1569
4159
9541
4712
3825
8403
2763
8416
4319
4933
9476
6622
7201
630
3215
7205
2391
5641
6371
3086
9092
2533
7789
6905
3518
5033
5158
3530
9640
5666
5163
7416
4217
7773
1675
9428
5447
6003
8544
8634
7847
1995
3632
2573
3385
1624
1477
5006
3873
8138
7952
8931
819
1294
7371
2423
7117
9253
1878
7249
4701
4294
3434
3014
7935
5794
1919
5591
2225
3866
5221
4454
2439
4437
4285
5709
6282
1205
3899
3589
5775
6415
3550
4747
1273
497
7206
1529
4302
6987
7791
394
5937
8423
9219
3442
2721
8319
9353
3450
3960
1640
4549
9670
7799
5961
6597
2237
3334
4079
8961
9957
9645
8231
418
141
1676
5004
1590
848
8544
8740
1371
6231
9298
3081
2083
1084
7110
7854
4858
140
6959
2757
9912
7317
8262
1462
374
6847
9506
1281
293
5644
8407
8692
2959
9224
462
842
6676
8502
3305
7017
2649
9879
7352
912
6477
7206
1099
7281
2274
2369
6904
6489
3883
4723
9917
4796
6180
8465
6467
1752
2651
9974
5808
1367
9960
9280
1625
4538
5820
8951
2571
8
6046
6774
8730
9408
1353
8399
8890
6731
2564
8004
8488
5719
5130
6339
1550
7796
8825
8186
2008
2379
1129
8298
4793
8462
3719
8341
928
4142
1494
2402
5525
6051
7997
7984
9863
4397
686
1323
9593
3121
6767
5517
4170
4270
2891
7336
7772
7694
2542
5548
1315
5200
831
9928
1541
2500
2566
5811
9778
7083
2075
4550
5148
9982
9538
5577
7202
4195
7276
9408
7819
4916
1422
8188
6966
3632
6583
8958
3468
9664
2031
518
2073
4352
1840
9247
2805
3816
5611
924
9252
6993
7780
3
3049
4627
4152
4844
325
7995
2100
5310
6737
1697
1815
9662
3140
3873
6065
8264
751
2330
6712
3783
2147
2535
755
2676
36
1711
3040
1097
67
2761
3259
3739
5011
9994
2112
7397
5033
7307
4942
4880
5756
2553
3393
9513
6313
6688
55
4287
5065
1974
7027
4067
6524
5775
2226
1942
1881
9931
6635
648
5806
3458
4691
1973
4970
8959
4912
1858
1490
8432
2067
7080
8554
3007
8065
9167
280
7041
6436
5263
9130
8661
5354
6977
7270
7680
2440
6189
8820
377
6901
2222
2502
2486
4686
9971
9629
8103
3984
9300
7543
2228
1161
9346
3165
1074
7843
7540
8162
8634
4434
1711
8079
8689
6756
4356
6726
9735
5315
3599
63
5325
7819
6459
5855
3341
8281
527
5309
4516
861
5549
1538
9885
7222
6776
5183
7601
9963
9552
6482
9545
8166
7714
9414
7327
1873
1099
2993
3600
8666
69
978
2211
4481
5652
4951
4797
4000
8954
1043
4749
9206
1608
145
1605
4836
1385
8645
2557
4404
4760
9074
8508
8797
3900
3631
9008
8055
194
9986
3987
8956
7297
978
4134
3099
1220
2822
6109
9875
7740
2240
6319
9418
5791
4462
6030
9788
9495
4814
9318
7589
856
5646
5535
5865
9308
7356
824
2538
1946
6705
2312
8776
9778
4587
1769
527
7868
4346
8363
1418
6126
3807
4605
8368
6295
7970
7871
1295
1171
2450
7411
3362
6508
252
6119
1672
7461
1597
6449
6447
5766
3379
4132
2459
1490
9018
657
8103
9672
3100
5254
2867
8962
2360
127
5589
5177
4040
1883
5359
7342
7011
4866
82
8528
5312
9263
2606
6621
967
140
9434
9499
4383
8772
1704
6334
5545
5647
8482
7216
6400
5405
9752
5014
1905
1743
8039
234
9065
6222
4784
8330
5410
7295
4826
6365
1206
8207
9117
4053
9404
2933
8834
2383
9455
1702
9671
7056
2669
2186
7108
2931
4111
8189
1285
2018
3712
8337
5291
5131
2841
2142
5454
9062
6503
3881
3730
6286
1013
4139
3219
973
8087
3211
8171
8613
3682
2904
4927
4145
9042
861
5308
7774
1636
2776
5665
106
430
6706
4823
9664
379
7367
9710
680
6614
4298
8089
6418
1190
7007
6822
9401
2683
3209
3110
8106
1226
5739
2987
5618
4196
2766
69
5987
7841
1590
6844
7857
4167
4947
6995
5215
131
2664
2054
9230
8130
2622
2023
7630
327
1739
4620
9548
3562
2589
9467
4177
6581
1081
2723
2373
7794
1512
8789
3117
7370
4310
1224
4068
4479
8695
5305
4266
2844
8488
7022
1432
4312
2360
1916
6766
6478
8937
1744
1780
8684
959
6428
4276
4036
3929
4849
9314
967
9460
9680
1112
9383
7629
7699
5420
2742
1239
5363
1279
5865
8524
7244
999
880
6740
2382
4556
909
5773
6052
6963
6521
8690
8350
201
9206
942
1272
3481
3726
9129
4136
8514
3277
8552
8442
4966
9011
9374
5098
3863
6916
5243
6239
2413
8774
2443
3577
633
3491
2317
8214
4320
6218
4789
3651
7741
6021
2355
5535
9841
5720
5128
5966
5374
7828
1716
6446
9176
1677
6928
5917
8893
2938
6141
3988
8430
4754
7643
609
838
8773
9388
7921
7034
4272
1078
1322
8797
5954
651
1391
9516
1675
6063
8861
8450
1345
8266
4955
4304
6370
2115
8126
2981
7065
5852
894
3953
3317
7876
3167
1423
2456
9594
9535
9018
2576
9358
3022
5740
1852
1872
8147
7030
7145
6896
3288
8171
6238
2495
4894
6195
7402
2226
2382
5928
834
8747
6716
1743
4897
5765
5844
1072
7535
3020
3650
3802
7176
2529
9594
7508
5817
9581
6573
9434
5512
5055
9436
5603
644
3108
9375
3018
5776
1695
1834
7141
2024
1945
7523
445
4857
7189
2015
2700
2544
3755
2384
6859
6353
952
9324
4806
6832
351
5329
5628
9649
3945
1922
1762
4291
9613
5231
3117
6461
5501
3300
6775
8410
1010
7303
877
2994
1662
6813
5671
6120
5900
3883
2313
740
9601
681
951
893
4116
3839
6241
9788
6303
7443
2677
6548
9433
3347
8596
6787
9487
6220
9756
3736
4649
6020
2390
7050
2274
4149
9511
9927
1939
8490
6025
7615
1956
1135
7797
1500
7970
866
3551
694
9025
7307
6424
1668
7698
9865
7338
9340
5166
8015
1549
5061
9655
4381
5449
3002
8355
2698
9298
8286
1222
5548
1025
4224
1100
5209
9037
5472
7437
7874
6071
7164
4816
3343
521
4654
6343
7523
2280
3732
3751
5925
4400
9392
8009
1875
1771
5097
5729
7804
4971
307
5493
1174
514
4077
750
3088
653
9404
9412
2619
6501
5184
1850
6006
3088
4392
6638
5834
1554
2193
6294
3318
7454
4175
6839
2515
9797
2952
5964
8183
3531
4586
6886
5056
801
542
3656
6085
150
0
3012
8775
1874
4078
3553
9664
1429
6277
8178
8979
2706
4688
9289
4922
7445
6518
4370
5287
9142
9102
1799
5431
905
8122
3561
9696
9780
7163
8402
2119
3788
3977
9815
5370
9776
3676
512
6820
5085
9903
8531
4492
1706
3895
774
4614
2585
9411
9182
9146
8352
425
6570
4202
7741
399
2272
5494
3499
7806
8037
7098
3060
7992
3794
8766
2482
3828
7448
9606
8286
6150
7834
7776
6414
7093
9532
6449
2239
2436
4715
9779
5152
2451
6331
539
9927
6091
3425
7655
7121
8527
2245
8481
9273
4298
6188
7107
6355
8969
9102
9975
921
1949
1457
7406
3429
3282
7309
8131
3735
8220
428
820
5244
5198
6274
4437
2347
6588
2323
6556
731
8349
3327
3403
1576
6622
2101
5241
5022
3880
9021
8030
2308
2091
5674
9567
9942
4011
1340
8017
415
8697
2632
6124
889
562
6200
6944
8288
2812
6218
7237
9895
7513
6120
3450
4609
4209
1775
2836
1090
6935
1390
3518
2595
3721
470
5016
9747
3228
9632
9567
9324
6446
2611
4759
4628
5888
363
5616
8523
2169
5453
591
3676
323
5379
7626
7480
3705
4297
1265
7633
9015
5140
6985
2838
5738
7741
4323
9331
9270
3897
6669
3854
9345
7632
2861
9858
2083
1744
1832
5992
8510
3763
9341
4370
4100
1992
1079
2225
9971
5098
262
2331
4376
4934
1713
5661
312
2353
5808
5513
7538
3637
9854
9300
3906
5768
3643
5091
197
4564
4574
9501
8658
5435
4063
2482
2660
1899
4081
4808
8391
170
9409
2009
1840
5713
208
181
3248
8784
5172
2652
9227
8807
8344
1888
6105
2626
5470
732
8305
2335
257
4354
4333
9610
6319
6304
9982
1007
3229
6632
2988
5520
1119
3697
9361
8122
6878
3113
1276
5943
3895
4699
5541
35
3996
2289
7265
8003
250
522
5730
3513
7546
9229
3684
1002
6859
5940
7868
371
8247
2325
1893
8867
7263
6383
8241
8841
164
8128
6457
9470
420
4934
8262
3586
127
8923
6015
5760
9855
2631
1939
6159
6846
5611
411
6372
6552
2750
1474
5939
5031
557
3288
2766
8402
2074
9855
1920
565
3202
5416
7826
5987
4586
4071
8817
6099
5821
5685
9095
1763
3308
6582
5367
2067
2362
7195
209
1784
5196
3912
8291
8128
3272
2286
4289
3936
3369
2848
2256
1530
3337
2614
149
9535
9129
2554
4011
2155
979
9469
7141
6993
2130
1687
8331
8494
2064
1536
8927
2852
3347
8859
6768
2000
2191
2282
847
6338
9968
1045
3485
7006
4323
1279
2173
2189
8610
7609
8071
9424
9574
7397
1525
9889
938
7714
6429
5629
6177
2803
6762
2771
6743
8108
7066
1267
4786
5027
4634
9983
5573
936
5911
6402
9652
2314
8289
5428
2794
7904
6018
968
6393
7873
2537
2683
7976
3664
7524
9398
8247
1102
5822
6641
1439
9332
4466
4888
8161
4735
1294
6968
454
2540
4299
8724
9577
6246
6544
216
7051
4079
6343
4028
1331
423
4093
213
8745
8829
3006
2725
2594
6512
3856
7208
6867
2422
9266
3579
7269
3523
5309
5724
2476
3992
9211
2253
311
8965
1257
1617
3603
2423
5612
5849
9214
1596
7013
3642
8324
8223
6324
9579
2403
479
921
6000
7376
655
8399
9038
5333
7036
5709
7528
2431
4139
1720
8490
4044
2566
9008
3888
6304
5330
9755
2028
3385
6216
310
5544
9732
2287
8416
8111
2672
7624
6741
7871
6248
9933
7990
717
5558
2736
4022
9926
5608
5731
2378
2437
6306
6203
1715
6725
9552
7657
6542
5692
9114
1557
8905
393
7047
1296
1496
3917
5051
3055
6301
9077
6644
2716
9890
9765
9409
5764
7994
4863
3907
9417
3968
6108
8236
8767
4416
6699
5839
5365
4344
3494
7996
3398
7264
8842
3516
813
1056
8375
631
9410
984
8015
5859
1282
3996
684
8344
4487
8385
1793
4682
31
3562
2738
4774
6081
3913
3500
7606
4900
3942
4537
4757
1726
3266
3783
213
2921
9169
2083
4064
562
9688
2602
7089
6495
7734
5093
9969
3354
5399
8031
5917
2997
1470
9791
2581
3944
2570
6246
4597
53
7004
5127
7133
2069
9729
2384
8715
4103
8172
4862
649
5575
4847
9374
9682
2026
4114
5672
8577
8382
5190
5472
310
5295
7102
4662
2522
1101
3010
9721
3589
8047
979
7563
1261
3627
4577
7329
7357
873
8732
1423
84
6474
8357
9316
4225
8588
3654
9509
2765
3133
4392
7657
5273
3633
4157
9724
4158
7415
777
5012
9606
2622
4349
5582
9678
9427
4586
3690
2819
6267
636
5737
3679
5967
8208
1244
2924
645
3604
7646
1597
2516
9149
1090
3896
728
2031
6830
5049
788
9907
280
9106
4976
1114
1731
8288
5275
9223
2243
9247
8130
4880
8729
4872
2361
8104
8566
172
1503
3272
9761
8653
6254
1800
7435
1419
3911
3020
6177
2199
4707
4941
395
7224
1678
7962
8567
1920
4987
8747
1557
9758
7713
5690
9071
7937
430
8479
9099
7871
1165
4823
7681
1822
1025
5803
2824
7291
4163
9139
5388
3353
2546
5832
3188
6634
1858
8619
8772
1555
3775
6222
4470
8874
4315
4270
1182
5365
2764
6601
2171
2736
404
9612
9684
5005
5736
323
8664
5843
4588
3009
2327
7589
8978
8847
7852
1820
3195
4412
1216
2680
1536
2555
4812
1252
2094
9009
5842
6295
1217
3455
6337
7259
80
7574
6660
4268
7307
20
126
1476
3467
7435
8479
9937
779
9253
2027
5373
6752
5838
5562
2656
9004
6764
712
9583
5454
7978
7691
2314
6990
996
7247
5120
5345
120
5593
1284
3099
8430
8232
9936
8627
8739
2363
5639
5241
2309
6875
5381
9722
5022
6963
2565
1585
3089
2940
4154
3543
5847
5610
3087
9497
5354
9510
1619
7945
7373
6535
1387
1618
6245
6146
8968
2022
8572
5489
7500
9948
5753
3606
1712
3886
768
4886
9135
3567
7178
4690
3993
5731
9033
7811
9301
7526
7299
4659
4024
6803
6146
3849
7695
4162
752
3186
4054
8620
8541
7439
4524
7561
757
9978
4852
8705
6781
9549
8311
1774
7985
9146
3553
4325
2201
9119
6205
6326
1090
3777
8325
4428
4256
3066
3500
7208
6317
744
9391
8605
4173
1654
3209
4987
4967
3360
7857
9625
3725
2671
364
9517
6545
343
9651
4779
6231
5387
4219
1503
6951
1531
2478
3830
1455
3657
2632
7752
3661
7472
6248
8961
6089
8179
6816
6707
7202
1436
1792
84
6862
4155
9370
749
9940
4935
9538
5305
4119
4238
5229
1449
3476
2199
3878
8865
7218
3839
4574
4
2266
2664
5278
4214
3961
4496
1455
1007
7132
5277
152
2663
5379
7707
1517
3395
2792
2411
5235
9928
1744
6244
6068
7180
5730
5362
1037
6197
6226
4370
2139
7989
9759
8402
5586
68
8548
2705
4148
1180
1255
9551
9623
7995
1030
8989
2230
3732
1765
6710
8239
3094
2916
6414
649
8988
5722
1804
2275
7199
3480
3034
2680
1830
6360
1843
6122
8539
4816
1738
928
3032
4241
9632
9282
2424
7590
1539
4131
9465
3861
512
5371
4878
911
8723
4207
1817
5909
1333
1493
1201
233
7926
8041
8639
3203
696
7588
1213
1521
9590
3747
2151
7779
2303
6269
3344
4341
6742
6677
911
3187
7631
7538
4582
201
2059
7967
5522
7056
6834
114
9067
9824
9008
7258
682
6138
950
7604
563
7447
4878
1369
8781
2471
80
4940
1317
997
8181
2776
4130
5718
804
3863
3839
289
7830
3298
7139
3006
4474
9178
1011
4912
4378
1008
5539
8703
8063
2314
4628
1890
8447
4084
114
9358
6821
5119
4611
1971
8426
6249
2433
6488
1459
7655
7466
1868
6522
2999
2490
9426
8372
6263
3194
5579
8790
4665
9602
1456
9181
1496
4187
2496
5207
5957
4483
6307
8187
1384
6069
7087
1149
1589
3837
5989
9080
426
4738
2616
450
8002
1379
8695
650
8168
9142
4211
5061
1586
1555
8163
6006
7179
1404
9270
4550
2052
3665
485
8682
9039
5328
4713
3222
6311
3033
5770
7482
5465
3335
5943
669
2067
2226
3176
5162
7561
607
5142
3811
699
8698
8869
6973
5668
4531
8260
7699
3915
6190
9459
9261
3850
5683
4194
3965
4918
4508
5953
4548
6712
5941
3864
3127
4991
7868
4047
1660
8371
8734
591
8491
7690
9738
8465
669
1822
7119
5371
3185
9707
4056
3048
1216
8559
5532
7557
4194
9582
3668
7511
946
424
9293
7733
3941
9749
7923
7870
1229
1113
2991
167
5618
503
5260
5425
7213
7538
123
8750
8183
6369
531
9229
4772
8196
8262
7846
8340
9673
2105
4669
6250
7732
828
2760
5349
4023
4695
15
9034
4344
6589
5236
1035
8233
7683
2087
1259
7436
7635
3778
2088
8034
2035
4996
5209
4644
4331
2499
4980
1993
4913
637
1380
2870
2551
3814
7633
5498
8663
1471
3674
6875
949
1486
8748
1119
1683
3900
2724
854
4431
2972
2394
4382
1219
3404
7020
4360
5817
2029
6285
2405
869
4978
4389
2489
35
9542
4654
6010
2694
3635
7569
8128
45
8473
2452
283
5867
9229
6260
2813
5528
4504
5257
3389
7845
2428
5023
4783
9830
4652
1375
6858
1653
962
4084
1631
5495
3201
191
451
9210
1445
927
8748
4790
4107
4251
4105
5501
3079
7804
3500
7972
4286
5822
8062
6130
5574
4311
3498
2007
3967
2320
8746
7
586
5760
4871
5198
1268
8119
8393
941
6064
2194
8429
1619
8583
8709
5007
4132
5529
8240
6932
1034
5806
4709
702
9370
5121
4817
181
3606
6365
52
4416
6157
2795
1204
2201
9559
5876
9136
8716
7396
3001
6382
5611
6188
8073
4300
1220
2967
3199
7313
8174
1526
2882
5820
8277
4148
4589
7556
7063
3140
6376
9784
5815
4910
4525
7691
5325
160
4720
6440
4918
470
5486
367
9487
9459
575
8509
690
8205
3899
2212
51
3603
9902
3419
5941
3092
7500
3972
3091
2415
4883
5649
1761
7153
130
6855
4763
4429
3935
5635
7884
9320
1308
7384
8349
2419
1486
1803
3039
5134
6128
7609
431
3316
6546
7559
2173
5456
6868
3314
5570
7108
9023
5220
5836
4623
9858
8738
6997
4157
8930
3474
3792
8290
2277
7564
8653
3805
6427
8172
3377
1384
9143
4849
9914
6136
9167
5655
8229
1080
2374
252
2246
2971
1683
8672
1525
2126
1654
9901
2004
485
909
9612
3523
1617
7308
5765
5094
9458
8803
5588
9221
5881
5160
559
93
8333
8605
5820
6047
9050
251
2639
9980
5731
2805
5617
2130
3425
8522
3950
5540
7327
6308
7704
8145
8161
731
8328
821
4761
845
1463
8199
937
777
1277
8534
7074
9712
7194
8823
8033
7997
851
114
8717
3891
5762
2295
2802
6169
1385
8941
4160
9473
9831
3006
2493
9852
8109
4748
6919
6713
1771
2368
9865
7863
329
6620
8199
1880
4461
3473
9130
4966
5756
9318
8816
7239
8725
6322
8550
720
2064
6138
9595
2339
4450
7852
737
9564
3704
5013
4242
5892
1096
1805
7754
3016
8777
9521
8197
3560
7585
3004
4236
2052
4866
3182
3866
4348
8308
2180
9400
5273
5677
3700
7897
5019
2470
7926
1421
6055
4639
2952
9805
6197
931
3001
3354
568
2598
8613
864
1255
596
7730
1615
2674
5958
7476
152
9143
6532
8748
142
2082
3919
6779
5868
9088
8537
7355
4150
4990
9885
2538
1585
340
4017
7895
5762
3227
8474
4462
5781
8389
9948
8893
6487
8062
8299
2131
6949
6201
4346
2915
6770
5474
5497
7764
6780
9356
3711
6963
8363
1329
8740
3987
1267
8911
5456
1029
5982
7948
8301
4970
1289
1514
7504
9396
2095
5174
8947
1268
1214
6475
6491
7137
7156
7603
2544
8454
1428
7089
9075
6929
4904
4110
8133
6448
562
9934
2717
6174
9860
637
6391
3412
2545
1495
1241
4303
6493
4999
9402
2385
328
4575
5427
7428
6293
2417
7509
9820
6988
6433
8141
6730
5949
1004
2942
1010
4823
6139
8594
7612
4408
4374
5185
5863
2820
5502
2647
6626
3262
7073
7189
6195
9935
5453
1034
1370
8211
1263
5301
6704
3957
1845
834
895
5109
4053
2144
8481
5776
3166
7360
9774
2296
3199
2017
6375
6968
5376
3697
119
2606
4874
6917
87
5053
9752
3275
9676
5122
6452
1359
353
8082
5167
6632
3056
4689
2875
1142
1459
2906
342
5625
2466
133
7847
5291
388
5997
9763
9430
6198
9017
4099
4164
6996
9238
5684
1929
9714
4280
7221
9390
9184
8834
65
7056
3243
2905
1716
1295
3619
7891
6037
6413
7577
123
358
465
4119
7883
7810
3670
8779
8193
8571
1803
4203
1926
2082
7436
572
7605
4049
5872
9313
9709
4879
5304
5529
8132
6663
1295
4446
1113
1073
6438
899
9263
3901
8324
1209
1188
1968
6510
8551
3079
1166
7526
2777
6903
2386
7496
9200
6707
5337
810
8250
6758
4939
9156
6410
2221
1546
6771
4340
3787
9053
7996
2148
7985
120
1739
359
6829
1570
2533
638
5030
76
4314
9858
4867
3960
6294
4478
7982
8256
8800
3271
2027
276
4133
1941
9372
1302
143
4921
9444
6457
4794
7122
5886
7232
537
4907
4172
9627
9996
4777
8072
469
8800
851
936
7064
7755
7317
2713
6418
8820
352
4641
3017
8139
3420
5345
2143
9404
5618
4019
4731
4929
3420
4635
8152
9423
4766
9078
4132
7828
8008
8577
2298
6103
8058
63
1954
6127
5059
7032
1406
6043
3661
376
4566
3846
5392
1024
577
4324
5123
9908
1718
6819
4928
8514
5447
82
4374
9357
4302
9766
8677
326
456
1480
5300
9584
6946
8187
1415
3157
2316
5775
6596
5178
5338
3762
5077
4622
9579
792
8445
428
1378
1459
3795
2178
2346
6035
844
2727
1417
6313
6129
6743
1155
8769
1103
2391
2033
6194
9100
9722
1813
5805
4390
8532
9694
9613
2292
7187
9728
7395
5523
8912
4033
6015
6282
5615
4776
3064
422
4979
749
7640
4208
7189
9351
2961
9165
319
1409
4014
4553
2963
5114
5372
9761
8735
139
4524
5496
7723
9594
6855
4111
3396
1967
9355
1917
5977
16
1137
7755
1298
5866
3760
5917
8583
8051
2676
6639
8941
5253
9160
5583
2317
5956
2506
1105
6961
9200
6075
1721
9857
620
1441
6228
2428
9403
9236
7699
5048
424
3969
7544
566
6952
5110
2539
9728
4008
1048
6101
1592
1028
3268
1749
8698
2018
7361
1570
8110
6504
2775
6055
7613
4288
2002
4397
4454
2263
4441
3059
5844
736
1967
2557
4938
248
6586
9522
3748
1402
8460
9851
3234
223
5267
8568
6988
4093
324
9661
5200
4282
4499
6505
8874
5615
8437
8067
5709
4213
2860
3620
4741
5116
9286
8218
264
3829
1760
6107
9518
7143
7487
3807
2203
2485
5482
2317
2264
8749
1410
4129
6657
816
2962
2626
5275
3732
7067
763
8046
253
7589
4932
9723
6748
6273
7416
5386
4137
2907
8850
4349
5560
4811
6544
8085
8914
255
8780
2568
1295
9732
8963
4102
351
5967
6161
7918
5331
1642
3680
9763
6181
198
5100
4658
3256
3201
8742
2908
7134
5867
9980
3999
8988
2890
5737
749
4783
1687
7592
2512
4214
2234
5041
7626
3972
6300
41
9414
2248
7359
280
195
1708
2767
8511
2724
46
9465
7221
1574
3025
5793
5723
8190
2180
3343
5408
6067
6170
4213
1324
3396
1264
2229
7065
2372
4500
9497
6024
4302
5164
269
5575
7461
5350
5441
2285
6258
4743
7952
5035
2591
6937
6431
1357
7081
3137
6423
3883
1532
5716
3398
2350
7118
6505
6351
5756
4180
5059
2717
3083
7450
2585
4387
9212
468
9758
1929
2270
5253
3605
3521
8347
545
1057
3805
8049
71
252
7179
2604
1042
8318
2674
4348
6307
4261
3067
1996
9720
4335
497
7813
5502
3082
2365
9001
1258
3511
3327
8397
3689
5479
665
9722
7499
1520
4808
4871
7562
8266
8078
3811
8967
3365
1791
7504
4123
2854
4052
8636
8707
8573
1170
6404
9709
5799
9883
8875
5200
204
5897
1421
1318
553
8555
3676
2972
9766
6464
132
9552
8194
5730
4565
7194
2537
2177
9001
1015
259
6479
7833
9118
3799
4050
467
9510
7412
440
8235
5616
7062
4689
5359
9409
4221
2834
9511
5335
8796
2006
2581
7266
3287
5996
4467
929
2085
6107
6551
3635
1127
3023
8517
8369
2406
7030
5492
4897
2493
46
8453
1026
8016
6504
8699
6964
1290
8225
938
2413
635
8958
1774
1288
6196
1049
9374
6331
2113
3266
3449
9604
9634
3979
4794
9127
7318
9493
5515
3587
5655
4322
6969
9571
4373
6116
216
4678
9635
212
5899
9781
4692
4586
1758
1432
9955
4510
8298
7452
9490
5385
868
6581
4589
3345
8450
1839
1327
2859
8172
610
5597
3911
1586
6307
8030
2744
9013
8723
3739
8842
107
3796
1211
7514
6765
5299
4156
6018
2579
2823
1004
1639
6589
9783
4245
951
4475
7054
8098
6385
5445
526
7105
1638
2950
4255
385
1918
7734
4699
6754
866
7315
4907
8262
6640
5629
7030
2778
5619
7751
1795
7320
5759
1738
7315
9696
2177
3315
1055
3136
5683
6386
288
6233
8557
7107
7807
1646
9644
1164
9372
4384
2295
3242
2642
49
9679
1757
1221
13
8705
7964
8027
1626
1436
7190
5721
3149
9350
700
1083
2880
889
7062
3756
2809
1004
7457
7253
7784
6766
3332
9464
2356
8589
6042
5194
4078
9643
9771
8968
9994
69
2214
9402
9922
7523
8199
3363
2385
1833
7390
9629
9403
6
6645
4127
42
3761
2994
5192
975
3684
3488
9076
1096
1452
1955
1583
7927
1142
4740
8027
8751
8618
9029
8861
8303
8556
9628
5557
3584
9520
5927
2030
3002
9222
8555
8036
4313
1123
9332
8538
2897
7247
8470
368
5238
4688
9174
1105
7845
3949
961
888
862
9844
272
3500
4525
9270
295
1230
6302
7260
491
5585
8331
2032
6543
9068
7079
359
